Date,Close,High,Low,Open,Volume
2023-10-04,77.80000305175781,80.62000274658203,76.3499984741211,76.66999816894531,8358300
2023-10-05,74.44999694824219,76.98999786376953,72.6500015258789,76.0,15351900
2023-10-06,77.9800033569336,78.47000122070312,73.04000091552734,73.04000091552734,7781100
2023-10-09,74.61000061035156,78.0,73.73400115966797,76.6500015258789,7000900
2023-10-10,75.0,75.51000213623047,72.5,73.95999908447266,5385600
2023-10-11,74.47000122070312,76.55999755859375,73.61000061035156,74.44000244140625,4602500
2023-10-12,74.2300033569336,75.30000305175781,72.75,73.75,4668700
2023-10-13,71.8499984741211,73.98999786376953,70.47000122070312,73.62999725341797,5286500
2023-10-16,74.20999908447266,74.83999633789062,71.62000274658203,71.62000274658203,4555000
2023-10-17,74.4800033569336,75.125,73.01000213623047,73.12999725341797,2584900
2023-10-18,72.44999694824219,73.93099975585938,72.27100372314453,73.5,2959800
2023-10-19,70.29000091552734,72.73999786376953,69.94999694824219,71.81999969482422,2867400
2023-10-20,69.93000030517578,70.77999877929688,68.9000015258789,70.4000015258789,3151500
2023-10-23,71.9000015258789,72.47000122070312,67.6500015258789,69.30000305175781,4089800
2023-10-24,72.01000213623047,73.70999908447266,71.79000091552734,72.29000091552734,3432200
2023-10-25,70.79000091552734,72.33499908447266,69.77999877929688,71.30000305175781,3298200
2023-10-26,70.0,72.2300033569336,65.51000213623047,66.33000183105469,3537100
2023-10-27,67.98999786376953,69.44000244140625,67.75,68.63999938964844,3412000
2023-10-30,68.36000061035156,69.33000183105469,67.41999816894531,68.4800033569336,3393700
2023-10-31,69.0,69.7300033569336,67.6500015258789,68.91999816894531,3370700
2023-11-01,67.51000213623047,69.19000244140625,67.47000122070312,68.16000366210938,2503500
2023-11-02,70.27999877929688,70.54000091552734,66.69000244140625,68.0,2848700
2023-11-03,70.80000305175781,71.08999633789062,69.05999755859375,70.47000122070312,2225900
2023-11-06,68.26000213623047,70.06999969482422,68.08000183105469,70.05000305175781,2855000
2023-11-07,70.06999969482422,70.25,67.36000061035156,67.75,2133600
2023-11-08,69.80000305175781,70.31999969482422,69.55000305175781,69.80000305175781,2053800
2023-11-09,69.62999725341797,70.31999969482422,69.08999633789062,69.08999633789062,2020500
2023-11-10,70.55000305175781,70.77999877929688,69.13999938964844,69.30999755859375,1645300
2023-11-13,72.9800033569336,73.19999694824219,70.18000030517578,70.27999877929688,2964300
2023-11-14,73.62999725341797,74.0999984741211,73.01000213623047,73.8499984741211,2814500
2023-11-15,73.91000366210938,74.63999938964844,73.01000213623047,73.47000122070312,3437100
2023-11-16,70.87999725341797,73.05999755859375,70.58000183105469,72.73999786376953,2446600
2023-11-17,70.98999786376953,71.37000274658203,70.05999755859375,70.9000015258789,1500400
2023-11-20,70.76000213623047,71.3499984741211,70.58000183105469,71.0,1814300
2023-11-21,72.30999755859375,72.80000305175781,70.47000122070312,70.80000305175781,1767600
2023-11-22,72.94000244140625,73.83000183105469,72.33999633789062,72.80000305175781,1906300
2023-11-24,74.01000213623047,74.12999725341797,72.2300033569336,72.66000366210938,823400
2023-11-27,73.5,73.98999786376953,73.0,73.81999969482422,1649900
2023-11-28,73.31999969482422,74.53900146484375,72.8499984741211,72.92500305175781,2062100
2023-11-29,74.22000122070312,75.25,73.23999786376953,73.4000015258789,2519200
2023-11-30,77.25,77.62000274658203,74.69999694824219,74.69999694824219,8454100
2023-12-01,76.51000213623047,77.16999816894531,75.97000122070312,77.16999816894531,2039400
2023-12-04,75.77999877929688,76.91999816894531,75.48999786376953,75.97000122070312,1625800
2023-12-05,75.55000305175781,76.13999938964844,75.21900177001953,75.4000015258789,1411400
2023-12-06,75.83000183105469,76.48999786376953,75.0199966430664,75.55000305175781,2001200
2023-12-07,74.62999725341797,76.29000091552734,74.62000274658203,75.80000305175781,1296000
2023-12-08,75.43000030517578,75.6449966430664,74.2699966430664,74.5999984741211,1131300
2023-12-11,76.81999969482422,77.36000061035156,74.6500015258789,75.0,1649000
2023-12-12,77.44999694824219,77.87999725341797,75.77999877929688,76.37000274658203,2329300
2023-12-13,77.73999786376953,78.7040023803711,76.30000305175781,77.16999816894531,3854100
2023-12-14,79.33000183105469,79.72000122070312,77.62999725341797,78.51000213623047,3231000
2023-12-15,78.8499984741211,79.93000030517578,78.02999877929688,78.87000274658203,6727600
2023-12-18,80.83999633789062,80.91999816894531,78.43000030517578,79.19000244140625,1955000
2023-12-19,83.44000244140625,83.62000274658203,80.98999786376953,81.5999984741211,2902900
2023-12-20,80.63999938964844,83.88500213623047,80.62000274658203,83.55000305175781,1704100
2023-12-21,81.12000274658203,81.9800033569336,79.80999755859375,81.31999969482422,919300
2023-12-22,81.63999938964844,81.79000091552734,80.02999877929688,80.63999938964844,712700
2023-12-26,82.12999725341797,82.33499908447266,81.38999938964844,81.69999694824219,700200
2023-12-27,83.22000122070312,83.5,81.9800033569336,82.13999938964844,1018100
2023-12-28,83.04000091552734,83.44000244140625,82.2699966430664,83.0,799300
2023-12-29,82.26000213623047,83.36000061035156,81.86000061035156,82.83999633789062,675000
2024-01-02,81.0199966430664,82.0,79.94999694824219,81.0999984741211,1129600
2024-01-03,78.05000305175781,80.9000015258789,77.75,80.5999984741211,1198300
2024-01-04,76.61000061035156,78.27999877929688,76.56999969482422,77.44999694824219,1388500
2024-01-05,76.9000015258789,77.63999938964844,76.25,76.61000061035156,1899300
2024-01-08,77.51000213623047,77.83999633789062,76.47000122070312,76.47000122070312,1555800
2024-01-09,76.73999786376953,77.57499694824219,76.72000122070312,77.5,2100300
2024-01-10,76.43000030517578,76.7300033569336,74.99500274658203,76.4000015258789,1625000
2024-01-11,76.08000183105469,76.58999633789062,74.95999908447266,76.4000015258789,1020100
2024-01-12,75.76000213623047,76.41999816894531,75.0,76.20999908447266,1066100
2024-01-16,74.55000305175781,75.27999877929688,73.91000366210938,74.36000061035156,1342700
2024-01-17,75.87999725341797,75.9800033569336,74.2699966430664,74.47000122070312,1469100
2024-01-18,76.01000213623047,76.58000183105469,75.02999877929688,75.83999633789062,1253400
2024-01-19,77.55000305175781,77.68000030517578,75.87000274658203,75.87000274658203,1280800
2024-01-22,79.69000244140625,79.76000213623047,77.5,77.66000366210938,1496100
2024-01-23,78.88999938964844,80.5,78.86000061035156,80.5,1202800
2024-01-24,76.26000213623047,79.5,76.22000122070312,79.5,1338600
2024-01-25,76.69999694824219,76.94000244140625,75.98999786376953,76.44999694824219,1081000
2024-01-26,76.98999786376953,78.0999984741211,76.44000244140625,77.06999969482422,997600
2024-01-29,77.9000015258789,77.95999908447266,76.05999755859375,76.62999725341797,1044100
2024-01-30,78.33000183105469,78.37000274658203,76.82499694824219,77.73999786376953,1199100
2024-01-31,76.69000244140625,78.5999984741211,76.61000061035156,78.33000183105469,2405800
2024-02-01,76.79000091552734,77.12999725341797,75.16999816894531,76.75,1508000
2024-02-02,76.83999633789062,77.12999725341797,75.33999633789062,76.69000244140625,1069200
2024-02-05,75.7699966430664,76.61000061035156,75.48999786376953,76.06999969482422,1323400
2024-02-06,77.62000274658203,77.72000122070312,75.05000305175781,75.20999908447266,1552900
2024-02-07,81.16000366210938,82.95999908447266,79.4280014038086,80.23999786376953,2520300
2024-02-08,82.55999755859375,83.88999938964844,81.5,81.7300033569336,2085600
2024-02-09,82.12999725341797,83.55000305175781,81.98999786376953,82.56999969482422,1319500
2024-02-12,83.5,83.79000091552734,82.04000091552734,82.52999877929688,1681800
2024-02-13,82.19000244140625,83.77999877929688,81.22599792480469,81.91999816894531,1068900
2024-02-14,84.22000122070312,84.45500183105469,82.9000015258789,83.04000091552734,1414000
2024-02-15,86.58999633789062,87.02999877929688,84.31500244140625,84.69999694824219,1767700
2024-02-16,86.08999633789062,86.69999694824219,85.80000305175781,86.41999816894531,1486200
2024-02-20,85.7699966430664,86.13999938964844,85.01000213623047,85.1500015258789,1534400
2024-02-21,85.36000061035156,85.54000091552734,83.33999633789062,84.16000366210938,869100
2024-02-22,85.94000244140625,86.58499908447266,85.69999694824219,86.04000091552734,1006600
2024-02-23,86.70999908447266,87.40499877929688,86.36000061035156,86.41000366210938,1152700
2024-02-26,86.30999755859375,87.44000244140625,86.16000366210938,86.77999877929688,893800
2024-02-27,87.79000091552734,87.87000274658203,86.78500366210938,87.58000183105469,1836600
2024-02-28,87.56999969482422,88.80999755859375,86.8499984741211,87.58999633789062,1064500
2024-02-29,86.41999816894531,87.9000015258789,86.01100158691406,87.9000015258789,2953400
2024-03-01,86.76000213623047,87.04000091552734,85.69999694824219,85.69999694824219,816800
2024-03-04,87.73999786376953,88.44499969482422,86.88999938964844,87.2300033569336,1522800
2024-03-05,88.5,88.79000091552734,86.83000183105469,87.37000274658203,1683500
2024-03-06,88.87000274658203,89.62000274658203,88.08000183105469,88.81999969482422,1298400
2024-03-07,89.31999969482422,90.5500030517578,89.19000244140625,89.2699966430664,934500
2024-03-08,89.26000213623047,90.51000213623048,88.87999725341797,89.44999694824219,698900
2024-03-11,88.76000213623047,89.16999816894531,87.33000183105469,88.87000274658203,1085500
2024-03-12,88.43000030517578,89.56300354003906,88.4000015258789,89.33999633789062,1316800
2024-03-13,89.0999984741211,89.6050033569336,87.88999938964844,88.4000015258789,1281100
2024-03-14,88.2300033569336,89.13999938964844,87.66000366210938,88.93000030517578,1124700
2024-03-15,86.5,88.2699966430664,85.9000015258789,87.01000213623047,5058400
2024-03-18,87.02999877929688,87.68499755859375,86.71499633789062,87.45999908447266,2674800
2024-03-19,87.44000244140625,87.7300033569336,87.0,87.31999969482422,1697500
2024-03-20,88.12000274658203,88.62000274658203,87.2979965209961,87.37999725341797,1736100
2024-03-21,89.9000015258789,90.3499984741211,88.43199920654297,89.1500015258789,1733500
2024-03-22,89.45999908447266,90.69000244140624,88.95500183105469,90.69000244140624,1495400
2024-03-25,89.4000015258789,90.0,88.9000015258789,89.30000305175781,1350800
2024-03-26,89.26000213623047,90.19000244140624,89.1500015258789,89.55000305175781,1518800
2024-03-27,89.73999786376953,90.62999725341795,88.73999786376953,89.55000305175781,1395700
2024-03-28,88.66000366210938,89.8499984741211,88.62999725341797,89.76000213623047,1546500
2024-04-01,87.54000091552734,88.66000366210938,87.30999755859375,88.58999633789062,1172600
2024-04-02,86.58000183105469,87.30999755859375,86.55000305175781,87.30999755859375,1424200
2024-04-03,87.25,87.79000091552734,85.91000366210938,86.44999694824219,3038000
2024-04-04,86.69000244140625,88.12000274658203,86.5999984741211,88.12000274658203,1543300
2024-04-05,87.08999633789062,87.58000183105469,86.58999633789062,86.95999908447266,1993800
2024-04-08,87.66999816894531,88.13999938964844,87.05000305175781,87.44999694824219,923800
2024-04-09,89.19999694824219,89.68000030517578,87.58000183105469,88.01000213623047,1215100
2024-04-10,88.19999694824219,88.58999633789062,87.33000183105469,87.7300033569336,1142500
2024-04-11,87.41000366210938,88.94000244140625,86.25,88.29000091552734,1241000
2024-04-12,87.37000274658203,87.76000213623047,86.04000091552734,86.63999938964844,1299000
2024-04-15,89.86000061035156,90.7699966430664,88.47000122070312,88.47000122070312,2158300
2024-04-16,90.88999938964844,91.37000274658205,89.47000122070312,89.66999816894531,2097700
2024-04-17,90.5500030517578,92.1500015258789,90.0989990234375,91.58000183105467,2265100
2024-04-18,88.80000305175781,90.6500015258789,88.41999816894531,90.5500030517578,2378100
2024-04-19,88.88999938964844,89.6500015258789,88.41000366210938,88.83000183105469,5196800
2024-04-22,91.2300033569336,91.47000122070312,88.12999725341797,89.13999938964844,1995500
2024-04-23,93.72000122070312,93.84500122070312,91.4000015258789,91.77999877929688,2554700
2024-04-24,92.4000015258789,95.4000015258789,88.73999786376953,93.44000244140624,3370000
2024-04-25,93.79000091552734,94.11000061035156,90.86000061035156,92.63999938964844,1921400
2024-04-26,94.12000274658205,94.33999633789062,92.6050033569336,93.55999755859376,1151400
2024-04-29,94.88999938964844,95.55999755859376,94.0199966430664,94.1500015258789,1869000
2024-04-30,93.68000030517578,95.44000244140624,93.5999984741211,94.52999877929688,1287900
2024-05-01,94.37999725341795,95.20999908447266,93.4499969482422,93.63999938964844,1091900
2024-05-02,93.8499984741211,95.0,93.11000061035156,94.4000015258789,1265900
2024-05-03,95.88999938964844,96.12999725341795,94.5199966430664,94.80999755859376,939900
2024-05-06,96.98999786376952,97.23999786376952,96.0199966430664,96.9000015258789,632600
2024-05-07,97.2699966430664,97.38999938964844,96.13999938964844,97.04000091552734,1240900
2024-05-08,96.7300033569336,96.9000015258789,96.27999877929688,96.69000244140624,1039000
2024-05-09,95.94000244140624,97.45999908447266,95.87999725341795,96.69000244140624,1860600
2024-05-10,96.5,96.81999969482422,95.47000122070312,96.37000274658205,1521600
2024-05-13,95.87000274658205,96.70999908447266,95.70500183105467,96.70999908447266,1273800
2024-05-14,96.94000244140624,97.2300033569336,95.23500061035156,96.16999816894533,1310900
2024-05-15,98.9000015258789,99.37000274658205,97.73999786376952,97.75,1425500
2024-05-16,98.4499969482422,99.1999969482422,98.41000366210938,98.68000030517578,1261200
2024-05-17,98.5999984741211,98.94000244140624,97.41999816894533,98.3000030517578,1319400
2024-05-20,98.62000274658205,99.79000091552734,97.33999633789062,98.73999786376952,1278000
2024-05-21,99.52999877929688,99.75,98.1500015258789,98.62000274658205,882100
2024-05-22,100.76000213623048,100.91999816894533,99.51000213623048,99.54000091552734,1207400
2024-05-23,99.86000061035156,101.0500030517578,99.81500244140624,100.87999725341795,1175400
2024-05-24,102.19000244140624,102.30999755859376,99.79499816894533,100.0999984741211,1867300
2024-05-28,100.66999816894533,102.58000183105467,100.29000091552734,102.01000213623048,2062300
2024-05-29,98.54000091552734,100.95999908447266,98.4499969482422,99.79000091552734,1613500
2024-05-30,99.2300033569336,99.52999877929688,97.98999786376952,98.80999755859376,1786100
2024-05-31,98.58000183105467,100.44499969482422,98.06500244140624,99.45999908447266,6836500
2024-06-03,98.91999816894533,101.20999908447266,97.31999969482422,100.8499984741211,1350100
2024-06-04,100.44000244140624,100.47000122070312,98.41999816894533,98.5199966430664,1233000
2024-06-05,100.8000030517578,100.98999786376952,99.61100006103516,100.56999969482422,762000
2024-06-06,99.30999755859376,101.70999908447266,98.73200225830078,100.91000366210938,1119700
2024-06-07,99.22000122070312,100.0199966430664,98.30999755859376,98.69499969482422,1062000
2024-06-10,99.8499984741211,100.02999877929688,98.34500122070312,98.87999725341795,943800
2024-06-11,100.19000244140624,100.1999969482422,98.2699966430664,99.44000244140624,798200
2024-06-12,101.12999725341795,101.45999908447266,99.61000061035156,101.0,833400
2024-06-13,101.01000213623048,101.1500015258789,99.62000274658205,100.73999786376952,708900
2024-06-14,100.75,100.98999786376952,99.51000213623048,100.36000061035156,918100
2024-06-17,100.56999969482422,101.4000015258789,99.7249984741211,100.0500030517578,925200
2024-06-18,101.22000122070312,101.61000061035156,100.29000091552734,100.5999984741211,999300
2024-06-20,100.27999877929688,101.0999984741211,99.55999755859376,100.43000030517578,1734400
2024-06-21,98.87000274658205,100.06999969482422,98.20999908447266,100.0,3259700
2024-06-24,99.75,100.7300033569336,98.91999816894533,99.45999908447266,1377500
2024-06-25,98.9499969482422,100.2699966430664,98.58999633789062,99.5500030517578,1040100
2024-06-26,98.37999725341795,98.86000061035156,98.1999969482422,98.41999816894533,1441300
2024-06-27,97.61000061035156,98.84500122070312,97.27999877929688,98.7699966430664,1353600
2024-06-28,95.47000122070312,98.04900360107422,95.45999908447266,97.87000274658205,9333700
2024-07-01,95.4499969482422,96.29000091552734,94.91999816894533,96.0199966430664,1486900
2024-07-02,94.3499984741211,95.58000183105467,93.7699966430664,95.0999984741211,2085400
2024-07-03,95.33000183105467,95.87999725341795,94.63999938964844,94.72000122070312,1198600
2024-07-05,95.5999984741211,95.7750015258789,94.0,94.48999786376952,933100
2024-07-08,95.9000015258789,96.1500015258789,95.2300033569336,96.1500015258789,1204800
2024-07-09,95.6999969482422,96.37999725341795,95.43000030517578,96.05999755859376,838200
2024-07-10,95.80999755859376,96.2300033569336,95.20999908447266,95.70999908447266,1132400
2024-07-11,97.0999984741211,98.0999984741211,95.83000183105467,96.01000213623048,1976800
2024-07-12,98.76000213623048,99.62999725341795,98.01000213623048,98.16000366210938,1052600
2024-07-15,98.01000213623048,99.3550033569336,97.93199920654295,99.0,1088600
2024-07-16,99.1999969482422,99.88999938964844,98.5,98.5,1111700
2024-07-17,98.04000091552734,99.81500244140624,97.51000213623048,99.5,1527500
2024-07-18,98.62999725341795,99.36499786376952,98.18000030517578,98.5,849500
2024-07-19,98.45999908447266,99.26000213623048,98.26000213623048,98.8000030517578,1011400
2024-07-22,99.52999877929688,99.76000213623048,98.0999984741211,98.94000244140624,930700
2024-07-23,100.44000244140624,100.87000274658205,98.875,98.91000366210938,971600
2024-07-24,99.3000030517578,100.79000091552734,98.96399688720705,100.31999969482422,1364100
2024-07-25,99.61000061035156,101.58999633789062,98.91999816894533,99.02999877929688,1687400
2024-07-26,104.87000274658205,107.86000061035156,104.0,104.0,3164700
2024-07-29,105.0999984741211,106.89800262451172,104.94000244140624,106.08000183105467,2195500
2024-07-30,107.05999755859376,107.5,105.16999816894533,105.16999816894533,1702100
2024-07-31,106.55999755859376,107.76599884033205,106.1500015258789,107.23999786376952,1486100
2024-08-01,106.6999969482422,107.33999633789062,105.71499633789062,106.72000122070312,1531200
2024-08-02,104.83999633789062,106.48999786376952,103.0500030517578,105.86000061035156,1698800
2024-08-05,101.98999786376952,103.75,101.61000061035156,102.55999755859376,1773500
2024-08-06,104.12000274658205,105.02999877929688,101.76000213623048,102.33999633789062,1612900
2024-08-07,104.2300033569336,106.5999984741211,103.96099853515624,105.12000274658205,1183700
2024-08-08,107.23999786376952,107.33000183105467,103.72000122070312,104.54000091552734,1173600
2024-08-09,106.0999984741211,107.08999633789062,105.65499877929688,106.76000213623048,1466900
2024-08-12,106.48999786376952,107.45500183105467,105.45999908447266,105.9000015258789,781900
2024-08-13,108.08999633789062,108.47000122070312,106.45999908447266,106.8000030517578,1061800
2024-08-14,108.51000213623048,108.88500213623048,107.88999938964844,108.06999969482422,771600
2024-08-15,108.97000122070312,109.5199966430664,108.3000030517578,109.51000213623048,1029700
2024-08-16,108.72000122070312,109.26000213623048,108.18599700927734,108.91999816894533,942800
2024-08-19,109.58000183105467,109.7750015258789,108.98999786376952,109.23999786376952,1113400
2024-08-20,109.4000015258789,109.9000015258789,109.2300033569336,109.58000183105467,927900
2024-08-21,109.81999969482422,110.13999938964844,109.33999633789062,110.0,1103600
2024-08-22,110.83000183105467,111.3499984741211,109.94000244140624,110.16999816894533,1223300
2024-08-23,111.77999877929688,112.1500015258789,111.01399993896484,111.5,874100
2024-08-26,111.02999877929688,112.22000122070312,110.87999725341795,112.0,947600
2024-08-27,111.1500015258789,111.41000366210938,110.44000244140624,110.93000030517578,978500
2024-08-28,111.26000213623048,111.69000244140624,110.9800033569336,111.66000366210938,1279100
2024-08-29,111.80999755859376,112.7699966430664,111.26000213623048,111.75,1375600
2024-08-30,112.43000030517578,112.66000366210938,111.125,111.9800033569336,2254600
2024-09-03,110.26000213623048,112.22000122070312,109.62000274658205,111.0999984741211,1369900
2024-09-04,110.8499984741211,111.5999984741211,110.1500015258789,110.1500015258789,1108700
2024-09-05,109.8499984741211,110.73999786376952,109.3000030517578,110.1999969482422,1148300
2024-09-06,108.72000122070312,110.76000213623048,108.08000183105467,109.58999633789062,2043500
2024-09-09,109.48999786376952,110.1999969482422,109.19000244140624,110.12000274658205,2033600
2024-09-10,109.72000122070312,110.12000274658205,109.13999938964844,109.83999633789062,1312400
2024-09-11,108.9499969482422,109.86000061035156,107.62000274658205,109.31999969482422,1307100
2024-09-12,109.3000030517578,109.58999633789062,108.44000244140624,108.83999633789062,1409400
2024-09-13,110.0199966430664,110.7699966430664,109.3000030517578,110.0,1163100
2024-09-16,109.95999908447266,111.5749969482422,109.76000213623048,110.52999877929688,1494100
2024-09-17,108.94000244140624,111.48999786376952,108.83999633789062,111.0199966430664,1123300
2024-09-18,108.08999633789062,109.5749969482422,107.45999908447266,109.0500030517578,1749600
2024-09-19,109.47000122070312,109.5999984741211,108.51300048828124,109.45999908447266,1487200
2024-09-20,109.47000122070312,109.76300048828124,108.5500030517578,109.33999633789062,8340500
2024-09-23,110.25,111.19000244140624,109.2229995727539,110.31999969482422,2085800
2024-09-24,111.4000015258789,111.87999725341795,109.3499984741211,109.62999725341795,1340200
2024-09-25,111.04000091552734,111.8499984741211,110.68000030517578,111.8499984741211,1452000
2024-09-26,111.27999877929688,112.27999877929688,110.82599639892578,111.4000015258789,1134100
2024-09-27,110.3000030517578,111.87999725341795,109.55999755859376,111.33999633789062,1834400
2024-09-30,111.86000061035156,112.0199966430664,109.38800048828124,110.1500015258789,1523400
2024-10-01,110.02999877929688,112.61499786376952,109.25499725341795,112.5500030517578,1805900
2024-10-02,111.27999877929688,111.52999877929688,109.61499786376952,109.8000030517578,1143100
2024-10-03,111.30999755859376,111.5999984741211,110.45099639892578,111.13999938964844,1149200
2024-10-04,112.0199966430664,112.29000091552734,110.83999633789062,111.9000015258789,952200
2024-10-07,111.12000274658205,111.77999877929688,110.77999877929688,110.93000030517578,1516600
2024-10-08,112.18000030517578,112.55500030517578,111.16000366210938,111.88999938964844,1497800
2024-10-09,112.94000244140624,113.5,112.11000061035156,112.75,988200
2024-10-10,111.8499984741211,113.29000091552734,111.56500244140624,112.94000244140624,773500
2024-10-11,113.12999725341795,114.18000030517578,112.12999725341795,112.16999816894533,1365600
2024-10-14,113.29000091552734,113.9800033569336,113.19000244140624,113.4800033569336,971900
2024-10-15,112.87999725341795,114.61000061035156,112.8000030517578,113.9000015258789,1030300
2024-10-16,112.5199966430664,113.83000183105467,112.4000015258789,113.08999633789062,961200
2024-10-17,113.02999877929688,113.40499877929688,112.08999633789062,112.91000366210938,1190500
2024-10-18,113.5999984741211,113.69000244140624,112.08000183105467,113.08999633789062,3872200
2024-10-21,113.06999969482422,113.69000244140624,112.33799743652344,112.87000274658205,960700
2024-10-22,111.79000091552734,112.5199966430664,111.26000213623048,112.16000366210938,875600
2024-10-23,110.93000030517578,113.06999969482422,110.2239990234375,111.91000366210938,1426400
2024-10-24,105.79000091552734,115.0,105.62999725341795,114.5500030517578,2922200
2024-10-25,104.0500030517578,106.9800033569336,103.67400360107422,106.4000015258789,1538000
2024-10-28,104.0,105.16999816894533,103.93499755859376,104.72000122070312,1298500
2024-10-29,103.48999786376952,103.79000091552734,102.52999877929688,103.5999984741211,1472500
2024-10-30,103.23999786376952,103.98999786376952,102.58000183105467,103.18000030517578,1106100
2024-10-31,102.19000244140624,103.63999938964844,102.16999816894533,103.0,1117500
2024-11-01,101.58999633789062,103.19000244140624,101.18000030517578,102.91000366210938,1117800
2024-11-04,102.43000030517578,102.77999877929688,101.72000122070312,102.06999969482422,960900
2024-11-05,103.61000061035156,105.6999969482422,102.98500061035156,103.9800033569336,1228100
2024-11-06,102.98999786376952,105.77999877929688,101.88999938964844,105.6999969482422,1879200
2024-11-07,104.3000030517578,104.6050033569336,102.99500274658205,103.01000213623048,1406500
2024-11-08,105.5500030517578,106.37000274658205,104.5999984741211,104.87000274658205,1208400
2024-11-11,104.38999938964844,106.0,104.0500030517578,105.93000030517578,1076200
2024-11-12,103.75,105.83999633789062,103.6500015258789,104.9800033569336,867700
2024-11-13,104.83999633789062,105.30999755859376,102.9800033569336,103.05999755859376,1103900
2024-11-14,103.11000061035156,104.9499969482422,101.91500091552734,104.1500015258789,1320100
2024-11-15,102.68000030517578,102.97000122070312,102.0999984741211,102.4499969482422,1135600
2024-11-18,102.83999633789062,103.1999969482422,102.19000244140624,102.31999969482422,1158900
2024-11-19,103.9800033569336,104.27999877929688,102.23999786376952,102.2699966430664,1531200
2024-11-20,105.11000061035156,105.22000122070312,103.25499725341795,104.4800033569336,1374300
2024-11-21,106.01000213623048,106.41999816894533,103.87999725341795,104.88999938964844,1317000
2024-11-22,106.41000366210938,107.44000244140624,105.50499725341795,106.16000366210938,1748600
2024-11-25,108.4800033569336,108.55999755859376,106.41000366210938,106.7300033569336,4014700
2024-11-26,107.95999908447266,108.95899963378906,107.93000030517578,108.77999877929688,1369000
2024-11-27,107.97000122070312,108.7699966430664,107.8499984741211,108.16000366210938,675100
2024-11-29,108.19000244140624,108.54499816894533,107.76000213623048,108.05999755859376,586300
2024-12-02,106.62999725341795,108.0,105.58000183105467,108.0,1060900
2024-12-03,107.27999877929688,107.7300033569336,105.48999786376952,106.6500015258789,1053500
2024-12-04,107.5199966430664,107.9499969482422,106.91999816894533,107.16000366210938,1085300
2024-12-05,105.29000091552734,107.33999633789062,105.08999633789062,106.93000030517578,1075100
2024-12-06,106.52999877929688,106.68000030517578,105.25,105.61000061035156,1003400
2024-12-09,106.75,107.1500015258789,105.37999725341795,107.02999877929688,1050900
2024-12-10,106.38999938964844,107.16000366210938,104.76000213623048,106.52999877929688,716400
2024-12-11,105.3499984741211,107.25,104.81999969482422,106.69000244140624,1183000
2024-12-12,105.79000091552734,106.55999755859376,104.55999755859376,105.0,859400
2024-12-13,104.22000122070312,105.76000213623048,104.1999969482422,105.51000213623048,756300
2024-12-16,104.2300033569336,105.94000244140624,103.94000244140624,104.56999969482422,1247200
2024-12-17,103.45999908447266,104.47000122070312,102.5999984741211,103.69000244140624,2706400
2024-12-18,101.2300033569336,103.73999786376952,101.16000366210938,103.4800033569336,2211700
2024-12-19,101.33000183105467,102.5199966430664,100.0,101.05999755859376,1738600
2024-12-20,104.25,104.54000091552734,101.3000030517578,101.36000061035156,4807300
2024-12-23,102.88999938964844,103.98999786376952,102.1999969482422,103.0999984741211,949100
2024-12-24,103.48999786376952,103.48999786376952,102.33000183105467,102.8499984741211,277500
2024-12-26,103.87000274658205,104.08000183105467,102.75,102.86000061035156,580100
2024-12-27,103.12000274658205,103.66999816894533,102.44000244140624,102.9000015258789,608800
2024-12-30,102.01000213623048,102.5,101.09100341796876,102.36000061035156,528600
2024-12-31,101.8499984741211,102.5500030517578,101.33899688720705,102.18000030517578,644000
2025-01-02,100.58999633789062,102.5500030517578,100.1500015258789,102.5500030517578,1315200
2025-01-03,100.8000030517578,101.19499969482422,99.8000030517578,100.29000091552734,903000
2025-01-06,101.16999816894533,101.41000366210938,99.98999786376952,100.69000244140624,1180400
2025-01-07,101.6500015258789,101.95899963378906,100.31999969482422,101.01000213623048,1313500
2025-01-08,102.0,102.0500030517578,100.1999969482422,101.6500015258789,1034900
2025-01-10,100.0999984741211,101.21600341796876,99.83000183105467,100.88999938964844,1272100
2025-01-13,101.13999938964844,101.36000061035156,99.7699966430664,100.12000274658205,1370200
2025-01-14,102.37000274658205,102.48999786376952,100.4800033569336,100.81999969482422,996100
2025-01-15,102.5500030517578,104.77999877929688,102.33999633789062,104.1999969482422,1718100
2025-01-16,104.0500030517578,104.45999908447266,102.0199966430664,102.70999908447266,1369700
2025-01-17,102.94000244140624,104.43499755859376,102.9000015258789,104.25,1372700
2025-01-21,103.08999633789062,103.5500030517578,102.05999755859376,102.80999755859376,1761300
2025-01-22,102.70999908447266,103.4250030517578,102.43000030517578,103.16000366210938,1190400
2025-01-23,103.2699966430664,103.69000244140624,102.0999984741211,102.75,1680100
2025-01-24,101.75,103.11000061035156,101.30999755859376,102.86000061035156,1441500
2025-01-27,103.27999877929688,103.37999725341795,101.76000213623048,101.94000244140624,2060300
2025-01-28,103.4499969482422,104.4800033569336,102.5999984741211,103.31999969482422,1265900
2025-01-29,102.8499984741211,104.0,102.62999725341795,103.38999938964844,891700
2025-01-30,103.8499984741211,104.4000015258789,102.98999786376952,103.62999725341795,881500
2025-01-31,103.38999938964844,104.6999969482422,103.3499984741211,103.66999816894533,994900
2025-02-03,101.16999816894533,102.58999633789062,100.48999786376952,102.0199966430664,1484400
2025-02-04,100.9800033569336,103.37999725341795,100.8000030517578,102.1999969482422,2065500
2025-02-05,95.80999755859376,102.0,95.5199966430664,100.69000244140624,2627800
2025-02-06,98.44000244140624,98.48999786376952,95.62999725341795,96.01000213623048,2281000
2025-02-07,98.80999755859376,99.2300033569336,96.69000244140624,98.33000183105467,2183000
2025-02-10,99.77999877929688,100.37999725341795,98.48999786376952,99.26000213623048,1461500
2025-02-11,99.80999755859376,100.12000274658205,98.27999877929688,99.5999984741211,938500
2025-02-12,100.05999755859376,100.51000213623048,98.5,98.80999755859376,1205900
2025-02-13,99.75,100.5500030517578,98.5500030517578,100.2699966430664,1576400
2025-02-14,97.98999786376952,99.98999786376952,97.9800033569336,99.98999786376952,974500
2025-02-18,97.9000015258789,98.37999725341795,96.98999786376952,97.9000015258789,2388300
2025-02-19,97.68000030517578,98.12000274658205,96.81999969482422,97.66999816894533,1195600
2025-02-20,97.72000122070312,97.91999816894533,96.6500015258789,97.41000366210938,1114800
2025-02-21,98.1500015258789,98.33000183105467,96.5999984741211,97.33000183105467,2816500
2025-02-24,100.06999969482422,100.27999877929688,97.94300079345705,98.5999984741211,1592900
2025-02-25,100.6500015258789,102.25,99.4000015258789,100.62000274658205,1990600
2025-02-26,99.72000122070312,101.45999908447266,99.38999938964844,101.1500015258789,1237700
2025-02-27,99.16000366210938,100.75,98.98999786376952,99.38999938964844,847800
2025-02-28,99.76000213623048,100.4800033569336,98.9499969482422,99.5500030517578,1947800
2025-03-03,99.87000274658205,101.43499755859376,98.9800033569336,99.80999755859376,1009600
2025-03-04,98.87999725341795,100.76000213623048,98.75299835205078,99.4499969482422,1281500
2025-03-05,98.62000274658205,99.61000061035156,97.64199829101562,98.0,1427100
2025-03-06,97.9499969482422,98.55999755859376,97.1500015258789,98.2300033569336,1175100
2025-03-07,100.12000274658205,100.2699966430664,97.3000030517578,97.58000183105467,1444800
2025-03-10,100.33000183105467,102.44000244140624,99.01000213623048,99.76000213623048,1437300
2025-03-11,96.98999786376952,100.58999633789062,96.91999816894533,100.58999633789062,2197400
2025-03-12,95.43000030517578,97.7699966430664,95.36000061035156,97.26000213623048,1373900
2025-03-13,95.7300033569336,95.87000274658205,94.3499984741211,94.9800033569336,1368100
2025-03-14,97.9499969482422,98.31999969482422,96.11399841308594,96.77999877929688,2056800
2025-03-17,98.4499969482422,99.13999938964844,97.41000366210938,97.68000030517578,1189300
2025-03-18,98.36000061035156,98.5199966430664,97.33000183105467,98.18000030517578,1315800
2025-03-19,99.26000213623048,99.75,98.3270034790039,98.4499969482422,1021200
2025-03-20,98.13999938964844,99.27999877929688,97.95999908447266,99.12000274658205,1061800
2025-03-21,97.7699966430664,97.79499816894533,96.02999877929688,97.43000030517578,2879700
2025-03-24,98.26000213623048,99.77999877929688,97.9499969482422,98.55999755859376,1094000
2025-03-25,97.75,98.83000183105467,96.83999633789062,98.62999725341795,1201900
2025-03-26,97.7300033569336,99.0500030517578,97.37000274658205,98.01000213623048,1489900
2025-03-27,97.88999938964844,98.6750030517578,97.16000366210938,98.0199966430664,947700
2025-03-28,96.04000091552734,98.2300033569336,95.93000030517578,97.6999969482422,834900
2025-03-31,97.4499969482422,98.08000183105467,95.5,95.91000366210938,2346400
2025-04-01,97.62000274658205,98.0999984741211,96.76000213623048,97.0500030517578,1380100
2025-04-02,98.68000030517578,98.77999877929688,96.43000030517578,97.13999938964844,790900
2025-04-03,93.9000015258789,98.13999938964844,93.7300033569336,97.1500015258789,1780500
2025-04-04,88.81999969482422,92.81999969482422,88.68000030517578,92.81999969482422,2531500
2025-04-07,87.11000061035156,89.97000122070312,84.0,87.81999969482422,2395200
2025-04-08,85.31999969482422,90.0,84.23999786376953,89.55999755859375,2034200
2025-04-09,91.12999725341795,91.8000030517578,83.86499786376953,84.87999725341797,2080600
2025-04-10,88.69999694824219,90.53500366210938,86.55999755859375,89.93000030517578,1722700
2025-04-11,89.62000274658203,90.5500030517578,87.56999969482422,88.7300033569336,2132300
2025-04-14,90.68000030517578,91.3000030517578,89.88999938964844,90.52999877929688,1235500
2025-04-15,90.05999755859375,91.12000274658205,89.98999786376953,90.3000030517578,1212900
2025-04-16,89.33000183105469,90.7249984741211,88.9000015258789,89.94000244140625,1493700
2025-04-17,89.54000091552734,90.37000274658205,89.2300033569336,89.93000030517578,1691500
2025-04-21,87.19999694824219,88.80000305175781,86.33000183105469,88.45999908447266,1571200
2025-04-22,89.18000030517578,89.68000030517578,87.3499984741211,88.12999725341797,1478800
2025-04-23,90.5500030517578,92.04000091552734,89.79199981689453,90.55999755859376,1672800
2025-04-24,91.73999786376952,91.95500183105467,90.0,90.4499969482422,1455600
2025-04-25,92.30999755859376,92.4499969482422,90.5199966430664,91.16999816894533,1418300
2025-04-28,92.06999969482422,93.0,90.9800033569336,92.58999633789062,1172200
2025-04-29,93.08999633789062,93.2300033569336,91.58999633789062,91.91999816894533,1922700
2025-04-30,95.9000015258789,96.06999969482422,88.2699966430664,91.75,3141100
2025-05-01,94.20999908447266,96.88999938964844,93.53600311279295,96.29499816894533,1421200
2025-05-02,95.52999877929688,95.98999786376952,94.5999984741211,95.23999786376952,1207600
2025-05-05,95.69000244140624,96.16999816894533,94.61499786376952,95.16000366210938,1262100
2025-05-06,95.36000061035156,96.4499969482422,94.87999725341795,95.18000030517578,1157300
2025-05-07,96.08999633789062,98.04000091552734,95.48999786376952,96.72000122070312,1500500
2025-05-08,97.27999877929688,98.41000366210938,96.1500015258789,96.72000122070312,1145800
2025-05-09,97.05999755859376,98.20999908447266,96.83999633789062,97.3000030517578,1427900
2025-05-12,100.33000183105467,100.4499969482422,97.98999786376952,98.86000061035156,1329700
2025-05-13,100.25,100.95999908447266,99.44000244140624,100.4499969482422,1456200
2025-05-14,99.45999908447266,100.3499984741211,99.0999984741211,100.25,1482200
2025-05-15,100.93000030517578,101.01000213623048,99.0780029296875,99.54000091552734,970400
2025-05-16,101.6999969482422,101.76000213623048,100.39700317382812,100.98999786376952,691600
2025-05-19,102.19000244140624,102.5500030517578,101.0250015258789,101.22000122070312,832200
2025-05-20,102.0199966430664,102.66000366210938,101.66999816894533,102.04000091552734,1020600
2025-05-21,100.48999786376952,101.88999938964844,100.05999755859376,101.41999816894533,1063400
2025-05-22,100.9800033569336,101.33000183105467,99.8499984741211,100.0999984741211,1096000
2025-05-23,100.45999908447266,100.9000015258789,99.4000015258789,99.9499969482422,1065200
2025-05-27,101.48999786376952,101.65499877929688,100.19000244140624,101.45999908447266,1387000
2025-05-28,100.76000213623048,101.6500015258789,100.55500030517578,101.4000015258789,882200
2025-05-29,101.23999786376952,101.2750015258789,100.0999984741211,101.1500015258789,1037600
2025-05-30,101.02999877929688,101.72000122070312,100.3000030517578,101.66999816894533,3079300
2025-06-02,100.27999877929688,100.91500091552734,99.5,100.5500030517578,1100800
2025-06-03,100.36000061035156,100.68000030517578,99.62999725341795,99.88999938964844,775600
2025-06-04,98.91999816894533,100.4000015258789,98.91000366210938,100.4000015258789,980500
2025-06-05,99.66999816894533,100.06999969482422,98.62999725341795,99.48999786376952,866900
2025-06-06,100.2699966430664,100.69000244140624,99.625,100.3499984741211,487000
2025-06-09,99.72000122070312,100.5,99.31999969482422,100.5,693300
2025-06-10,99.95999908447266,100.37100219726562,99.3000030517578,100.0,600900
2025-06-11,98.20999908447266,99.97000122070312,98.02999877929688,99.87000274658205,884800
2025-06-12,98.75,98.75,97.44499969482422,98.01000213623048,1240600
2025-06-13,97.31999969482422,98.86000061035156,97.05500030517578,98.01000213623048,825500
2025-06-16,97.77999877929688,98.1999969482422,96.9499969482422,97.80999755859376,841100
2025-06-17,97.44000244140624,98.22000122070312,96.98999786376952,97.61000061035156,1031100
2025-06-18,97.02999877929688,97.91999816894533,96.8499984741211,97.29000091552734,806100
2025-06-20,96.7300033569336,98.0,96.58000183105467,97.3499984741211,3237100
2025-06-23,98.4499969482422,98.62000274658205,96.45999908447266,96.70999908447266,1556700
2025-06-24,100.30999755859376,100.41999816894533,98.44000244140624,98.79000091552734,1490300
2025-06-25,100.16999816894533,100.61000061035156,99.41000366210938,100.0,1342200
2025-06-26,101.12000274658205,101.83499908447266,99.93000030517578,100.12999725341795,1469800
2025-06-27,101.06999969482422,101.91000366210938,100.83000183105467,101.48999786376952,2287500
2025-06-30,100.9499969482422,101.7699966430664,100.3949966430664,101.13999938964844,1543000
2025-07-01,102.5999984741211,103.18000030517578,100.3949966430664,100.66000366210938,1055900
2025-07-02,102.83000183105467,103.43000030517578,101.90499877929688,102.5,910300
2025-07-03,103.75,103.93000030517578,102.26000213623048,103.7300033569336,478700
2025-07-07,102.72000122070312,104.0500030517578,102.12899780273438,103.66999816894533,714800
2025-07-08,102.33000183105467,104.02999877929688,101.97000122070312,102.16000366210938,933200
2025-07-09,102.37000274658205,102.5500030517578,101.55999755859376,102.5199966430664,833100
2025-07-10,103.12999725341795,104.08000183105467,102.03500366210938,102.22000122070312,1147800
2025-07-11,101.93000030517578,102.75,101.5199966430664,102.75,734600
2025-07-14,102.1999969482422,102.44499969482422,101.31800079345705,101.7300033569336,849200
2025-07-15,100.9499969482422,102.52999877929688,100.91999816894533,102.05999755859376,895500
2025-07-16,100.51000213623048,101.0,99.56999969482422,100.97000122070312,1256500
2025-07-17,102.9800033569336,103.0999984741211,100.1999969482422,100.47000122070312,1155400
2025-07-18,103.33999633789062,103.56999969482422,102.31500244140624,102.8499984741211,1863900
2025-07-21,102.11000061035156,103.86000061035156,102.05999755859376,103.4000015258789,1708000
2025-07-22,102.54000091552734,103.2300033569336,101.5,102.2300033569336,895700
2025-07-23,101.80999755859376,103.0,101.19000244140624,102.4800033569336,1432500
2025-07-24,103.2699966430664,103.38999938964844,101.10299682617188,101.98999786376952,1450800
2025-07-25,103.27999877929688,103.64700317382812,102.75,103.41999816894533,1019400
2025-07-28,103.0999984741211,103.61000061035156,101.79000091552734,102.51000213623048,2086400
2025-07-29,105.02999877929688,106.3000030517578,102.2300033569336,105.0,2225100
2025-07-30,105.77999877929688,107.0,104.75,106.63999938964844,2071400
2025-07-31,104.83000183105467,106.8550033569336,104.51000213623048,104.98999786376952,1963500
2025-08-01,104.75,104.83000183105467,103.38999938964844,104.45999908447266,1297900
2025-08-04,106.9499969482422,107.05999755859376,104.43000030517578,104.87000274658205,1083000
2025-08-05,106.55999755859376,107.4000015258789,106.25,106.93000030517578,1324100
2025-08-06,107.4800033569336,107.73999786376952,105.95999908447266,106.8000030517578,1081800
2025-08-07,107.54000091552734,108.51000213623048,107.0199966430664,108.29000091552734,802000
2025-08-08,107.6999969482422,108.19000244140624,107.43000030517578,107.55999755859376,523000
2025-08-11,107.13999938964844,108.44000244140624,107.08000183105467,107.81999969482422,1203300
2025-08-12,108.80999755859376,108.94000244140624,107.01000213623048,107.4800033569336,1074200
2025-08-13,109.75,109.80999755859376,107.0999984741211,109.01000213623048,1211200
2025-08-14,107.66999816894533,109.29000091552734,107.37000274658205,109.29000091552734,957200
2025-08-15,107.2699966430664,107.87000274658205,107.04000091552734,107.79000091552734,1130100
2025-08-18,106.69000244140624,108.26000213623048,106.61000061035156,107.5,998800
2025-08-19,108.0999984741211,108.37999725341795,106.68000030517578,106.9000015258789,977100
2025-08-20,108.91000366210938,109.23999786376952,108.1999969482422,108.5,1264100
2025-08-21,108.47000122070312,109.02999877929688,108.0500030517578,108.62000274658205,646600
2025-08-22,109.1500015258789,110.11000061035156,108.45999908447266,109.0,1108500
2025-08-25,107.1500015258789,109.3000030517578,107.0,108.9499969482422,556100
2025-08-26,107.11000061035156,107.68000030517578,106.58999633789062,107.05999755859376,1167900
2025-08-27,107.37000274658205,107.81999969482422,106.80999755859376,107.16999816894533,597100
2025-08-28,106.5,107.41999816894533,106.1500015258789,107.37999725341795,523100
2025-08-29,106.19000244140624,106.8000030517578,105.93000030517578,106.37000274658205,716500
2025-09-02,105.27999877929688,105.97000122070312,104.38999938964844,105.66000366210938,887700
2025-09-03,105.06999969482422,105.54000091552734,104.0,104.77999877929688,1030300
2025-09-04,106.5999984741211,106.5999984741211,104.87999725341795,105.56999969482422,1088500
2025-09-05,105.70999908447266,107.0199966430664,105.45999908447266,106.77999877929688,965200
2025-09-08,106.9000015258789,106.9499969482422,105.01000213623048,105.70999908447266,910300
2025-09-09,105.02999877929688,106.69000244140624,104.76000213623048,106.47000122070312,866100
2025-09-10,106.01000213623048,106.0500030517578,104.81999969482422,105.0,924500
2025-09-11,109.0999984741211,109.27999877929688,106.4800033569336,106.4800033569336,1188900
2025-09-12,109.02999877929688,109.86000061035156,108.49500274658205,109.4499969482422,1253200
2025-09-15,107.8000030517578,109.5250015258789,107.75,109.13999938964844,1592600
2025-09-16,106.54000091552734,108.0500030517578,106.0009994506836,107.5999984741211,1651700
2025-09-17,106.73999786376952,108.58999633789062,106.26000213623048,106.9800033569336,2808400
2025-09-18,107.05999755859376,107.95999908447266,106.77999877929688,107.61000061035156,1490800
2025-09-19,106.9000015258789,108.0,106.41999816894533,107.58999633789062,3165200
2025-09-22,105.81999969482422,107.06500244140624,105.69499969482422,106.62999725341795,1353100
2025-09-23,105.38999938964844,106.2300033569336,104.66999816894533,105.8000030517578,879100
2025-09-24,105.62999725341795,105.69000244140624,104.33999633789062,104.98999786376952,1548300
2025-09-25,104.48999786376952,106.6500015258789,104.05999755859376,106.0,1127600
2025-09-26,104.62999725341795,105.20999908447266,103.31999969482422,104.66000366210938,1132300
2025-09-29,105.08000183105467,105.79000091552734,104.3550033569336,104.56999969482422,1292700
2025-09-30,106.61000061035156,106.66000366210938,104.62000274658205,104.62000274658205,1652600
2025-10-01,106.04000091552734,106.33000183105467,104.84500122070312,105.95999908447266,1845000
2025-10-02,106.45999908447266,106.91000366210938,105.5500030517578,106.4800033569336,1221900
2025-10-03,107.13999938964844,107.9000015258789,106.01000213623048,106.22000122070312,1134500
2025-10-06,106.0999984741211,107.35900115966795,105.5,107.01499938964844,1084200
2025-10-07,104.83999633789062,106.5500030517578,99.88999938964844,106.12000274658205,2437200
2025-10-08,104.0,105.20999908447266,103.6999969482422,105.20999908447266,1118000
2025-10-09,102.87000274658205,104.22000122070312,102.4800033569336,103.77999877929688,1288400
2025-10-10,101.87000274658205,103.2249984741211,101.4000015258789,102.87000274658205,1883100
2025-10-13,101.44000244140624,102.74500274658205,101.44000244140624,102.16999816894533,1093900
2025-10-14,101.98999786376952,102.16000366210938,100.81999969482422,101.04000091552734,1453200
2025-10-15,101.87000274658205,102.71499633789062,100.8949966430664,102.31999969482422,1014800
2025-10-16,101.91000366210938,102.13500213623048,100.87000274658205,102.0,1189700
2025-10-17,102.76000213623048,102.9000015258789,101.802001953125,102.08999633789062,1075100
2025-10-20,103.9800033569336,104.22000122070312,102.73999786376952,102.91000366210938,902700
2025-10-21,103.79000091552734,105.62999725341795,103.48999786376952,103.9499969482422,1347300
2025-10-22,103.8000030517578,104.79000091552734,103.27999877929688,103.87999725341795,1000000
2025-10-23,104.87000274658205,105.16000366210938,103.31999969482422,103.70999908447266,1245100
2025-10-24,104.6500015258789,105.75,104.18000030517578,105.30999755859376,919900
2025-10-27,104.12000274658205,105.20999908447266,103.8000030517578,104.56999969482422,1032900
2025-10-28,102.52999877929688,103.6500015258789,102.19000244140624,103.58000183105467,1421900
2025-10-29,99.5,102.49500274658205,95.83999633789062,101.86000061035156,3095800
2025-10-30,100.37999725341795,100.73999786376952,99.41000366210938,99.5500030517578,2112200
2025-10-31,98.68000030517578,100.12000274658205,98.63999938964844,99.81999969482422,2074800
2025-11-03,98.94000244140624,99.25,97.16000366210938,98.05999755859376,2036800
2025-11-04,99.62999725341795,99.93000030517578,98.47000122070312,99.47000122070312,1442100
2025-11-05,99.91999816894533,100.29000091552734,99.02999877929688,99.91000366210938,1902300
2025-11-06,98.5199966430664,100.5999984741211,98.3000030517578,99.56999969482422,1383700
2025-11-07,98.61000061035156,99.18000030517578,97.87000274658205,98.75,1669900
2025-11-10,98.26000213623048,99.0,97.69000244140624,98.76000213623048,1526900
2025-11-11,97.88999938964844,98.58999633789062,97.66000366210938,98.26000213623048,1735900
2025-11-12,97.7300033569336,98.75,97.51000213623048,98.11000061035156,1540500
2025-11-13,98.55999755859376,99.25,97.01000213623048,97.55999755859376,2049300
2025-11-14,98.77999877929688,99.47799682617188,97.83999633789062,98.98999786376952,1546900
2025-11-17,98.06999969482422,99.1500015258789,97.75,98.7699966430664,1698900
2025-11-18,97.8000030517578,98.36499786376952,97.1999969482422,97.52999877929688,1652700
2025-11-19,98.26000213623048,98.58000183105467,97.11000061035156,97.61000061035156,1529300
2025-11-20,97.29000091552734,99.30999755859376,97.06999969482422,98.83000183105467,1565200
2025-11-21,98.9800033569336,99.63999938964844,97.45999908447266,97.68000030517578,2183800
2025-11-24,98.13999938964844,98.84500122070312,97.45999908447266,98.63999938964844,4783700
2025-11-25,103.95999908447266,104.33000183105467,100.6750030517578,100.6750030517578,2780600
2025-11-26,101.2699966430664,103.87000274658205,100.94000244140624,103.87000274658205,1708300
2025-11-28,101.22000122070312,101.9800033569336,101.0500030517578,101.68000030517578,759700
2025-12-01,100.97000122070312,101.9499969482422,100.1500015258789,100.41999816894533,1438800
2025-12-02,101.8000030517578,102.47000122070312,100.95999908447266,101.41999816894533,2030000
2025-12-03,102.18000030517578,103.36000061035156,102.0199966430664,102.04000091552734,1074700
2025-12-04,102.88999938964844,104.08999633789062,102.4800033569336,102.51000213623048,1953800
2025-12-05,102.16000366210938,103.37000274658205,101.5999984741211,102.63999938964844,962900
2025-12-08,99.62000274658205,101.94000244140624,99.4000015258789,101.94000244140624,1519500
2025-12-09,98.41000366210938,99.70999908447266,98.19000244140624,99.55999755859376,1381400
2025-12-10,97.75,98.37000274658205,96.91999816894533,96.91999816894533,1692300
2025-12-11,98.7300033569336,99.36000061035156,97.8000030517578,98.05999755859376,1489200
2025-12-12,98.70999908447266,99.58999633789062,98.16999816894533,99.58999633789062,1276200
2025-12-15,100.27999877929688,100.47000122070312,98.66999816894533,99.3499984741211,2257000
2025-12-16,99.33999633789062,101.0749969482422,98.41999816894533,100.83999633789062,2202900
2025-12-17,100.0500030517578,100.43000030517578,98.65499877929688,99.0199966430664,2789200
2025-12-18,100.7699966430664,101.74500274658205,99.88999938964844,100.20999908447266,1972500
2025-12-19,100.58999633789062,100.81999969482422,99.47000122070312,100.44000244140624,5885600
2025-12-22,102.01000213623048,102.05999755859376,100.16999816894533,100.48999786376952,1637100
2025-12-23,102.63999938964844,102.69000244140624,101.25,102.05999755859376,1293300
2025-12-24,102.29000091552734,102.72000122070312,101.8000030517578,102.48999786376952,616700
2025-12-26,101.75,102.72000122070312,101.20999908447266,102.45999908447266,801100
2025-12-29,101.5,102.5500030517578,101.09500122070312,102.1999969482422,1826000
2025-12-30,101.36000061035156,101.66999816894533,101.0500030517578,101.22000122070312,846400
2025-12-31,99.77999877929688,101.48999786376952,99.6999969482422,101.13999938964844,866200
2026-01-02,98.5,99.6050033569336,97.9000015258789,99.22000122070312,1124400
2026-01-05,99.19000244140624,99.9499969482422,97.5,97.95999908447266,1210700
2026-01-06,99.94000244140624,100.08000183105467,98.1999969482422,98.38999938964844,1139300
2026-01-07,100.30999755859376,101.4800033569336,100.0,101.0,1107700
2026-01-08,101.73999786376952,102.1500015258789,100.06999969482422,100.06999969482422,1108100
2026-01-09,102.7300033569336,102.98999786376952,101.2300033569336,101.7300033569336,1183700
2026-01-12,101.9000015258789,103.08000183105467,101.55999755859376,102.3000030517578,1138900
2026-01-13,101.7699966430664,101.91000366210938,100.52999877929688,101.87999725341795,1121300
2026-01-14,102.3000030517578,102.36000061035156,100.95999908447266,101.4499969482422,1572700
2026-01-15,103.18000030517578,103.18000030517578,101.9209976196289,102.72000122070312,1036500
2026-01-16,102.66999816894533,103.41500091552734,101.97000122070312,102.66000366210938,1418700
2026-01-20,101.11000061035156,102.31999969482422,100.7699966430664,101.9000015258789,1173700
2026-01-21,101.91000366210938,102.25,100.55999755859376,101.38999938964844,1494300
2026-01-22,101.4800033569336,102.5199966430664,101.19000244140624,102.12000274658205,1577100
2026-01-23,101.30999755859376,101.95800018310548,100.87000274658205,101.83000183105467,1277500
2026-01-26,101.88999938964844,102.08000183105467,100.38999938964844,101.2699966430664,1568500
2026-01-27,100.55999755859376,102.68000030517578,100.5199966430664,102.05999755859376,1106800
2026-01-28,98.72000122070312,100.48999786376952,98.18499755859376,100.0199966430664,1980200
2026-01-29,98.66999816894533,100.0,97.08000183105467,99.20999908447266,1749800
2026-01-30,98.9800033569336,99.06999969482422,97.7699966430664,99.06999969482422,1531000
2026-02-02,101.4800033569336,101.5,98.48999786376952,98.94000244140624,1915900
2026-02-03,97.4499969482422,100.9499969482422,97.0500030517578,100.2300033569336,2305500
2026-02-04,91.41000366210938,97.45999908447266,88.4000015258789,97.31999969482422,6462500
2026-02-05,90.79000091552734,91.75,88.81999969482422,91.33999633789062,3695000
2026-02-06,90.56999969482422,92.41999816894533,89.58000183105469,90.98999786376952,3373400
2026-02-09,92.69000244140624,93.40799713134766,90.58999633789062,90.8000030517578,3589200
2026-02-10,92.80999755859376,93.58999633789062,92.06999969482422,92.1500015258789,2969400
2026-02-11,95.0,95.55999755859376,92.72000122070312,92.72000122070312,3285300
2026-02-12,91.9800033569336,95.5250015258789,91.63999938964844,95.06999969482422,2386000
2026-02-13,92.54000091552734,93.3499984741211,92.24299621582033,92.26000213623048,1595000
2026-02-17,92.1999969482422,94.72000122070312,91.8000030517578,93.83999633789062,2490900
2026-02-18,94.27999877929688,94.41999816894533,91.61000061035156,92.27999877929688,2603300
2026-02-19,93.9800033569336,95.4499969482422,93.0500030517578,94.08000183105467,1748700
2026-02-20,93.08000183105467,94.61000061035156,92.33000183105467,93.6999969482422,2730300
2026-02-23,92.5999984741211,93.23999786376952,91.37000274658205,92.72000122070312,2361400
2026-02-24,93.6500015258789,93.91000366210938,92.1999969482422,92.62000274658205,2185400
2026-02-25,94.37000274658205,94.4000015258789,92.9499969482422,93.73999786376952,1974000
2026-02-26,98.0199966430664,98.08000183105467,94.96299743652344,95.26000213623048,2342200
2026-02-27,97.43000030517578,97.875,96.1500015258789,97.13999938964844,2470500
2026-03-02,97.22000122070312,97.8000030517578,95.81999969482422,96.51000213623048,1448700
2026-03-03,95.63999938964844,96.27999877929688,95.01000213623048,96.27999877929688,1534500
2026-03-04,94.6999969482422,95.72000122070312,94.47000122070312,95.33499908447266,1683600
2026-03-05,95.19000244140624,96.1500015258789,93.58000183105467,94.01000213623048,2095000
2026-03-06,94.33000183105467,94.43499755859376,92.5540008544922,92.80999755859376,1508100
2026-03-09,94.05999755859376,94.51499938964844,91.70500183105467,93.73999786376952,1527500
2026-03-10,91.79000091552734,94.02999877929688,91.33000183105467,93.70999908447266,1673300
2026-03-11,91.37000274658205,91.93000030517578,90.55999755859376,91.6500015258789,1422200
2026-03-12,89.76000213623047,91.73999786376952,89.70999908447266,91.25,1697400
2026-03-13,90.1999969482422,90.80500030517578,89.75,90.61000061035156,1074100
2026-03-16,91.20999908447266,91.91999816894533,89.95999908447266,91.04000091552734,1245100
2026-03-17,90.98999786376952,92.0999984741211,90.7699966430664,92.0,1463600
2026-03-18,89.98999786376953,91.2699966430664,89.91000366210938,90.4499969482422,1412300
2026-03-19,89.66000366210938,90.28500366210938,88.61000061035156,89.48999786376953,1415500
2026-03-20,88.62999725341797,89.625,87.98999786376953,89.54000091552734,5718000
2026-03-23,88.5,90.1500015258789,88.47000122070312,89.93000030517578,2987000
2026-03-24,86.86000061035156,88.17500305175781,86.83999633789062,87.5199966430664,1494700
2026-03-25,87.11000061035156,88.47000122070312,85.625,87.9000015258789,2027300
2026-03-26,86.38999938964844,88.4000015258789,86.08999633789062,86.5199966430664,3114100
2026-03-27,85.02999877929688,86.72000122070312,84.98999786376953,86.25,2127900
2026-03-30,86.01000213623047,86.86000061035156,85.27999877929688,85.95999908447266,1900800
2026-03-31,88.41999816894531,89.01499938964844,86.54000091552734,87.11000061035156,2847600
2026-04-01,88.05999755859375,88.56999969482422,87.08000183105469,87.30000305175781,1537500
2026-04-02,88.01000213623047,88.7699966430664,87.08000183105469,87.5199966430664,1782600
2026-04-06,88.7300033569336,88.9000015258789,87.73999786376953,88.01000213623047,1436300
2026-04-07,88.81999969482422,89.42500305175781,88.1500015258789,88.54000091552734,1549100
2026-04-08,90.47000122070312,90.61000061035156,89.45999908447266,89.69999694824219,1186783
2026-04-09,89.62000274658203,90.30999755859376,88.87000274658203,89.88999938964844,1527103
2026-04-10,89.5,89.58000183105469,88.51899719238281,89.5999984741211,1415038
2026-04-13,90.8499984741211,91.06500244140624,88.45500183105469,89.33000183105469,926233
2026-04-14,92.38999938964844,92.63999938964844,90.43499755859375,91.25,1484898
