Date,Close,High,Low,Open,Volume
1972-06-01,0.8802080154418945,0.8828129768371582,0.8802080154418945,0.8802080154418945,249600
1972-06-02,0.8828129768371582,0.890625,0.8828129768371582,0.8828129768371582,172800
1972-06-05,0.8958330154418945,0.8958330154418945,0.8802080154418945,0.8828129768371582,302400
1972-06-06,0.8958330154418945,0.9114580154418945,0.8932290077209473,0.8958330154418945,196800
1972-06-07,0.8880209922790527,0.8958330154418945,0.8880209922790527,0.8958330154418945,48000
1972-06-08,0.890625,0.8958330154418945,0.8854169845581055,0.8880209922790527,144000
1972-06-09,0.890625,0.8958330154418945,0.8854169845581055,0.890625,43200
1972-06-12,0.9010419845581055,0.9010419845581055,0.8958330154418945,0.8958330154418945,24000
1972-06-13,0.8854169845581055,0.8984379768371582,0.8854169845581055,0.8984379768371582,76800
1972-06-14,0.8854169845581055,0.890625,0.8854169845581055,0.8854169845581055,244800
1972-06-15,0.8932290077209473,0.8932290077209473,0.890625,0.890625,206400
1972-06-16,0.9010419845581055,0.9010419845581055,0.8932290077209473,0.8932290077209473,48000
1972-06-19,0.8932290077209473,0.8958330154418945,0.8932290077209473,0.8958330154418945,91200
1972-06-20,0.8958330154418945,0.8958330154418945,0.8932290077209473,0.8932290077209473,14400
1972-06-21,0.8932290077209473,0.8958330154418945,0.8932290077209473,0.8958330154418945,48000
1972-06-22,0.9010419845581055,0.9010419845581055,0.890625,0.8932290077209473,86400
1972-06-23,0.9140629768371582,0.9140629768371582,0.90625,0.90625,96000
1972-06-26,0.9166669845581055,0.9166669845581055,0.90625,0.9140629768371582,62400
1972-06-27,0.921875,0.9270830154418945,0.921875,0.921875,67200
1972-06-28,0.9479169845581055,0.9479169845581055,0.9296879768371582,0.9296879768371582,144000
1972-06-29,0.9453129768371582,0.9453129768371582,0.9453129768371582,0.9453129768371582,28800
1972-06-30,0.9583330154418945,0.9583330154418945,0.9479169845581055,0.9479169845581055,72000
1972-07-03,0.9739580154418945,0.9739580154418945,0.9583330154418945,0.9583330154418945,57600
1972-07-05,0.9635419845581055,0.9739580154418945,0.9635419845581055,0.9739580154418945,211200
1972-07-06,1.0104169845581055,1.0104169845581055,0.96875,0.96875,254400
1972-07-07,1.015625,1.0260419845581055,1.0104169845581055,1.0104169845581055,412800
1972-07-10,1.0208330154418945,1.0208330154418945,1.0104169845581055,1.015625,0
1972-07-11,1.0208330154418945,1.0234379768371582,1.015625,1.0208330154418945,2904000
1972-07-12,1.0208330154418945,1.0260419845581055,1.0208330154418945,1.0208330154418945,259200
1972-07-13,1.03125,1.03125,1.0208330154418945,1.0208330154418945,225600
1972-07-14,1.03125,1.03125,1.0234379768371582,1.03125,172800
1972-07-17,1.0338540077209473,1.0338540077209473,1.0260419845581055,1.03125,62400
1972-07-18,1.0364580154418945,1.0416669845581055,1.0286459922790527,1.0338540077209473,220800
1972-07-19,1.0416669845581055,1.0416669845581055,1.03125,1.0364580154418945,24000
1972-07-20,1.0390629768371582,1.0416669845581055,1.0338540077209473,1.0416669845581055,76800
1972-07-21,1.046875,1.046875,1.0390629768371582,1.0390629768371582,273600
1972-07-24,1.0442709922790527,1.046875,1.0416669845581055,1.046875,225600
1972-07-25,1.0546879768371582,1.0572919845581055,1.0442709922790527,1.0442709922790527,278400
1972-07-26,1.0598959922790527,1.0598959922790527,1.0572919845581055,1.0572919845581055,86400
1972-07-27,1.0416669845581055,1.0598959922790527,1.0416669845581055,1.0598959922790527,518400
1972-07-28,1.0494790077209473,1.0520830154418945,1.046875,1.046875,67200
1972-07-31,1.0494790077209473,1.0494790077209473,1.0442709922790527,1.0494790077209473,86400
1972-08-01,1.0625,1.0677080154418945,1.0442709922790527,1.0494790077209473,264000
1972-08-02,1.0729169845581055,1.078125,1.0572919845581055,1.0625,211200
1972-08-03,1.078125,1.078125,1.0625,1.0729169845581055,264000
1972-08-04,1.0885419845581055,1.09375,1.0833330154418945,1.0833330154418945,681600
1972-08-07,1.1015629768371582,1.1041669845581055,1.0989580154418945,1.0989580154418945,206400
1972-08-08,1.0989580154418945,1.1015629768371582,1.0989580154418945,1.1015629768371582,547200
1972-08-09,1.09375,1.1041669845581055,1.09375,1.0989580154418945,244800
1972-08-10,1.1041669845581055,1.1041669845581055,1.0989580154418945,1.0989580154418945,153600
1972-08-11,1.1041669845581055,1.1041669845581055,1.1015629768371582,1.1041669845581055,86400
1972-08-14,1.109375,1.1145830154418945,1.1041669845581055,1.1041669845581055,124800
1972-08-15,1.1171879768371582,1.125,1.1145830154418945,1.1145830154418945,120000
1972-08-16,1.1302080154418945,1.1354169845581055,1.125,1.125,81600
1972-08-17,1.1328129768371582,1.1354169845581055,1.1328129768371582,1.1328129768371582,67200
1972-08-18,1.1536459922790527,1.1614580154418945,1.1458330154418945,1.1458330154418945,321600
1972-08-21,1.1588540077209473,1.1588540077209473,1.1536459922790527,1.1536459922790527,19200
1972-08-22,1.1770830154418945,1.1770830154418945,1.1614580154418945,1.1614580154418945,350400
1972-08-23,1.1822919845581055,1.1822919845581055,1.171875,1.1770830154418945,177600
1972-08-24,1.1875,1.1875,1.1822919845581055,1.1822919845581055,72000
1972-08-25,1.1796879768371582,1.1848959922790527,1.1770830154418945,1.1848959922790527,244800
1972-08-28,1.1744790077209473,1.1822919845581055,1.1744790077209473,1.1796879768371582,81600
1972-08-29,1.171875,1.171875,1.171875,1.171875,52800
1972-08-30,1.1666669845581055,1.1744790077209473,1.1666669845581055,1.171875,91200
1972-08-31,1.1692709922790527,1.171875,1.1692709922790527,1.1692709922790527,33600
1972-09-01,1.1744790077209473,1.1744790077209473,1.1692709922790527,1.1692709922790527,48000
1972-09-05,1.1692709922790527,1.1770830154418945,1.1692709922790527,1.1744790077209473,172800
1972-09-06,1.1640629768371582,1.1666669845581055,1.1614580154418945,1.1666669845581055,100800
1972-09-07,1.1510419845581055,1.1588540077209473,1.1510419845581055,1.1588540077209473,33600
1972-09-08,1.1432290077209473,1.1458330154418945,1.1302080154418945,1.1458330154418945,211200
1972-09-11,1.1458330154418945,1.1458330154418945,1.140625,1.1432290077209473,33600
1972-09-12,1.15625,1.1588540077209473,1.1484379768371582,1.1484379768371582,139200
1972-09-13,1.15625,1.1614580154418945,1.15625,1.15625,134400
1972-09-14,1.15625,1.1614580154418945,1.15625,1.15625,230400
1972-09-15,1.1614580154418945,1.1614580154418945,1.15625,1.15625,0
1972-09-18,1.15625,1.15625,1.1484379768371582,1.15625,91200
1972-09-19,1.15625,1.15625,1.15625,1.15625,52800
1972-09-20,1.1458330154418945,1.15625,1.1458330154418945,1.15625,187200
1972-09-21,1.15625,1.15625,1.1484379768371582,1.1484379768371582,72000
1972-09-22,1.15625,1.1614580154418945,1.15625,1.15625,67200
1972-09-25,1.1510419845581055,1.1588540077209473,1.1510419845581055,1.15625,144000
1972-09-26,1.1458330154418945,1.1510419845581055,1.1380209922790527,1.1510419845581055,134400
1972-09-27,1.1302080154418945,1.140625,1.125,1.140625,192000
1972-09-28,1.1145830154418945,1.125,1.1145830154418945,1.125,129600
1972-09-29,1.1197919845581055,1.1223959922790527,1.109375,1.1145830154418945,148800
1972-10-02,1.1354169845581055,1.1354169845581055,1.125,1.125,72000
1972-10-03,1.140625,1.1458330154418945,1.1302080154418945,1.1354169845581055,124800
1972-10-04,1.15625,1.15625,1.1458330154418945,1.1458330154418945,67200
1972-10-05,1.1640629768371582,1.1692709922790527,1.1614580154418945,1.1614580154418945,432000
1972-10-06,1.1666669845581055,1.1692709922790527,1.1640629768371582,1.1640629768371582,787200
1972-10-09,1.1770830154418945,1.1770830154418945,1.171875,1.171875,57600
1972-10-10,1.171875,1.1744790077209473,1.1666669845581055,1.1744790077209473,115200
1972-10-11,1.1744790077209473,1.1744790077209473,1.1666669845581055,1.171875,163200
1972-10-12,1.1666669845581055,1.1744790077209473,1.1666669845581055,1.1744790077209473,33600
1972-10-13,1.140625,1.1614580154418945,1.140625,1.1614580154418945,86400
1972-10-16,1.109375,1.1328129768371582,1.109375,1.1328129768371582,67200
1972-10-17,1.1041669845581055,1.1067709922790527,1.0963540077209473,1.1067709922790527,96000
1972-10-18,1.125,1.125,1.1145830154418945,1.1145830154418945,139200
1972-10-19,1.125,1.1302080154418945,1.125,1.125,57600
1972-10-20,1.1328129768371582,1.1380209922790527,1.125,1.125,96000
1972-10-23,1.1770830154418945,1.1770830154418945,1.140625,1.140625,192000
1972-10-24,1.1770830154418945,1.1848959922790527,1.171875,1.1770830154418945,124800
1972-10-25,1.1666669845581055,1.1770830154418945,1.1666669845581055,1.1770830154418945,38400
1972-10-26,1.1588540077209473,1.1822919845581055,1.1588540077209473,1.1666669845581055,172800
1972-10-27,1.1614580154418945,1.1640629768371582,1.1614580154418945,1.1614580154418945,76800
1972-10-30,1.171875,1.171875,1.1614580154418945,1.1614580154418945,72000
1972-10-31,1.1770830154418945,1.1822919845581055,1.1692709922790527,1.171875,148800
1972-11-01,1.1875,1.1875,1.1770830154418945,1.1770830154418945,96000
1972-11-02,1.1875,1.1979169845581055,1.1875,1.1875,230400
1972-11-03,1.1927080154418945,1.1979169845581055,1.1927080154418945,1.1927080154418945,110400
1972-11-06,1.1875,1.1979169845581055,1.1875,1.1927080154418945,105600
1972-11-08,1.1927080154418945,1.1927080154418945,1.1875,1.1875,96000
1972-11-09,1.1953129768371582,1.203125,1.1927080154418945,1.1927080154418945,124800
1972-11-10,1.2135419845581055,1.2135419845581055,1.2005209922790527,1.2005209922790527,201600
1972-11-13,1.2161459922790527,1.2161459922790527,1.2083330154418945,1.2135419845581055,57600
1972-11-14,1.2057290077209473,1.2083330154418945,1.2057290077209473,1.2083330154418945,52800
1972-11-15,1.2109379768371582,1.2135419845581055,1.203125,1.2057290077209473,86400
1972-11-16,1.2083330154418945,1.2109379768371582,1.2083330154418945,1.2109379768371582,33600
1972-11-17,1.2083330154418945,1.2135419845581055,1.2005209922790527,1.2083330154418945,177600
1972-11-20,1.2005209922790527,1.2057290077209473,1.2005209922790527,1.2057290077209473,33600
1972-11-21,1.1979169845581055,1.2005209922790527,1.1979169845581055,1.2005209922790527,158400
1972-11-22,1.203125,1.2109379768371582,1.203125,1.203125,163200
1972-11-24,1.2083330154418945,1.2135419845581055,1.203125,1.203125,76800
1972-11-27,1.203125,1.203125,1.1979169845581055,1.203125,144000
1972-11-28,1.1979169845581055,1.203125,1.1979169845581055,1.203125,182400
1972-11-29,1.1979169845581055,1.1979169845581055,1.1979169845581055,1.1979169845581055,4800
1972-11-30,1.1927080154418945,1.1979169845581055,1.1927080154418945,1.1979169845581055,316800
1972-12-01,1.2005209922790527,1.203125,1.1927080154418945,1.1927080154418945,172800
1972-12-04,1.1979169845581055,1.203125,1.1979169845581055,1.2005209922790527,67200
1972-12-05,1.203125,1.203125,1.1953129768371582,1.1979169845581055,72000
1972-12-06,1.1953129768371582,1.203125,1.1927080154418945,1.203125,153600
1972-12-07,1.2005209922790527,1.2005209922790527,1.1927080154418945,1.1953129768371582,144000
1972-12-08,1.1953129768371582,1.2005209922790527,1.1927080154418945,1.2005209922790527,62400
1972-12-11,1.1979169845581055,1.203125,1.1953129768371582,1.1953129768371582,86400
1972-12-12,1.1953129768371582,1.203125,1.1953129768371582,1.1979169845581055,216000
1972-12-13,1.1979169845581055,1.1979169845581055,1.1927080154418945,1.1953129768371582,86400
1972-12-14,1.1979169845581055,1.2057290077209473,1.1953129768371582,1.1979169845581055,172800
1972-12-15,1.2057290077209473,1.2057290077209473,1.1953129768371582,1.1979169845581055,110400
1972-12-18,1.203125,1.2083330154418945,1.1979169845581055,1.2057290077209473,52800
1972-12-19,1.2083330154418945,1.2135419845581055,1.2005209922790527,1.203125,124800
1972-12-20,1.2135419845581055,1.2135419845581055,1.2057290077209473,1.2083330154418945,81600
1972-12-21,1.2239580154418945,1.2239580154418945,1.203125,1.2135419845581055,96000
1972-12-22,1.2161459922790527,1.2239580154418945,1.2109379768371582,1.2239580154418945,76800
1972-12-26,1.2161459922790527,1.2161459922790527,1.2161459922790527,1.2161459922790527,14400
1972-12-27,1.2239580154418945,1.2291669845581055,1.2135419845581055,1.2161459922790527,168000
1972-12-29,1.2760419845581055,1.2760419845581055,1.2291669845581055,1.2291669845581055,182400
1973-01-02,1.3072919845581055,1.3072919845581055,1.2916669845581055,1.2916669845581055,96000
1973-01-03,1.296875,1.3177080154418945,1.296875,1.3072919845581055,76800
1973-01-04,1.3072919845581055,1.3072919845581055,1.2942709922790527,1.296875,48000
1973-01-05,1.3046879768371582,1.3098959922790527,1.2942709922790527,1.3072919845581055,72000
1973-01-08,1.2916669845581055,1.3020830154418945,1.2916669845581055,1.3020830154418945,86400
1973-01-09,1.2916669845581055,1.2916669845581055,1.2916669845581055,1.2916669845581055,139200
1973-01-10,1.3072919845581055,1.3072919845581055,1.2994790077209473,1.2994790077209473,86400
1973-01-11,1.328125,1.3333330154418945,1.3046879768371582,1.3072919845581055,225600
1973-01-12,1.328125,1.34375,1.328125,1.328125,91200
1973-01-15,1.3385419845581055,1.3385419845581055,1.328125,1.328125,67200
1973-01-16,1.34375,1.34375,1.3307290077209473,1.3385419845581055,100800
1973-01-17,1.3151040077209473,1.3489580154418945,1.3125,1.34375,350400
1973-01-18,1.3177080154418945,1.3203129768371582,1.3072919845581055,1.3151040077209473,67200
1973-01-19,1.3177080154418945,1.3229169845581055,1.3072919845581055,1.3177080154418945,48000
1973-01-22,1.3307290077209473,1.3307290077209473,1.3229169845581055,1.3229169845581055,43200
1973-01-23,1.3203129768371582,1.3333330154418945,1.3125,1.3307290077209473,216000
1973-01-24,1.328125,1.328125,1.3177080154418945,1.3203129768371582,81600
1973-01-26,1.2864580154418945,1.3151040077209473,1.2864580154418945,1.3151040077209473,235200
1973-01-29,1.296875,1.296875,1.2864580154418945,1.2864580154418945,139200
1973-01-30,1.2760419845581055,1.2916669845581055,1.2760419845581055,1.2916669845581055,331200
1973-01-31,1.2760419845581055,1.2864580154418945,1.2760419845581055,1.2760419845581055,48000
1973-02-01,1.2447919845581055,1.2604169845581055,1.2447919845581055,1.2604169845581055,206400
1973-02-02,1.2395830154418945,1.25,1.2291669845581055,1.2447919845581055,48000
1973-02-05,1.21875,1.2395830154418945,1.21875,1.2395830154418945,115200
1973-02-06,1.1875,1.2083330154418945,1.1875,1.2083330154418945,273600
1973-02-07,1.1458330154418945,1.171875,1.1458330154418945,1.171875,158400
1973-02-08,1.140625,1.1458330154418945,1.1302080154418945,1.1458330154418945,398400
1973-02-09,1.1666669845581055,1.1666669845581055,1.1458330154418945,1.1458330154418945,91200
1973-02-12,1.171875,1.1875,1.171875,1.171875,427200
1973-02-13,1.1770830154418945,1.1770830154418945,1.1666669845581055,1.171875,115200
1973-02-14,1.1666669845581055,1.1770830154418945,1.1666669845581055,1.1770830154418945,105600
1973-02-15,1.1458330154418945,1.15625,1.1458330154418945,1.15625,76800
1973-02-16,1.1302080154418945,1.1458330154418945,1.1302080154418945,1.1458330154418945,81600
1973-02-20,1.125,1.1302080154418945,1.125,1.1302080154418945,72000
1973-02-21,1.1354169845581055,1.1354169845581055,1.1223959922790527,1.125,52800
1973-02-22,1.1223959922790527,1.1302080154418945,1.1223959922790527,1.1302080154418945,62400
1973-02-23,1.1067709922790527,1.1171879768371582,1.1067709922790527,1.1171879768371582,105600
1973-02-26,1.109375,1.109375,1.0989580154418945,1.1067709922790527,120000
1973-02-27,1.1145830154418945,1.1145830154418945,1.1041669845581055,1.109375,206400
1973-02-28,1.1119790077209473,1.1119790077209473,1.1067709922790527,1.1119790077209473,24000
1973-03-01,1.1171879768371582,1.125,1.1171879768371582,1.1171879768371582,100800
1973-03-02,1.1223959922790527,1.125,1.1119790077209473,1.1171879768371582,52800
1973-03-05,1.1458330154418945,1.1510419845581055,1.1354169845581055,1.1354169845581055,96000
1973-03-06,1.140625,1.1510419845581055,1.140625,1.1458330154418945,57600
1973-03-07,1.1354169845581055,1.140625,1.1302080154418945,1.140625,81600
1973-03-08,1.15625,1.1614580154418945,1.1380209922790527,1.1380209922790527,148800
1973-03-09,1.1614580154418945,1.1614580154418945,1.1510419845581055,1.15625,62400
1973-03-12,1.1614580154418945,1.1614580154418945,1.15625,1.1614580154418945,76800
1973-03-13,1.1588540077209473,1.1614580154418945,1.1510419845581055,1.1614580154418945,48000
1973-03-14,1.1744790077209473,1.1744790077209473,1.1666669845581055,1.1666669845581055,38400
1973-03-15,1.1796879768371582,1.1796879768371582,1.1692709922790527,1.1744790077209473,72000
1973-03-16,1.1770830154418945,1.1875,1.1770830154418945,1.1796879768371582,100800
1973-03-19,1.1796879768371582,1.1848959922790527,1.1744790077209473,1.1770830154418945,38400
1973-03-20,1.1666669845581055,1.1770830154418945,1.1614580154418945,1.1770830154418945,264000
1973-03-21,1.1666669845581055,1.1666669845581055,1.1614580154418945,1.1666669845581055,105600
1973-03-22,1.1614580154418945,1.1666669845581055,1.1614580154418945,1.1666669845581055,153600
1973-03-23,1.1588540077209473,1.1588540077209473,1.15625,1.1588540077209473,52800
1973-03-26,1.1666669845581055,1.1666669845581055,1.1614580154418945,1.1614580154418945,76800
1973-03-27,1.1666669845581055,1.1666669845581055,1.1666669845581055,1.1666669845581055,4800
1973-03-28,1.1822919845581055,1.1822919845581055,1.1770830154418945,1.1770830154418945,28800
1973-03-29,1.1848959922790527,1.1875,1.171875,1.1822919845581055,57600
1973-03-30,1.1770830154418945,1.1927080154418945,1.1770830154418945,1.1848959922790527,96000
1973-04-02,1.1614580154418945,1.171875,1.15625,1.171875,153600
1973-04-03,1.1614580154418945,1.1614580154418945,1.1614580154418945,1.1614580154418945,96000
1973-04-04,1.171875,1.171875,1.1666669845581055,1.1666669845581055,28800
1973-04-05,1.1614580154418945,1.1770830154418945,1.1614580154418945,1.171875,72000
1973-04-06,1.1614580154418945,1.1692709922790527,1.1614580154418945,1.1614580154418945,48000
1973-04-09,1.1770830154418945,1.1770830154418945,1.1666669845581055,1.1666669845581055,105600
1973-04-10,1.1875,1.1927080154418945,1.1875,1.1875,19200
1973-04-11,1.1927080154418945,1.1927080154418945,1.1822919845581055,1.1875,38400
1973-04-12,1.1822919845581055,1.1875,1.1822919845581055,1.1875,67200
1973-04-13,1.1770830154418945,1.1822919845581055,1.1666669845581055,1.1822919845581055,163200
1973-04-16,1.1822919845581055,1.1927080154418945,1.1796879768371582,1.1796879768371582,57600
1973-04-17,1.1875,1.1875,1.1822919845581055,1.1822919845581055,14400
1973-04-18,1.1979169845581055,1.1979169845581055,1.1979169845581055,1.1979169845581055,76800
1973-04-19,1.203125,1.203125,1.1875,1.1979169845581055,192000
1973-04-23,1.203125,1.2083330154418945,1.1979169845581055,1.203125,62400
1973-04-24,1.2083330154418945,1.2083330154418945,1.1927080154418945,1.203125,91200
1973-04-25,1.2083330154418945,1.2083330154418945,1.1979169845581055,1.2083330154418945,57600
1973-04-26,1.1927080154418945,1.203125,1.1927080154418945,1.203125,52800
1973-04-27,1.1770830154418945,1.1979169845581055,1.1770830154418945,1.1927080154418945,115200
1973-04-30,1.1692709922790527,1.1692709922790527,1.1458330154418945,1.1692709922790527,508800
1973-05-01,1.1770830154418945,1.1770830154418945,1.1692709922790527,1.1692709922790527,273600
1973-05-02,1.1692709922790527,1.1770830154418945,1.1692709922790527,1.1770830154418945,38400
1973-05-03,1.1796879768371582,1.1796879768371582,1.1692709922790527,1.1692709922790527,268800
1973-05-04,1.1901040077209473,1.1901040077209473,1.1692709922790527,1.1796879768371582,1185600
1973-05-07,1.1692709922790527,1.1796879768371582,1.1692709922790527,1.1796879768371582,52800
1973-05-08,1.1901040077209473,1.1901040077209473,1.1796879768371582,1.1796879768371582,38400
1973-05-09,1.1901040077209473,1.1901040077209473,1.1796879768371582,1.1901040077209473,76800
1973-05-10,1.1692709922790527,1.1796879768371582,1.1692709922790527,1.1796879768371582,552000
1973-05-11,1.1692709922790527,1.1692709922790527,1.1692709922790527,1.1692709922790527,28800
1973-05-14,1.1588540077209473,1.1588540077209473,1.1588540077209473,1.1588540077209473,67200
1973-05-15,1.1588540077209473,1.1588540077209473,1.1510419845581055,1.1588540077209473,62400
1973-05-16,1.1588540077209473,1.1692709922790527,1.1588540077209473,1.1588540077209473,172800
1973-05-17,1.1302080154418945,1.1510419845581055,1.1302080154418945,1.1510419845581055,81600
1973-05-18,1.1302080154418945,1.140625,1.1302080154418945,1.1302080154418945,360000
1973-05-21,1.1197919845581055,1.1302080154418945,1.1197919845581055,1.1302080154418945,148800
1973-05-22,1.1197919845581055,1.1197919845581055,1.1197919845581055,1.1197919845581055,100800
1973-05-23,1.1197919845581055,1.1197919845581055,1.109375,1.1197919845581055,124800
1973-05-24,1.1197919845581055,1.1197919845581055,1.109375,1.1197919845581055,14400
1973-05-25,1.1197919845581055,1.1197919845581055,1.0989580154418945,1.1197919845581055,57600
1973-05-29,1.1302080154418945,1.1302080154418945,1.1197919845581055,1.1197919845581055,43200
1973-05-30,1.140625,1.1510419845581055,1.1302080154418945,1.1302080154418945,168000
1973-05-31,1.1510419845581055,1.1510419845581055,1.1302080154418945,1.140625,72000
1973-06-01,1.1588540077209473,1.1692709922790527,1.1510419845581055,1.1510419845581055,33600
1973-06-04,1.1588540077209473,1.1588540077209473,1.1510419845581055,1.1588540077209473,57600
1973-06-05,1.1796879768371582,1.1901040077209473,1.1588540077209473,1.1588540077209473,331200
1973-06-06,1.1901040077209473,1.1901040077209473,1.1901040077209473,1.1901040077209473,28800
1973-06-07,1.1901040077209473,1.1901040077209473,1.1901040077209473,1.1901040077209473,115200
1973-06-08,1.1796879768371582,1.1901040077209473,1.1796879768371582,1.1901040077209473,91200
1973-06-11,1.1796879768371582,1.1796879768371582,1.1796879768371582,1.1796879768371582,33600
1973-06-12,1.2005209922790527,1.2005209922790527,1.1796879768371582,1.1796879768371582,96000
1973-06-13,1.1901040077209473,1.2005209922790527,1.1901040077209473,1.2005209922790527,297600
1973-06-14,1.1901040077209473,1.1901040077209473,1.1901040077209473,1.1901040077209473,19200
1973-06-15,1.1796879768371582,1.1796879768371582,1.1796879768371582,1.1796879768371582,19200
1973-06-18,1.1901040077209473,1.1901040077209473,1.1901040077209473,1.1901040077209473,24000
1973-06-19,1.1796879768371582,1.1901040077209473,1.1796879768371582,1.1901040077209473,201600
1973-06-20,1.1796879768371582,1.1796879768371582,1.1588540077209473,1.1796879768371582,81600
1973-06-21,1.1796879768371582,1.1796879768371582,1.1692709922790527,1.1796879768371582,43200
1973-06-22,1.1692709922790527,1.1796879768371582,1.1692709922790527,1.1796879768371582,76800
1973-06-25,1.1796879768371582,1.1796879768371582,1.1796879768371582,1.1796879768371582,105600
1973-06-26,1.1796879768371582,1.1796879768371582,1.1692709922790527,1.1796879768371582,120000
1973-06-27,1.1692709922790527,1.1692709922790527,1.1692709922790527,1.1692709922790527,14400
1973-06-28,1.1692709922790527,1.1692709922790527,1.1692709922790527,1.1692709922790527,19200
1973-06-29,1.1901040077209473,1.1901040077209473,1.1901040077209473,1.1901040077209473,148800
1973-07-02,1.1901040077209473,1.1901040077209473,1.1796879768371582,1.1901040077209473,48000
1973-07-03,1.1901040077209473,1.2005209922790527,1.1901040077209473,1.1901040077209473,254400
1973-07-05,1.1796879768371582,1.1901040077209473,1.1796879768371582,1.1901040077209473,72000
1973-07-06,1.1796879768371582,1.1796879768371582,1.1796879768371582,1.1796879768371582,38400
1973-07-09,1.1901040077209473,1.1901040077209473,1.1796879768371582,1.1796879768371582,48000
1973-07-10,1.2005209922790527,1.2109379768371582,1.2005209922790527,1.2005209922790527,240000
1973-07-11,1.2291669845581055,1.2395830154418945,1.2109379768371582,1.2109379768371582,288000
1973-07-12,1.2395830154418945,1.2395830154418945,1.21875,1.2291669845581055,206400
1973-07-13,1.21875,1.2291669845581055,1.21875,1.2291669845581055,57600
1973-07-16,1.21875,1.2291669845581055,1.2109379768371582,1.21875,38400
1973-07-17,1.21875,1.2291669845581055,1.2109379768371582,1.21875,33600
1973-07-18,1.21875,1.21875,1.21875,1.21875,0
1973-07-19,1.2291669845581055,1.2291669845581055,1.2109379768371582,1.21875,28800
1973-07-20,1.21875,1.21875,1.2109379768371582,1.21875,67200
1973-07-23,1.1901040077209473,1.21875,1.1901040077209473,1.21875,62400
1973-07-24,1.2109379768371582,1.2109379768371582,1.1796879768371582,1.1901040077209473,192000
1973-07-25,1.2291669845581055,1.2291669845581055,1.21875,1.21875,288000
1973-07-26,1.25,1.2604169845581055,1.2291669845581055,1.2291669845581055,456000
1973-07-27,1.25,1.25,1.25,1.25,129600
1973-07-30,1.2291669845581055,1.25,1.2291669845581055,1.25,33600
1973-07-31,1.21875,1.2291669845581055,1.21875,1.2291669845581055,9600
1973-08-01,1.21875,1.21875,1.21875,1.21875,33600
1973-08-02,1.2291669845581055,1.2291669845581055,1.21875,1.21875,24000
1973-08-03,1.2604169845581055,1.2708330154418945,1.2604169845581055,1.2604169845581055,268800
1973-08-06,1.25,1.25,1.25,1.25,33600
1973-08-07,1.2291669845581055,1.25,1.2291669845581055,1.25,38400
1973-08-08,1.2109379768371582,1.21875,1.2109379768371582,1.21875,57600
1973-08-09,1.1901040077209473,1.2005209922790527,1.1796879768371582,1.2005209922790527,412800
1973-08-10,1.1796879768371582,1.1901040077209473,1.1796879768371582,1.1901040077209473,67200
1973-08-13,1.1796879768371582,1.1796879768371582,1.1796879768371582,1.1796879768371582,14400
1973-08-14,1.1796879768371582,1.1796879768371582,1.1796879768371582,1.1796879768371582,96000
1973-08-15,1.1796879768371582,1.1796879768371582,1.1796879768371582,1.1796879768371582,4800
1973-08-16,1.1901040077209473,1.1901040077209473,1.1796879768371582,1.1796879768371582,216000
1973-08-17,1.1901040077209473,1.1901040077209473,1.1796879768371582,1.1901040077209473,14400
1973-08-20,1.1901040077209473,1.1901040077209473,1.1901040077209473,1.1901040077209473,0
1973-08-21,1.1796879768371582,1.1796879768371582,1.1796879768371582,1.1796879768371582,19200
1973-08-22,1.1796879768371582,1.1796879768371582,1.1796879768371582,1.1796879768371582,62400
1973-08-23,1.2005209922790527,1.2005209922790527,1.1796879768371582,1.1796879768371582,172800
1973-08-24,1.2005209922790527,1.2109379768371582,1.2005209922790527,1.2005209922790527,19200
1973-08-27,1.2005209922790527,1.2005209922790527,1.2005209922790527,1.2005209922790527,62400
1973-08-28,1.1901040077209473,1.1901040077209473,1.1901040077209473,1.1901040077209473,182400
1973-08-29,1.2005209922790527,1.2005209922790527,1.1796879768371582,1.1901040077209473,91200
1973-08-30,1.2109379768371582,1.2109379768371582,1.1901040077209473,1.2005209922790527,52800
1973-08-31,1.2109379768371582,1.2109379768371582,1.1901040077209473,1.2109379768371582,100800
1973-09-04,1.21875,1.2291669845581055,1.2109379768371582,1.2109379768371582,1195200
1973-09-05,1.2291669845581055,1.2291669845581055,1.2291669845581055,1.2291669845581055,52800
1973-09-06,1.25,1.25,1.2291669845581055,1.2291669845581055,72000
1973-09-07,1.25,1.25,1.2395830154418945,1.25,3048000
1973-09-10,1.2395830154418945,1.25,1.2395830154418945,1.25,43200
1973-09-11,1.2291669845581055,1.2291669845581055,1.21875,1.2291669845581055,91200
1973-09-12,1.21875,1.21875,1.21875,1.21875,72000
1973-09-13,1.2291669845581055,1.2291669845581055,1.21875,1.21875,129600
1973-09-14,1.2395830154418945,1.2395830154418945,1.2291669845581055,1.2291669845581055,48000
1973-09-17,1.25,1.25,1.2395830154418945,1.2395830154418945,148800
1973-09-18,1.2291669845581055,1.25,1.21875,1.25,163200
1973-09-19,1.2291669845581055,1.2395830154418945,1.2291669845581055,1.2291669845581055,206400
1973-09-20,1.2604169845581055,1.2604169845581055,1.2291669845581055,1.2291669845581055,825600
1973-09-21,1.28125,1.28125,1.2604169845581055,1.2604169845581055,33600
1973-09-24,1.2708330154418945,1.2708330154418945,1.2708330154418945,1.2708330154418945,76800
1973-09-25,1.2890629768371582,1.2890629768371582,1.2604169845581055,1.2708330154418945,129600
1973-09-26,1.2890629768371582,1.2890629768371582,1.28125,1.2890629768371582,81600
1973-09-27,1.28125,1.2890629768371582,1.28125,1.2890629768371582,115200
1973-09-28,1.2604169845581055,1.2708330154418945,1.25,1.2708330154418945,216000
1973-10-01,1.2604169845581055,1.2604169845581055,1.25,1.2604169845581055,201600
1973-10-02,1.2604169845581055,1.2604169845581055,1.2604169845581055,1.2604169845581055,4800
1973-10-03,1.28125,1.28125,1.2604169845581055,1.2604169845581055,81600
1973-10-04,1.2708330154418945,1.28125,1.2708330154418945,1.28125,38400
1973-10-05,1.2708330154418945,1.28125,1.2708330154418945,1.2708330154418945,76800
1973-10-08,1.2708330154418945,1.28125,1.2708330154418945,1.2708330154418945,48000
1973-10-09,1.2890629768371582,1.2890629768371582,1.2708330154418945,1.2708330154418945,139200
1973-10-10,1.2890629768371582,1.2890629768371582,1.2890629768371582,1.2890629768371582,24000
1973-10-11,1.2890629768371582,1.2890629768371582,1.28125,1.2890629768371582,158400
1973-10-12,1.2890629768371582,1.2994790077209473,1.2890629768371582,1.2890629768371582,67200
1973-10-15,1.2994790077209473,1.2994790077209473,1.2994790077209473,1.2994790077209473,86400
1973-10-16,1.3098959922790527,1.3203129768371582,1.3098959922790527,1.3098959922790527,105600
1973-10-17,1.3203129768371582,1.3203129768371582,1.3098959922790527,1.3098959922790527,254400
1973-10-18,1.3489580154418945,1.3489580154418945,1.3203129768371582,1.3203129768371582,139200
1973-10-19,1.3489580154418945,1.3489580154418945,1.3411459922790527,1.3489580154418945,158400
1973-10-22,1.3489580154418945,1.3489580154418945,1.3489580154418945,1.3489580154418945,264000
1973-10-23,1.3489580154418945,1.3489580154418945,1.3411459922790527,1.3489580154418945,196800
1973-10-24,1.3802080154418945,1.390625,1.359375,1.359375,542400
1973-10-25,1.390625,1.390625,1.3802080154418945,1.3802080154418945,134400
1973-10-26,1.4010419845581055,1.4088540077209473,1.390625,1.390625,384000
1973-10-29,1.390625,1.390625,1.3802080154418945,1.390625,38400
1973-10-30,1.4010419845581055,1.4010419845581055,1.390625,1.390625,216000
1973-10-31,1.390625,1.4010419845581055,1.390625,1.4010419845581055,100800
1973-11-01,1.3697919845581055,1.390625,1.3697919845581055,1.390625,120000
1973-11-02,1.3697919845581055,1.3697919845581055,1.3697919845581055,1.3697919845581055,547200
1973-11-05,1.3697919845581055,1.3697919845581055,1.359375,1.3697919845581055,124800
1973-11-06,1.3697919845581055,1.390625,1.3697919845581055,1.3697919845581055,86400
1973-11-07,1.3697919845581055,1.3697919845581055,1.3697919845581055,1.3697919845581055,62400
1973-11-08,1.3802080154418945,1.390625,1.3697919845581055,1.3697919845581055,134400
1973-11-09,1.390625,1.390625,1.3697919845581055,1.3802080154418945,129600
1973-11-12,1.3697919845581055,1.3802080154418945,1.3697919845581055,1.3802080154418945,244800
1973-11-13,1.3802080154418945,1.390625,1.3697919845581055,1.3697919845581055,494400
1973-11-14,1.359375,1.390625,1.359375,1.3802080154418945,326400
1973-11-15,1.359375,1.359375,1.3489580154418945,1.359375,57600
1973-11-16,1.3697919845581055,1.3697919845581055,1.3489580154418945,1.359375,172800
1973-11-19,1.3203129768371582,1.359375,1.3203129768371582,1.359375,201600
1973-11-20,1.2395830154418945,1.3098959922790527,1.2395830154418945,1.3098959922790527,316800
1973-11-21,1.2291669845581055,1.2395830154418945,1.21875,1.2395830154418945,153600
1973-11-23,1.25,1.25,1.2395830154418945,1.2395830154418945,81600
1973-11-26,1.2395830154418945,1.2604169845581055,1.2395830154418945,1.25,240000
1973-11-27,1.21875,1.2291669845581055,1.2109379768371582,1.2291669845581055,144000
1973-11-28,1.2291669845581055,1.2291669845581055,1.2291669845581055,1.2291669845581055,33600
1973-11-29,1.2291669845581055,1.2291669845581055,1.2291669845581055,1.2291669845581055,62400
1973-11-30,1.2604169845581055,1.2604169845581055,1.2291669845581055,1.2291669845581055,422400
1973-12-03,1.25,1.2604169845581055,1.25,1.2604169845581055,302400
1973-12-04,1.25,1.25,1.2395830154418945,1.25,72000
1973-12-05,1.25,1.25,1.2395830154418945,1.25,297600
1973-12-06,1.2291669845581055,1.2291669845581055,1.2109379768371582,1.2291669845581055,235200
1973-12-07,1.2291669845581055,1.2291669845581055,1.21875,1.2291669845581055,249600
1973-12-10,1.2291669845581055,1.2291669845581055,1.2291669845581055,1.2291669845581055,72000
1973-12-11,1.2395830154418945,1.25,1.2291669845581055,1.2291669845581055,168000
1973-12-12,1.2109379768371582,1.2291669845581055,1.2109379768371582,1.2291669845581055,81600
1973-12-13,1.2005209922790527,1.21875,1.1901040077209473,1.2109379768371582,196800
1973-12-14,1.2291669845581055,1.2291669845581055,1.2005209922790527,1.2005209922790527,115200
1973-12-17,1.21875,1.2291669845581055,1.2109379768371582,1.2291669845581055,91200
1973-12-18,1.25,1.25,1.2005209922790527,1.21875,892800
1973-12-19,1.2395830154418945,1.2708330154418945,1.2395830154418945,1.25,100800
1973-12-20,1.25,1.25,1.2395830154418945,1.2395830154418945,43200
1973-12-21,1.2395830154418945,1.2395830154418945,1.2395830154418945,1.2395830154418945,52800
1973-12-24,1.25,1.25,1.2395830154418945,1.2395830154418945,62400
1973-12-26,1.25,1.2604169845581055,1.25,1.25,86400
1973-12-27,1.25,1.2604169845581055,1.2395830154418945,1.25,484800
1973-12-28,1.2604169845581055,1.2604169845581055,1.2604169845581055,1.2604169845581055,24000
1973-12-31,1.2604169845581055,1.2708330154418945,1.2604169845581055,1.2604169845581055,19200
1974-01-02,1.2604169845581055,1.2604169845581055,1.2604169845581055,1.2604169845581055,43200
1974-01-03,1.2994790077209473,1.2994790077209473,1.28125,1.28125,312000
1974-01-04,1.3203129768371582,1.3411459922790527,1.3098959922790527,1.3098959922790527,796800
1974-01-07,1.3098959922790527,1.3203129768371582,1.2994790077209473,1.3203129768371582,182400
1974-01-08,1.3203129768371582,1.3307290077209473,1.3098959922790527,1.3098959922790527,158400
1974-01-09,1.3411459922790527,1.3411459922790527,1.3203129768371582,1.3203129768371582,81600
1974-01-10,1.3307290077209473,1.3411459922790527,1.3203129768371582,1.3411459922790527,230400
1974-01-11,1.3203129768371582,1.3203129768371582,1.3203129768371582,1.3203129768371582,9600
1974-01-14,1.3098959922790527,1.3098959922790527,1.3098959922790527,1.3098959922790527,9600
1974-01-15,1.3098959922790527,1.3203129768371582,1.3098959922790527,1.3098959922790527,62400
1974-01-16,1.3203129768371582,1.3307290077209473,1.3203129768371582,1.3203129768371582,172800
1974-01-17,1.3203129768371582,1.3203129768371582,1.3203129768371582,1.3203129768371582,33600
1974-01-18,1.3203129768371582,1.3411459922790527,1.3203129768371582,1.3203129768371582,24000
1974-01-21,1.3307290077209473,1.3307290077209473,1.3098959922790527,1.3203129768371582,158400
1974-01-22,1.3411459922790527,1.3411459922790527,1.3307290077209473,1.3307290077209473,81600
1974-01-23,1.3411459922790527,1.3411459922790527,1.3307290077209473,1.3411459922790527,144000
1974-01-24,1.3411459922790527,1.3411459922790527,1.3411459922790527,1.3411459922790527,225600
1974-01-25,1.3307290077209473,1.3411459922790527,1.3307290077209473,1.3411459922790527,345600
1974-01-28,1.3203129768371582,1.3203129768371582,1.3098959922790527,1.3203129768371582,172800
1974-01-29,1.3203129768371582,1.3203129768371582,1.3203129768371582,1.3203129768371582,38400
1974-01-30,1.3411459922790527,1.3411459922790527,1.3307290077209473,1.3307290077209473,244800
1974-01-31,1.3411459922790527,1.3411459922790527,1.3411459922790527,1.3411459922790527,24000
1974-02-01,1.3489580154418945,1.3489580154418945,1.3411459922790527,1.3411459922790527,139200
1974-02-04,1.359375,1.359375,1.3411459922790527,1.3489580154418945,168000
1974-02-05,1.3489580154418945,1.3489580154418945,1.3489580154418945,1.3489580154418945,72000
1974-02-06,1.3489580154418945,1.3489580154418945,1.3411459922790527,1.3489580154418945,52800
1974-02-07,1.3489580154418945,1.3697919845581055,1.3489580154418945,1.3489580154418945,148800
1974-02-08,1.3489580154418945,1.359375,1.3489580154418945,1.3489580154418945,38400
1974-02-11,1.3489580154418945,1.3489580154418945,1.3489580154418945,1.3489580154418945,38400
1974-02-12,1.3203129768371582,1.359375,1.3098959922790527,1.3489580154418945,470400
1974-02-13,1.3411459922790527,1.3411459922790527,1.3203129768371582,1.3203129768371582,28800
1974-02-14,1.3307290077209473,1.3307290077209473,1.3307290077209473,1.3307290077209473,4800
1974-02-15,1.3203129768371582,1.3203129768371582,1.3203129768371582,1.3203129768371582,52800
1974-02-19,1.3307290077209473,1.3307290077209473,1.3203129768371582,1.3203129768371582,81600
1974-02-20,1.3411459922790527,1.3489580154418945,1.3203129768371582,1.3307290077209473,134400
1974-02-21,1.3489580154418945,1.3489580154418945,1.3411459922790527,1.3411459922790527,72000
1974-02-22,1.3489580154418945,1.359375,1.3411459922790527,1.3489580154418945,288000
1974-02-25,1.3489580154418945,1.3489580154418945,1.3411459922790527,1.3489580154418945,14400
1974-02-26,1.3489580154418945,1.359375,1.3411459922790527,1.3489580154418945,62400
1974-02-27,1.3307290077209473,1.3411459922790527,1.3307290077209473,1.3411459922790527,72000
1974-02-28,1.3411459922790527,1.3489580154418945,1.3411459922790527,1.3411459922790527,81600
1974-03-01,1.3411459922790527,1.3411459922790527,1.3411459922790527,1.3411459922790527,14400
1974-03-04,1.3411459922790527,1.3411459922790527,1.3203129768371582,1.3411459922790527,67200
1974-03-05,1.3307290077209473,1.3411459922790527,1.3307290077209473,1.3411459922790527,14400
1974-03-06,1.3203129768371582,1.3203129768371582,1.3203129768371582,1.3203129768371582,14400
1974-03-07,1.3203129768371582,1.3411459922790527,1.3203129768371582,1.3203129768371582,81600
1974-03-08,1.3203129768371582,1.3307290077209473,1.3203129768371582,1.3203129768371582,120000
1974-03-11,1.3203129768371582,1.3203129768371582,1.3203129768371582,1.3203129768371582,57600
1974-03-12,1.3203129768371582,1.3203129768371582,1.3203129768371582,1.3203129768371582,28800
1974-03-13,1.3203129768371582,1.3203129768371582,1.3203129768371582,1.3203129768371582,105600
1974-03-14,1.3203129768371582,1.3203129768371582,1.3098959922790527,1.3203129768371582,374400
1974-03-15,1.3203129768371582,1.3307290077209473,1.3203129768371582,1.3203129768371582,96000
1974-03-18,1.3203129768371582,1.3203129768371582,1.3098959922790527,1.3203129768371582,38400
1974-03-19,1.3411459922790527,1.3411459922790527,1.3203129768371582,1.3203129768371582,312000
1974-03-20,1.359375,1.359375,1.3411459922790527,1.3411459922790527,230400
1974-03-21,1.359375,1.3697919845581055,1.359375,1.359375,168000
1974-03-22,1.3411459922790527,1.359375,1.3411459922790527,1.359375,100800
1974-03-25,1.3307290077209473,1.3411459922790527,1.3203129768371582,1.3411459922790527,24000
1974-03-26,1.3098959922790527,1.3411459922790527,1.2994790077209473,1.3307290077209473,158400
1974-03-27,1.2994790077209473,1.3098959922790527,1.2994790077209473,1.3098959922790527,52800
1974-03-28,1.2890629768371582,1.2994790077209473,1.28125,1.2994790077209473,163200
1974-03-29,1.2604169845581055,1.28125,1.25,1.28125,48000
1974-04-01,1.25,1.25,1.2395830154418945,1.25,153600
1974-04-02,1.2395830154418945,1.25,1.2395830154418945,1.25,9600
1974-04-03,1.2005209922790527,1.2291669845581055,1.2005209922790527,1.2291669845581055,268800
1974-04-04,1.21875,1.21875,1.2005209922790527,1.2005209922790527,38400
1974-04-05,1.2291669845581055,1.2291669845581055,1.2291669845581055,1.2291669845581055,72000
1974-04-08,1.2109379768371582,1.2291669845581055,1.2109379768371582,1.2291669845581055,297600
1974-04-09,1.2005209922790527,1.2109379768371582,1.2005209922790527,1.2109379768371582,43200
1974-04-10,1.2005209922790527,1.2005209922790527,1.2005209922790527,1.2005209922790527,38400
1974-04-11,1.1901040077209473,1.2005209922790527,1.1901040077209473,1.2005209922790527,220800
1974-04-15,1.1796879768371582,1.1901040077209473,1.1796879768371582,1.1901040077209473,254400
1974-04-16,1.1901040077209473,1.1901040077209473,1.1796879768371582,1.1796879768371582,100800
1974-04-17,1.2109379768371582,1.2109379768371582,1.1901040077209473,1.1901040077209473,115200
1974-04-18,1.2109379768371582,1.21875,1.2109379768371582,1.2109379768371582,48000
1974-04-19,1.2291669845581055,1.2291669845581055,1.21875,1.21875,57600
1974-04-22,1.2109379768371582,1.21875,1.2109379768371582,1.21875,52800
1974-04-23,1.2005209922790527,1.2109379768371582,1.1901040077209473,1.2109379768371582,86400
1974-04-24,1.2005209922790527,1.2005209922790527,1.2005209922790527,1.2005209922790527,9600
1974-04-25,1.1901040077209473,1.2005209922790527,1.1901040077209473,1.2005209922790527,91200
1974-04-26,1.2005209922790527,1.2005209922790527,1.1901040077209473,1.1901040077209473,52800
1974-04-29,1.1796879768371582,1.1901040077209473,1.1796879768371582,1.1901040077209473,57600
1974-04-30,1.1510419845581055,1.1692709922790527,1.1510419845581055,1.1692709922790527,489600
1974-05-01,1.1692709922790527,1.1692709922790527,1.1510419845581055,1.1510419845581055,216000
1974-05-02,1.1510419845581055,1.1588540077209473,1.1510419845581055,1.1588540077209473,19200
1974-05-03,1.1197919845581055,1.140625,1.1197919845581055,1.140625,76800
1974-05-06,1.0989580154418945,1.1197919845581055,1.0989580154418945,1.1197919845581055,148800
1974-05-07,1.0598959922790527,1.0911459922790527,1.0598959922790527,1.0911459922790527,144000
1974-05-08,1.0390629768371582,1.0598959922790527,1.0390629768371582,1.0598959922790527,139200
1974-05-09,1.0208330154418945,1.03125,1.0208330154418945,1.03125,259200
1974-05-10,0.9609379768371582,1.0208330154418945,0.9609379768371582,1.0208330154418945,384000
1974-05-13,0.96875,0.9791669845581055,0.9609379768371582,0.9609379768371582,76800
1974-05-14,0.9895830154418945,1.0,0.9609379768371582,0.96875,153600
1974-05-15,1.0,1.0104169845581055,1.0,1.0,96000
1974-05-16,1.0,1.0,1.0,1.0,105600
1974-05-17,0.96875,0.9895830154418945,0.96875,0.9895830154418945,148800
1974-05-20,0.9401040077209473,0.9609379768371582,0.9401040077209473,0.9609379768371582,158400
1974-05-21,0.9401040077209473,0.9505209922790527,0.9401040077209473,0.9401040077209473,259200
1974-05-22,0.9296879768371582,0.9401040077209473,0.9296879768371582,0.9401040077209473,115200
1974-05-23,0.9192709922790527,0.9401040077209473,0.9192709922790527,0.9296879768371582,48000
1974-05-24,0.9296879768371582,0.9296879768371582,0.9192709922790527,0.9192709922790527,76800
1974-05-28,0.9609379768371582,0.96875,0.9401040077209473,0.9401040077209473,153600
1974-05-29,0.9791669845581055,1.0,0.96875,0.96875,268800
1974-05-30,0.9505209922790527,0.96875,0.9505209922790527,0.96875,110400
1974-05-31,0.9401040077209473,0.9609379768371582,0.9401040077209473,0.9505209922790527,321600
1974-06-03,0.9401040077209473,0.9401040077209473,0.9296879768371582,0.9401040077209473,48000
1974-06-04,0.9401040077209473,0.9401040077209473,0.9296879768371582,0.9401040077209473,148800
1974-06-05,0.9088540077209473,0.9296879768371582,0.9088540077209473,0.9296879768371582,268800
1974-06-06,0.9296879768371582,0.9296879768371582,0.9192709922790527,0.9192709922790527,81600
1974-06-07,0.9296879768371582,0.9296879768371582,0.9296879768371582,0.9296879768371582,230400
1974-06-10,0.9296879768371582,0.9401040077209473,0.9192709922790527,0.9296879768371582,336000
1974-06-11,0.9192709922790527,0.9192709922790527,0.9192709922790527,0.9192709922790527,139200
1974-06-12,0.9192709922790527,0.9296879768371582,0.9192709922790527,0.9192709922790527,110400
1974-06-13,0.9192709922790527,0.9192709922790527,0.9192709922790527,0.9192709922790527,43200
1974-06-14,0.9296879768371582,0.9296879768371582,0.9296879768371582,0.9296879768371582,187200
1974-06-17,0.890625,0.9296879768371582,0.890625,0.9296879768371582,182400
1974-06-18,0.8802080154418945,0.9010419845581055,0.8802080154418945,0.890625,158400
1974-06-19,0.859375,0.8802080154418945,0.859375,0.8802080154418945,129600
1974-06-20,0.8411459922790527,0.8489580154418945,0.8411459922790527,0.8489580154418945,38400
1974-06-21,0.8203129768371582,0.8411459922790527,0.8098959922790527,0.8411459922790527,105600
1974-06-24,0.7994790077209473,0.8203129768371582,0.7890629768371582,0.8203129768371582,288000
1974-06-25,0.8098959922790527,0.8203129768371582,0.7994790077209473,0.7994790077209473,288000
1974-06-26,0.7994790077209473,0.8203129768371582,0.7994790077209473,0.8098959922790527,76800
1974-06-27,0.78125,0.7994790077209473,0.7708330154418945,0.7994790077209473,129600
1974-06-28,0.78125,0.78125,0.7708330154418945,0.78125,158400
1974-07-01,0.7890629768371582,0.7890629768371582,0.7708330154418945,0.78125,72000
1974-07-02,0.75,0.78125,0.75,0.78125,72000
1974-07-03,0.6796879768371582,0.7291669845581055,0.6692709922790527,0.7291669845581055,244800
1974-07-05,0.6588540077209473,0.6796879768371582,0.6588540077209473,0.6796879768371582,158400
1974-07-08,0.640625,0.6588540077209473,0.6197919845581055,0.6588540077209473,403200
1974-07-09,0.6588540077209473,0.6588540077209473,0.6197919845581055,0.640625,105600
1974-07-10,0.6796879768371582,0.6796879768371582,0.6692709922790527,0.6692709922790527,91200
1974-07-11,0.6692709922790527,0.6796879768371582,0.6692709922790527,0.6796879768371582,129600
1974-07-12,0.7005209922790527,0.7005209922790527,0.6692709922790527,0.6692709922790527,196800
1974-07-15,0.6796879768371582,0.7005209922790527,0.6796879768371582,0.7005209922790527,76800
1974-07-16,0.6796879768371582,0.6901040077209473,0.6796879768371582,0.6796879768371582,67200
1974-07-17,0.6510419845581055,0.6692709922790527,0.6510419845581055,0.6692709922790527,1012800
1974-07-18,0.6692709922790527,0.6692709922790527,0.6510419845581055,0.6510419845581055,302400
1974-07-19,0.6901040077209473,0.6901040077209473,0.6692709922790527,0.6692709922790527,96000
1974-07-22,0.6796879768371582,0.6901040077209473,0.6692709922790527,0.6901040077209473,134400
1974-07-23,0.6796879768371582,0.6901040077209473,0.6796879768371582,0.6796879768371582,24000
1974-07-24,0.71875,0.71875,0.6796879768371582,0.6796879768371582,307200
1974-07-25,0.7395830154418945,0.7395830154418945,0.7291669845581055,0.7291669845581055,355200
1974-07-26,0.7395830154418945,0.75,0.7395830154418945,0.7395830154418945,48000
1974-07-29,0.71875,0.7291669845581055,0.71875,0.7291669845581055,129600
1974-07-30,0.7291669845581055,0.7291669845581055,0.71875,0.71875,57600
1974-07-31,0.7109379768371582,0.71875,0.7109379768371582,0.71875,52800
1974-08-01,0.7109379768371582,0.7109379768371582,0.7109379768371582,0.7109379768371582,67200
1974-08-02,0.71875,0.71875,0.7109379768371582,0.7109379768371582,28800
1974-08-05,0.7005209922790527,0.7109379768371582,0.7005209922790527,0.7109379768371582,873600
1974-08-06,0.7005209922790527,0.7005209922790527,0.7005209922790527,0.7005209922790527,48000
1974-08-07,0.7109379768371582,0.7109379768371582,0.6796879768371582,0.7005209922790527,576000
1974-08-08,0.7005209922790527,0.7005209922790527,0.7005209922790527,0.7005209922790527,187200
1974-08-09,0.7005209922790527,0.7109379768371582,0.7005209922790527,0.7005209922790527,172800
1974-08-12,0.6692709922790527,0.6901040077209473,0.6692709922790527,0.6901040077209473,134400
1974-08-13,0.640625,0.6588540077209473,0.640625,0.6588540077209473,216000
1974-08-14,0.6197919845581055,0.640625,0.6197919845581055,0.640625,470400
1974-08-15,0.5989580154418945,0.6197919845581055,0.5911459922790527,0.6197919845581055,249600
1974-08-16,0.609375,0.609375,0.609375,0.609375,14400
1974-08-19,0.6197919845581055,0.640625,0.6197919845581055,0.6197919845581055,91200
1974-08-20,0.6197919845581055,0.6197919845581055,0.6197919845581055,0.6197919845581055,14400
1974-08-21,0.609375,0.6197919845581055,0.609375,0.6197919845581055,153600
1974-08-22,0.5911459922790527,0.609375,0.5911459922790527,0.609375,139200
1974-08-23,0.5807290077209473,0.5911459922790527,0.5703129768371582,0.5911459922790527,316800
1974-08-26,0.5598959922790527,0.5703129768371582,0.5598959922790527,0.5703129768371582,345600
1974-08-27,0.5494790077209473,0.5494790077209473,0.5390629768371582,0.5494790077209473,864000
1974-08-28,0.5598959922790527,0.5598959922790527,0.5390629768371582,0.5494790077209473,1118400
1974-08-29,0.5598959922790527,0.5703129768371582,0.5598959922790527,0.5598959922790527,163200
1974-08-30,0.5807290077209473,0.5807290077209473,0.5598959922790527,0.5598959922790527,86400
1974-09-03,0.5911459922790527,0.5911459922790527,0.5911459922790527,0.5911459922790527,206400
1974-09-04,0.5807290077209473,0.5911459922790527,0.5703129768371582,0.5911459922790527,206400
1974-09-05,0.5807290077209473,0.5911459922790527,0.5807290077209473,0.5807290077209473,220800
1974-09-06,0.5911459922790527,0.5989580154418945,0.5911459922790527,0.5911459922790527,201600
1974-09-09,0.5911459922790527,0.5911459922790527,0.5807290077209473,0.5911459922790527,196800
1974-09-10,0.5807290077209473,0.5911459922790527,0.5807290077209473,0.5911459922790527,124800
1974-09-11,0.5703129768371582,0.5807290077209473,0.5703129768371582,0.5807290077209473,724800
1974-09-12,0.53125,0.5598959922790527,0.53125,0.5598959922790527,153600
1974-09-13,0.53125,0.5390629768371582,0.53125,0.53125,201600
1974-09-16,0.5494790077209473,0.5494790077209473,0.5390629768371582,0.5390629768371582,52800
1974-09-17,0.5390629768371582,0.5494790077209473,0.5390629768371582,0.5494790077209473,67200
1974-09-18,0.5390629768371582,0.5390629768371582,0.5208330154418945,0.5390629768371582,216000
1974-09-19,0.5494790077209473,0.5494790077209473,0.53125,0.5390629768371582,182400
1974-09-20,0.5703129768371582,0.5703129768371582,0.5494790077209473,0.5494790077209473,211200
1974-09-23,0.5807290077209473,0.5911459922790527,0.5703129768371582,0.5703129768371582,192000
1974-09-24,0.5703129768371582,0.5911459922790527,0.5703129768371582,0.5807290077209473,81600
1974-09-25,0.5703129768371582,0.5807290077209473,0.5598959922790527,0.5703129768371582,182400
1974-09-26,0.5598959922790527,0.5598959922790527,0.5598959922790527,0.5598959922790527,19200
1974-09-27,0.5494790077209473,0.5598959922790527,0.5494790077209473,0.5598959922790527,19200
1974-09-30,0.5208330154418945,0.5390629768371582,0.5208330154418945,0.5390629768371582,206400
1974-10-01,0.48958298563957214,0.5104169845581055,0.47916701436042786,0.5104169845581055,4382400
1974-10-02,0.5104169845581055,0.5104169845581055,0.5,0.5,172800
1974-10-03,0.5104169845581055,0.5208330154418945,0.5104169845581055,0.5104169845581055,182400
1974-10-04,0.53125,0.53125,0.5208330154418945,0.5208330154418945,340800
1974-10-07,0.5494790077209473,0.5494790077209473,0.53125,0.53125,139200
1974-10-08,0.5494790077209473,0.5598959922790527,0.5494790077209473,0.5494790077209473,446400
1974-10-09,0.5807290077209473,0.5807290077209473,0.5494790077209473,0.5494790077209473,326400
1974-10-10,0.5911459922790527,0.5911459922790527,0.5911459922790527,0.5911459922790527,129600
1974-10-11,0.640625,0.640625,0.5989580154418945,0.5989580154418945,302400
1974-10-14,0.6197919845581055,0.640625,0.6197919845581055,0.640625,76800
1974-10-15,0.6197919845581055,0.6302080154418945,0.6197919845581055,0.6197919845581055,105600
1974-10-16,0.6302080154418945,0.6302080154418945,0.6197919845581055,0.6197919845581055,48000
1974-10-17,0.6197919845581055,0.6302080154418945,0.6197919845581055,0.6302080154418945,48000
1974-10-18,0.640625,0.640625,0.6302080154418945,0.6302080154418945,163200
1974-10-21,0.6510419845581055,0.6510419845581055,0.6510419845581055,0.6510419845581055,556800
1974-10-22,0.6692709922790527,0.6796879768371582,0.6692709922790527,0.6692709922790527,206400
1974-10-23,0.6692709922790527,0.6692709922790527,0.6588540077209473,0.6692709922790527,249600
1974-10-24,0.6588540077209473,0.6692709922790527,0.6588540077209473,0.6692709922790527,225600
1974-10-25,0.6588540077209473,0.6692709922790527,0.6588540077209473,0.6588540077209473,696000
1974-10-28,0.6510419845581055,0.6588540077209473,0.6510419845581055,0.6588540077209473,67200
1974-10-29,0.6588540077209473,0.6588540077209473,0.6588540077209473,0.6588540077209473,86400
1974-10-30,0.7109379768371582,0.7109379768371582,0.6692709922790527,0.6692709922790527,484800
1974-10-31,0.7291669845581055,0.7291669845581055,0.7005209922790527,0.7109379768371582,340800
1974-11-01,0.7291669845581055,0.7291669845581055,0.7291669845581055,0.7291669845581055,4800
1974-11-04,0.7291669845581055,0.7395830154418945,0.7291669845581055,0.7291669845581055,537600
1974-11-05,0.78125,0.78125,0.7291669845581055,0.7291669845581055,532800
1974-11-06,0.78125,0.78125,0.78125,0.78125,153600
1974-11-07,0.7708330154418945,0.78125,0.7708330154418945,0.78125,393600
1974-11-08,0.7708330154418945,0.78125,0.7708330154418945,0.7708330154418945,105600
1974-11-11,0.7604169845581055,0.7708330154418945,0.7604169845581055,0.7708330154418945,62400
1974-11-12,0.75,0.7604169845581055,0.75,0.7604169845581055,129600
1974-11-13,0.75,0.75,0.75,0.75,307200
1974-11-14,0.7604169845581055,0.7604169845581055,0.7604169845581055,0.7604169845581055,38400
1974-11-15,0.7604169845581055,0.7604169845581055,0.7604169845581055,0.7604169845581055,115200
1974-11-18,0.7604169845581055,0.7604169845581055,0.7604169845581055,0.7604169845581055,379200
1974-11-19,0.75,0.7604169845581055,0.75,0.7604169845581055,67200
1974-11-20,0.7291669845581055,0.75,0.7291669845581055,0.75,182400
1974-11-21,0.7291669845581055,0.7291669845581055,0.7291669845581055,0.7291669845581055,139200
1974-11-22,0.75,0.75,0.7395830154418945,0.7395830154418945,81600
1974-11-25,0.7291669845581055,0.7395830154418945,0.7291669845581055,0.7395830154418945,187200
1974-11-26,0.71875,0.7291669845581055,0.71875,0.7291669845581055,120000
1974-11-27,0.7291669845581055,0.7291669845581055,0.7109379768371582,0.71875,139200
1974-11-29,0.7291669845581055,0.7291669845581055,0.71875,0.7291669845581055,100800
1974-12-02,0.7109379768371582,0.7291669845581055,0.7109379768371582,0.7291669845581055,86400
1974-12-03,0.7005209922790527,0.7109379768371582,0.7005209922790527,0.7109379768371582,244800
1974-12-04,0.7005209922790527,0.7005209922790527,0.6901040077209473,0.7005209922790527,489600
1974-12-05,0.6796879768371582,0.6901040077209473,0.6796879768371582,0.6901040077209473,76800
1974-12-06,0.6588540077209473,0.6796879768371582,0.6588540077209473,0.6796879768371582,278400
1974-12-09,0.6588540077209473,0.6588540077209473,0.6588540077209473,0.6588540077209473,230400
1974-12-10,0.7005209922790527,0.7005209922790527,0.6588540077209473,0.6588540077209473,288000
1974-12-11,0.6901040077209473,0.7005209922790527,0.6901040077209473,0.7005209922790527,91200
1974-12-12,0.7005209922790527,0.7005209922790527,0.6796879768371582,0.6901040077209473,297600
1974-12-13,0.7005209922790527,0.7005209922790527,0.7005209922790527,0.7005209922790527,350400
1974-12-16,0.6796879768371582,0.7005209922790527,0.6796879768371582,0.7005209922790527,547200
1974-12-17,0.6901040077209473,0.6901040077209473,0.6796879768371582,0.6796879768371582,513600
1974-12-18,0.6796879768371582,0.7005209922790527,0.6796879768371582,0.6901040077209473,278400
1974-12-19,0.6796879768371582,0.6901040077209473,0.6692709922790527,0.6796879768371582,1689600
1974-12-20,0.6692709922790527,0.6796879768371582,0.6692709922790527,0.6796879768371582,571200
1974-12-23,0.6588540077209473,0.6692709922790527,0.6510419845581055,0.6692709922790527,230400
1974-12-24,0.6510419845581055,0.6510419845581055,0.6510419845581055,0.6510419845581055,67200
1974-12-26,0.6692709922790527,0.6692709922790527,0.6510419845581055,0.6510419845581055,552000
1974-12-27,0.6692709922790527,0.6692709922790527,0.6692709922790527,0.6692709922790527,187200
1974-12-30,0.6692709922790527,0.6796879768371582,0.6692709922790527,0.6692709922790527,192000
1974-12-31,0.7005209922790527,0.7005209922790527,0.6692709922790527,0.6692709922790527,196800
1975-01-02,0.75,0.75,0.7109379768371582,0.7109379768371582,134400
1975-01-03,0.75,0.75,0.7291669845581055,0.75,115200
1975-01-06,0.7604169845581055,0.7604169845581055,0.75,0.75,28800
1975-01-07,0.75,0.75,0.75,0.75,52800
1975-01-08,0.75,0.75,0.75,0.75,28800
1975-01-09,0.7604169845581055,0.7604169845581055,0.75,0.75,302400
1975-01-10,0.7708330154418945,0.7708330154418945,0.7604169845581055,0.7604169845581055,134400
1975-01-13,0.78125,0.78125,0.7708330154418945,0.7708330154418945,273600
1975-01-14,0.7708330154418945,0.78125,0.7708330154418945,0.78125,163200
1975-01-15,0.7890629768371582,0.7890629768371582,0.7708330154418945,0.7708330154418945,129600
1975-01-16,0.7890629768371582,0.7890629768371582,0.78125,0.7890629768371582,91200
1975-01-17,0.7994790077209473,0.7994790077209473,0.78125,0.7890629768371582,230400
1975-01-20,0.78125,0.7994790077209473,0.78125,0.7994790077209473,72000
1975-01-21,0.7890629768371582,0.7890629768371582,0.7890629768371582,0.7890629768371582,100800
1975-01-22,0.7890629768371582,0.7890629768371582,0.7890629768371582,0.7890629768371582,86400
1975-01-23,0.7994790077209473,0.7994790077209473,0.7890629768371582,0.7890629768371582,436800
1975-01-24,0.7890629768371582,0.7994790077209473,0.7890629768371582,0.7994790077209473,268800
1975-01-27,0.8098959922790527,0.8098959922790527,0.7994790077209473,0.7994790077209473,91200
1975-01-28,0.7994790077209473,0.8098959922790527,0.7994790077209473,0.8098959922790527,129600
1975-01-29,0.7994790077209473,0.7994790077209473,0.7890629768371582,0.7994790077209473,273600
1975-01-30,0.8307290077209473,0.8307290077209473,0.8098959922790527,0.8098959922790527,192000
1975-01-31,0.8307290077209473,0.8307290077209473,0.8203129768371582,0.8307290077209473,158400
1975-02-03,0.8203129768371582,0.8203129768371582,0.8098959922790527,0.8203129768371582,600000
1975-02-04,0.8098959922790527,0.8098959922790527,0.7994790077209473,0.8098959922790527,278400
1975-02-05,0.7994790077209473,0.8098959922790527,0.7994790077209473,0.8098959922790527,1032000
1975-02-06,0.8203129768371582,0.8203129768371582,0.7994790077209473,0.7994790077209473,144000
1975-02-07,0.8203129768371582,0.8203129768371582,0.8203129768371582,0.8203129768371582,52800
1975-02-10,0.8098959922790527,0.8098959922790527,0.8098959922790527,0.8098959922790527,9600
1975-02-11,0.8203129768371582,0.8203129768371582,0.8098959922790527,0.8098959922790527,225600
1975-02-12,0.8307290077209473,0.8307290077209473,0.8203129768371582,0.8203129768371582,48000
1975-02-13,0.8411459922790527,0.8411459922790527,0.8411459922790527,0.8411459922790527,115200
1975-02-14,0.8203129768371582,0.8411459922790527,0.8203129768371582,0.8411459922790527,633600
1975-02-18,0.8098959922790527,0.8098959922790527,0.8098959922790527,0.8098959922790527,96000
1975-02-19,0.7994790077209473,0.8098959922790527,0.7994790077209473,0.8098959922790527,57600
1975-02-20,0.7994790077209473,0.8098959922790527,0.7994790077209473,0.7994790077209473,19200
1975-02-21,0.7890629768371582,0.7994790077209473,0.78125,0.7994790077209473,201600
1975-02-24,0.7708330154418945,0.78125,0.7708330154418945,0.78125,153600
1975-02-25,0.7708330154418945,0.7708330154418945,0.75,0.7708330154418945,1804800
1975-02-26,0.7604169845581055,0.7604169845581055,0.7604169845581055,0.7604169845581055,888000
1975-02-27,0.7604169845581055,0.7604169845581055,0.7604169845581055,0.7604169845581055,408000
1975-02-28,0.75,0.7604169845581055,0.75,0.7604169845581055,806400
1975-03-03,0.75,0.7604169845581055,0.75,0.75,1267200
1975-03-04,0.78125,0.78125,0.7604169845581055,0.7604169845581055,403200
1975-03-05,0.7890629768371582,0.8098959922790527,0.78125,0.78125,307200
1975-03-06,0.7890629768371582,0.7994790077209473,0.78125,0.7890629768371582,182400
1975-03-07,0.78125,0.7890629768371582,0.7708330154418945,0.7890629768371582,240000
1975-03-10,0.78125,0.78125,0.78125,0.78125,542400
1975-03-11,0.78125,0.7994790077209473,0.78125,0.78125,144000
1975-03-12,0.7890629768371582,0.7890629768371582,0.78125,0.78125,134400
1975-03-13,0.7708330154418945,0.7890629768371582,0.7708330154418945,0.7890629768371582,643200
1975-03-14,0.7708330154418945,0.78125,0.7708330154418945,0.7708330154418945,206400
1975-03-17,0.7890629768371582,0.7890629768371582,0.7708330154418945,0.7708330154418945,316800
1975-03-18,0.7994790077209473,0.7994790077209473,0.7890629768371582,0.7890629768371582,196800
1975-03-19,0.7890629768371582,0.8098959922790527,0.7890629768371582,0.7994790077209473,398400
1975-03-20,0.7890629768371582,0.7994790077209473,0.7890629768371582,0.7890629768371582,28800
1975-03-21,0.7994790077209473,0.7994790077209473,0.7994790077209473,0.7994790077209473,86400
1975-03-24,0.7890629768371582,0.8203129768371582,0.7890629768371582,0.7994790077209473,772800
1975-03-25,0.78125,0.7890629768371582,0.78125,0.7890629768371582,307200
1975-03-26,0.7890629768371582,0.7890629768371582,0.78125,0.78125,153600
1975-03-27,0.7890629768371582,0.7994790077209473,0.7890629768371582,0.7890629768371582,2697600
1975-03-31,0.7994790077209473,0.7994790077209473,0.7890629768371582,0.7890629768371582,28800
1975-04-01,0.7890629768371582,0.7994790077209473,0.78125,0.7994790077209473,148800
1975-04-02,0.7890629768371582,0.7890629768371582,0.78125,0.7890629768371582,62400
1975-04-03,0.7708330154418945,0.7890629768371582,0.7604169845581055,0.7890629768371582,566400
1975-04-04,0.78125,0.78125,0.7708330154418945,0.7708330154418945,86400
1975-04-07,0.7708330154418945,0.78125,0.7708330154418945,0.78125,408000
1975-04-08,0.7890629768371582,0.7890629768371582,0.78125,0.78125,206400
1975-04-09,0.7890629768371582,0.7890629768371582,0.7890629768371582,0.7890629768371582,307200
1975-04-10,0.7890629768371582,0.7994790077209473,0.7890629768371582,0.7890629768371582,148800
1975-04-11,0.7890629768371582,0.7890629768371582,0.7890629768371582,0.7890629768371582,0
1975-04-14,0.7994790077209473,0.7994790077209473,0.7890629768371582,0.7890629768371582,43200
1975-04-15,0.7994790077209473,0.7994790077209473,0.7994790077209473,0.7994790077209473,67200
1975-04-16,0.7994790077209473,0.8098959922790527,0.7994790077209473,0.7994790077209473,398400
1975-04-17,0.8098959922790527,0.8098959922790527,0.7994790077209473,0.7994790077209473,340800
1975-04-18,0.7994790077209473,0.8098959922790527,0.7994790077209473,0.8098959922790527,288000
1975-04-21,0.8307290077209473,0.8307290077209473,0.7994790077209473,0.7994790077209473,336000
1975-04-22,0.8411459922790527,0.8411459922790527,0.8411459922790527,0.8411459922790527,672000
1975-04-23,0.8411459922790527,0.8411459922790527,0.8307290077209473,0.8411459922790527,144000
1975-04-24,0.8411459922790527,0.8411459922790527,0.8203129768371582,0.8411459922790527,129600
1975-04-25,0.8411459922790527,0.8411459922790527,0.8411459922790527,0.8411459922790527,144000
1975-04-28,0.8307290077209473,0.8411459922790527,0.8307290077209473,0.8411459922790527,28800
1975-04-29,0.8203129768371582,0.8203129768371582,0.8098959922790527,0.8203129768371582,244800
1975-04-30,0.8203129768371582,0.8203129768371582,0.8203129768371582,0.8203129768371582,172800
1975-05-01,0.8098959922790527,0.8203129768371582,0.7890629768371582,0.8203129768371582,436800
1975-05-02,0.7994790077209473,0.7994790077209473,0.7994790077209473,0.7994790077209473,14400
1975-05-05,0.7890629768371582,0.7994790077209473,0.78125,0.7994790077209473,283200
1975-05-06,0.78125,0.78125,0.78125,0.78125,259200
1975-05-07,0.78125,0.78125,0.7604169845581055,0.78125,268800
1975-05-08,0.78125,0.78125,0.78125,0.78125,321600
1975-05-09,0.7890629768371582,0.7890629768371582,0.7890629768371582,0.7890629768371582,67200
1975-05-12,0.8203129768371582,0.8307290077209473,0.7994790077209473,0.7994790077209473,196800
1975-05-13,0.8203129768371582,0.8203129768371582,0.8203129768371582,0.8203129768371582,57600
1975-05-14,0.8411459922790527,0.8411459922790527,0.8307290077209473,0.8307290077209473,273600
1975-05-15,0.8411459922790527,0.859375,0.8411459922790527,0.8411459922790527,705600
1975-05-16,0.859375,0.859375,0.859375,0.859375,86400
1975-05-19,0.8697919845581055,0.8697919845581055,0.8489580154418945,0.859375,225600
1975-05-20,0.859375,0.8697919845581055,0.859375,0.8697919845581055,216000
1975-05-21,0.8697919845581055,0.8697919845581055,0.8489580154418945,0.859375,76800
1975-05-22,0.859375,0.8697919845581055,0.859375,0.8697919845581055,115200
1975-05-23,0.8697919845581055,0.8697919845581055,0.859375,0.859375,38400
1975-05-27,0.859375,0.859375,0.859375,0.859375,52800
1975-05-28,0.859375,0.8697919845581055,0.859375,0.859375,38400
1975-05-29,0.859375,0.8697919845581055,0.8489580154418945,0.859375,187200
1975-05-30,0.8697919845581055,0.8697919845581055,0.8697919845581055,0.8697919845581055,91200
1975-06-02,0.8802080154418945,0.890625,0.8697919845581055,0.8697919845581055,38400
1975-06-03,0.8802080154418945,0.890625,0.8802080154418945,0.8802080154418945,76800
1975-06-04,0.890625,0.890625,0.8802080154418945,0.8802080154418945,768000
1975-06-05,0.8697919845581055,0.890625,0.8697919845581055,0.890625,489600
1975-06-06,0.890625,0.890625,0.8697919845581055,0.8697919845581055,364800
1975-06-09,0.8802080154418945,0.890625,0.8802080154418945,0.890625,62400
1975-06-10,0.8697919845581055,0.8802080154418945,0.8697919845581055,0.8802080154418945,211200
1975-06-11,0.9088540077209473,0.9088540077209473,0.8697919845581055,0.8697919845581055,177600
1975-06-12,0.9010419845581055,0.9088540077209473,0.9010419845581055,0.9088540077209473,393600
1975-06-13,0.9088540077209473,0.9088540077209473,0.9088540077209473,0.9088540077209473,24000
1975-06-16,0.9088540077209473,0.9088540077209473,0.9088540077209473,0.9088540077209473,129600
1975-06-17,0.9088540077209473,0.9192709922790527,0.9088540077209473,0.9088540077209473,163200
1975-06-18,0.9088540077209473,0.9088540077209473,0.9088540077209473,0.9088540077209473,9600
1975-06-19,0.9088540077209473,0.9088540077209473,0.9088540077209473,0.9088540077209473,19200
1975-06-20,0.9296879768371582,0.9296879768371582,0.9192709922790527,0.9192709922790527,148800
1975-06-23,0.9401040077209473,0.9401040077209473,0.9296879768371582,0.9296879768371582,216000
1975-06-24,0.9791669845581055,0.9791669845581055,0.9609379768371582,0.9609379768371582,134400
1975-06-25,0.9791669845581055,1.0,0.9791669845581055,0.9791669845581055,177600
1975-06-26,1.0,1.0,0.9791669845581055,0.9791669845581055,374400
1975-06-27,0.9609379768371582,0.9791669845581055,0.9609379768371582,0.9791669845581055,398400
1975-06-30,0.9791669845581055,0.9791669845581055,0.9609379768371582,0.9609379768371582,388800
1975-07-01,0.9791669845581055,0.9791669845581055,0.9791669845581055,0.9791669845581055,96000
1975-07-02,0.9791669845581055,0.9791669845581055,0.96875,0.9791669845581055,91200
1975-07-03,0.96875,0.9791669845581055,0.9609379768371582,0.9791669845581055,993600
1975-07-07,0.9609379768371582,0.9609379768371582,0.9609379768371582,0.9609379768371582,696000
1975-07-08,0.9609379768371582,0.9609379768371582,0.9505209922790527,0.9609379768371582,772800
1975-07-09,0.9791669845581055,0.9791669845581055,0.9609379768371582,0.9609379768371582,120000
1975-07-10,0.9791669845581055,0.9791669845581055,0.96875,0.9791669845581055,38400
1975-07-11,0.9505209922790527,0.96875,0.9505209922790527,0.96875,67200
1975-07-14,0.9401040077209473,0.9609379768371582,0.9401040077209473,0.9505209922790527,48000
1975-07-15,0.9401040077209473,0.9505209922790527,0.9401040077209473,0.9401040077209473,38400
1975-07-16,0.9088540077209473,0.9401040077209473,0.9088540077209473,0.9401040077209473,614400
1975-07-17,0.9088540077209473,0.9088540077209473,0.890625,0.9088540077209473,2126400
1975-07-18,0.9192709922790527,0.9192709922790527,0.9010419845581055,0.9088540077209473,33600
1975-07-21,0.9088540077209473,0.9192709922790527,0.9088540077209473,0.9192709922790527,1641600
1975-07-22,0.890625,0.9010419845581055,0.8802080154418945,0.9010419845581055,604800
1975-07-23,0.890625,0.890625,0.8697919845581055,0.890625,441600
1975-07-24,0.890625,0.890625,0.890625,0.890625,33600
1975-07-25,0.8697919845581055,0.8802080154418945,0.8697919845581055,0.8802080154418945,220800
1975-07-28,0.859375,0.859375,0.859375,0.859375,24000
1975-07-29,0.859375,0.859375,0.859375,0.859375,96000
1975-07-30,0.8697919845581055,0.8697919845581055,0.859375,0.859375,489600
1975-07-31,0.8697919845581055,0.8802080154418945,0.859375,0.8697919845581055,124800
1975-08-01,0.8411459922790527,0.859375,0.8411459922790527,0.859375,120000
1975-08-04,0.8307290077209473,0.8411459922790527,0.8307290077209473,0.8411459922790527,62400
1975-08-05,0.8411459922790527,0.8411459922790527,0.8411459922790527,0.8411459922790527,76800
1975-08-06,0.8098959922790527,0.8307290077209473,0.8098959922790527,0.8307290077209473,201600
1975-08-07,0.8098959922790527,0.8098959922790527,0.8098959922790527,0.8098959922790527,172800
1975-08-08,0.8098959922790527,0.8203129768371582,0.8098959922790527,0.8098959922790527,163200
1975-08-11,0.8098959922790527,0.8203129768371582,0.8098959922790527,0.8098959922790527,124800
1975-08-12,0.8203129768371582,0.8203129768371582,0.8203129768371582,0.8203129768371582,52800
1975-08-13,0.7994790077209473,0.8307290077209473,0.7994790077209473,0.8203129768371582,168000
1975-08-14,0.7890629768371582,0.7994790077209473,0.7890629768371582,0.7994790077209473,91200
1975-08-15,0.78125,0.7890629768371582,0.78125,0.7890629768371582,259200
1975-08-18,0.7708330154418945,0.7708330154418945,0.7708330154418945,0.7708330154418945,216000
1975-08-19,0.7708330154418945,0.78125,0.7708330154418945,0.7708330154418945,225600
1975-08-20,0.7708330154418945,0.7708330154418945,0.7708330154418945,0.7708330154418945,19200
1975-08-21,0.7708330154418945,0.7708330154418945,0.7604169845581055,0.7708330154418945,139200
1975-08-22,0.78125,0.78125,0.7708330154418945,0.7708330154418945,139200
1975-08-25,0.7994790077209473,0.7994790077209473,0.78125,0.78125,220800
1975-08-26,0.8098959922790527,0.8203129768371582,0.7994790077209473,0.7994790077209473,292800
1975-08-27,0.8098959922790527,0.8098959922790527,0.7994790077209473,0.8098959922790527,139200
1975-08-28,0.8307290077209473,0.8307290077209473,0.8098959922790527,0.8098959922790527,76800
1975-08-29,0.8203129768371582,0.8411459922790527,0.8203129768371582,0.8307290077209473,163200
1975-09-02,0.8411459922790527,0.8411459922790527,0.8203129768371582,0.8203129768371582,340800
1975-09-03,0.8203129768371582,0.8411459922790527,0.8203129768371582,0.8411459922790527,76800
1975-09-04,0.8307290077209473,0.8307290077209473,0.8203129768371582,0.8203129768371582,508800
1975-09-05,0.8411459922790527,0.8411459922790527,0.8203129768371582,0.8307290077209473,62400
1975-09-08,0.8411459922790527,0.8411459922790527,0.8411459922790527,0.8411459922790527,177600
1975-09-09,0.8411459922790527,0.8411459922790527,0.8411459922790527,0.8411459922790527,844800
1975-09-10,0.7994790077209473,0.8307290077209473,0.7994790077209473,0.8307290077209473,115200
1975-09-11,0.7890629768371582,0.7994790077209473,0.7890629768371582,0.7994790077209473,96000
1975-09-12,0.7994790077209473,0.7994790077209473,0.7890629768371582,0.7890629768371582,364800
1975-09-15,0.7890629768371582,0.7890629768371582,0.78125,0.7890629768371582,432000
1975-09-16,0.7890629768371582,0.7890629768371582,0.78125,0.7890629768371582,532800
1975-09-17,0.78125,0.7890629768371582,0.78125,0.7890629768371582,19200
1975-09-18,0.7994790077209473,0.7994790077209473,0.7890629768371582,0.7890629768371582,14400
1975-09-19,0.7994790077209473,0.8098959922790527,0.7994790077209473,0.7994790077209473,168000
1975-09-22,0.8098959922790527,0.8098959922790527,0.7994790077209473,0.7994790077209473,124800
1975-09-23,0.7890629768371582,0.7994790077209473,0.7890629768371582,0.7994790077209473,81600
1975-09-24,0.7994790077209473,0.8098959922790527,0.7994790077209473,0.7994790077209473,129600
1975-09-25,0.7890629768371582,0.7890629768371582,0.7890629768371582,0.7890629768371582,100800
1975-09-26,0.7994790077209473,0.7994790077209473,0.7994790077209473,0.7994790077209473,52800
1975-09-29,0.8098959922790527,0.8098959922790527,0.7994790077209473,0.7994790077209473,19200
1975-09-30,0.7890629768371582,0.8098959922790527,0.7890629768371582,0.8098959922790527,67200
1975-10-01,0.7890629768371582,0.7890629768371582,0.7890629768371582,0.7890629768371582,19200
1975-10-02,0.78125,0.7890629768371582,0.78125,0.7890629768371582,43200
1975-10-03,0.7890629768371582,0.7994790077209473,0.7890629768371582,0.7890629768371582,201600
1975-10-06,0.78125,0.7994790077209473,0.78125,0.7890629768371582,120000
1975-10-07,0.7890629768371582,0.7890629768371582,0.7890629768371582,0.7890629768371582,72000
1975-10-08,0.7890629768371582,0.7890629768371582,0.7890629768371582,0.7890629768371582,120000
1975-10-09,0.7994790077209473,0.7994790077209473,0.7890629768371582,0.7890629768371582,91200
1975-10-10,0.7890629768371582,0.7890629768371582,0.7890629768371582,0.7890629768371582,86400
1975-10-13,0.7994790077209473,0.7994790077209473,0.7890629768371582,0.7890629768371582,9600
1975-10-14,0.7994790077209473,0.7994790077209473,0.7994790077209473,0.7994790077209473,19200
1975-10-15,0.8098959922790527,0.8203129768371582,0.7994790077209473,0.7994790077209473,86400
1975-10-16,0.8098959922790527,0.8098959922790527,0.8098959922790527,0.8098959922790527,19200
1975-10-17,0.7994790077209473,0.8098959922790527,0.7994790077209473,0.8098959922790527,211200
1975-10-20,0.8098959922790527,0.8098959922790527,0.7994790077209473,0.7994790077209473,182400
1975-10-21,0.8307290077209473,0.8307290077209473,0.8098959922790527,0.8098959922790527,240000
1975-10-22,0.8489580154418945,0.8489580154418945,0.8307290077209473,0.8307290077209473,240000
1975-10-23,0.890625,0.9010419845581055,0.859375,0.859375,547200
1975-10-24,0.9088540077209473,0.9401040077209473,0.890625,0.890625,393600
1975-10-27,0.9401040077209473,0.9401040077209473,0.9010419845581055,0.9088540077209473,86400
1975-10-28,0.9296879768371582,0.9401040077209473,0.9296879768371582,0.9401040077209473,110400
1975-10-29,0.9192709922790527,0.9401040077209473,0.9192709922790527,0.9296879768371582,148800
1975-10-30,0.9192709922790527,0.9192709922790527,0.9088540077209473,0.9192709922790527,273600
1975-10-31,0.9192709922790527,0.9192709922790527,0.9010419845581055,0.9192709922790527,230400
1975-11-03,0.9192709922790527,0.9296879768371582,0.9192709922790527,0.9192709922790527,158400
1975-11-04,0.9296879768371582,0.9296879768371582,0.9192709922790527,0.9192709922790527,43200
1975-11-05,0.9296879768371582,0.9296879768371582,0.9296879768371582,0.9296879768371582,28800
1975-11-06,0.9192709922790527,0.9296879768371582,0.9192709922790527,0.9296879768371582,96000
1975-11-07,0.9192709922790527,0.9296879768371582,0.9192709922790527,0.9192709922790527,206400
1975-11-10,0.9192709922790527,0.9192709922790527,0.9192709922790527,0.9192709922790527,81600
1975-11-11,0.9296879768371582,0.9296879768371582,0.9296879768371582,0.9296879768371582,163200
1975-11-12,0.9401040077209473,0.9401040077209473,0.9296879768371582,0.9296879768371582,134400
1975-11-13,0.9609379768371582,0.96875,0.9401040077209473,0.9401040077209473,278400
1975-11-14,0.96875,0.9791669845581055,0.9609379768371582,0.9609379768371582,604800
1975-11-17,0.9609379768371582,0.96875,0.9609379768371582,0.96875,52800
1975-11-18,0.9609379768371582,0.9609379768371582,0.9609379768371582,0.9609379768371582,292800
1975-11-19,0.9609379768371582,0.9609379768371582,0.9505209922790527,0.9609379768371582,600000
1975-11-20,0.9505209922790527,0.9505209922790527,0.9401040077209473,0.9505209922790527,129600
1975-11-21,0.9505209922790527,0.9505209922790527,0.9401040077209473,0.9505209922790527,172800
1975-11-24,0.9401040077209473,0.9401040077209473,0.9401040077209473,0.9401040077209473,321600
1975-11-25,0.9505209922790527,0.9505209922790527,0.9505209922790527,0.9505209922790527,62400
1975-11-26,0.9401040077209473,0.9505209922790527,0.9401040077209473,0.9505209922790527,120000
1975-11-28,0.9401040077209473,0.9401040077209473,0.9401040077209473,0.9401040077209473,148800
1975-12-01,0.9401040077209473,0.9401040077209473,0.9401040077209473,0.9401040077209473,33600
1975-12-02,0.9505209922790527,0.9505209922790527,0.9296879768371582,0.9401040077209473,249600
1975-12-03,0.9296879768371582,0.9401040077209473,0.9296879768371582,0.9401040077209473,388800
1975-12-04,0.9296879768371582,0.9401040077209473,0.9296879768371582,0.9296879768371582,144000
1975-12-05,0.9192709922790527,0.9401040077209473,0.9192709922790527,0.9296879768371582,556800
1975-12-08,0.9192709922790527,0.9192709922790527,0.9088540077209473,0.9192709922790527,321600
1975-12-09,0.890625,0.9192709922790527,0.890625,0.9192709922790527,787200
1975-12-10,0.890625,0.9010419845581055,0.890625,0.890625,302400
1975-12-11,0.9088540077209473,0.9088540077209473,0.9010419845581055,0.9010419845581055,144000
1975-12-12,0.9010419845581055,0.9010419845581055,0.9010419845581055,0.9010419845581055,52800
1975-12-15,0.890625,0.890625,0.890625,0.890625,105600
1975-12-16,0.9010419845581055,0.9088540077209473,0.890625,0.890625,984000
1975-12-17,0.9010419845581055,0.9010419845581055,0.9010419845581055,0.9010419845581055,96000
1975-12-18,0.9088540077209473,0.9088540077209473,0.9010419845581055,0.9010419845581055,1156800
1975-12-19,0.890625,0.9010419845581055,0.890625,0.9010419845581055,148800
1975-12-22,0.8802080154418945,0.9010419845581055,0.8697919845581055,0.890625,240000
1975-12-23,0.8697919845581055,0.890625,0.8697919845581055,0.8802080154418945,408000
1975-12-24,0.8802080154418945,0.8802080154418945,0.8697919845581055,0.8697919845581055,192000
1975-12-26,0.8802080154418945,0.8802080154418945,0.8697919845581055,0.8802080154418945,240000
1975-12-29,0.890625,0.890625,0.8802080154418945,0.8802080154418945,48000
1975-12-30,0.890625,0.9010419845581055,0.890625,0.890625,192000
1975-12-31,0.9088540077209473,0.9088540077209473,0.890625,0.890625,76800
1976-01-02,0.9088540077209473,0.9088540077209473,0.9088540077209473,0.9088540077209473,148800
1976-01-05,0.9505209922790527,0.9505209922790527,0.9192709922790527,0.9192709922790527,288000
1976-01-06,0.9505209922790527,0.9505209922790527,0.9505209922790527,0.9505209922790527,105600
1976-01-07,0.9505209922790527,0.9505209922790527,0.9505209922790527,0.9505209922790527,100800
1976-01-08,0.9505209922790527,0.9609379768371582,0.9401040077209473,0.9505209922790527,403200
1976-01-09,0.9609379768371582,0.9791669845581055,0.9609379768371582,0.9609379768371582,297600
1976-01-12,0.96875,0.9791669845581055,0.9609379768371582,0.9609379768371582,129600
1976-01-13,0.9609379768371582,0.9791669845581055,0.9609379768371582,0.96875,33600
1976-01-14,0.96875,0.96875,0.9609379768371582,0.9609379768371582,81600
1976-01-15,0.96875,0.9791669845581055,0.96875,0.96875,206400
1976-01-16,0.9791669845581055,0.9791669845581055,0.96875,0.96875,134400
1976-01-19,0.9791669845581055,0.9895830154418945,0.96875,0.9791669845581055,268800
1976-01-20,0.9895830154418945,1.0,0.9791669845581055,0.9791669845581055,124800
1976-01-21,0.9791669845581055,0.9895830154418945,0.9791669845581055,0.9895830154418945,72000
1976-01-22,0.9791669845581055,0.9791669845581055,0.9791669845581055,0.9791669845581055,604800
1976-01-23,0.9791669845581055,0.9791669845581055,0.96875,0.9791669845581055,523200
1976-01-26,0.9791669845581055,0.9791669845581055,0.96875,0.9791669845581055,240000
1976-01-27,0.9791669845581055,0.9791669845581055,0.9609379768371582,0.9791669845581055,168000
1976-01-28,0.9791669845581055,0.9895830154418945,0.9791669845581055,0.9791669845581055,201600
1976-01-29,0.9791669845581055,0.9791669845581055,0.9791669845581055,0.9791669845581055,316800
1976-01-30,0.9791669845581055,0.9895830154418945,0.9791669845581055,0.9791669845581055,192000
1976-02-02,0.9791669845581055,0.9895830154418945,0.9791669845581055,0.9791669845581055,355200
1976-02-03,0.9895830154418945,1.0,0.9791669845581055,0.9791669845581055,96000
1976-02-04,0.9895830154418945,1.0,0.9791669845581055,0.9895830154418945,196800
1976-02-05,0.9895830154418945,1.0,0.9791669845581055,0.9895830154418945,302400
1976-02-06,0.9791669845581055,0.9895830154418945,0.9791669845581055,0.9895830154418945,201600
1976-02-09,0.9895830154418945,0.9895830154418945,0.9791669845581055,0.9791669845581055,172800
1976-02-10,0.9791669845581055,0.9791669845581055,0.9791669845581055,0.9791669845581055,585600
1976-02-11,0.9791669845581055,0.9895830154418945,0.9791669845581055,0.9791669845581055,115200
1976-02-12,0.9895830154418945,1.0,0.9895830154418945,0.9895830154418945,124800
1976-02-13,0.96875,0.9791669845581055,0.96875,0.9791669845581055,52800
1976-02-17,0.9609379768371582,0.9609379768371582,0.9609379768371582,0.9609379768371582,19200
1976-02-18,0.9296879768371582,0.9505209922790527,0.9296879768371582,0.9505209922790527,240000
1976-02-19,0.9401040077209473,0.9401040077209473,0.9296879768371582,0.9296879768371582,441600
1976-02-20,0.9401040077209473,0.9401040077209473,0.9296879768371582,0.9401040077209473,153600
1976-02-23,0.9192709922790527,0.9401040077209473,0.9192709922790527,0.9401040077209473,86400
1976-02-24,0.9088540077209473,0.9088540077209473,0.9010419845581055,0.9088540077209473,288000
1976-02-25,0.9401040077209473,0.9401040077209473,0.9192709922790527,0.9192709922790527,350400
1976-02-26,0.9401040077209473,0.9401040077209473,0.9401040077209473,0.9401040077209473,844800
1976-02-27,0.9401040077209473,0.9505209922790527,0.9401040077209473,0.9401040077209473,1094400
1976-03-01,0.9401040077209473,0.9505209922790527,0.9296879768371582,0.9401040077209473,758400
1976-03-02,0.9401040077209473,0.9401040077209473,0.9401040077209473,0.9401040077209473,115200
1976-03-03,0.9296879768371582,0.9401040077209473,0.9296879768371582,0.9401040077209473,321600
1976-03-04,0.9296879768371582,0.9401040077209473,0.9296879768371582,0.9296879768371582,1368000
1976-03-05,0.9296879768371582,0.9401040077209473,0.9296879768371582,0.9296879768371582,436800
1976-03-08,0.9401040077209473,0.9401040077209473,0.9192709922790527,0.9296879768371582,758400
1976-03-09,0.9505209922790527,0.9505209922790527,0.9401040077209473,0.9401040077209473,715200
1976-03-10,0.9505209922790527,0.9609379768371582,0.9505209922790527,0.9505209922790527,201600
1976-03-11,0.9505209922790527,0.9609379768371582,0.9401040077209473,0.9505209922790527,302400
1976-03-12,0.9609379768371582,0.9609379768371582,0.9505209922790527,0.9505209922790527,240000
1976-03-15,0.9505209922790527,0.9609379768371582,0.9505209922790527,0.9609379768371582,124800
1976-03-16,0.9505209922790527,0.9505209922790527,0.9401040077209473,0.9505209922790527,187200
1976-03-17,0.9505209922790527,0.9609379768371582,0.9505209922790527,0.9505209922790527,86400
1976-03-18,0.9791669845581055,0.9791669845581055,0.9609379768371582,0.9609379768371582,139200
1976-03-19,0.9791669845581055,0.9791669845581055,0.96875,0.9791669845581055,124800
1976-03-22,0.9791669845581055,1.0,0.9791669845581055,0.9791669845581055,974400
1976-03-23,0.9791669845581055,0.9791669845581055,0.96875,0.9791669845581055,542400
1976-03-24,1.0,1.0104169845581055,0.9791669845581055,0.9791669845581055,412800
1976-03-25,1.0,1.0,0.9895830154418945,1.0,220800
1976-03-26,1.0,1.0104169845581055,1.0,1.0,148800
1976-03-29,1.0208330154418945,1.0208330154418945,1.0104169845581055,1.0104169845581055,364800
1976-03-30,1.0104169845581055,1.0208330154418945,1.0104169845581055,1.0208330154418945,38400
1976-03-31,1.0104169845581055,1.0208330154418945,1.0104169845581055,1.0104169845581055,216000
1976-04-01,1.0104169845581055,1.0104169845581055,1.0,1.0104169845581055,254400
1976-04-02,1.0208330154418945,1.0208330154418945,1.0104169845581055,1.0104169845581055,403200
1976-04-05,1.0208330154418945,1.0208330154418945,1.0104169845581055,1.0208330154418945,235200
1976-04-06,1.0390629768371582,1.0390629768371582,1.0104169845581055,1.0208330154418945,835200
1976-04-07,1.03125,1.0390629768371582,1.03125,1.0390629768371582,355200
1976-04-08,1.0208330154418945,1.03125,1.0208330154418945,1.03125,321600
1976-04-09,1.0208330154418945,1.03125,1.0208330154418945,1.0208330154418945,302400
1976-04-12,1.0390629768371582,1.0390629768371582,1.0208330154418945,1.0208330154418945,532800
1976-04-13,1.0494790077209473,1.0494790077209473,1.03125,1.0390629768371582,110400
1976-04-14,1.0598959922790527,1.0598959922790527,1.0494790077209473,1.0494790077209473,268800
1976-04-15,1.0911459922790527,1.0911459922790527,1.0494790077209473,1.0598959922790527,340800
1976-04-19,1.0911459922790527,1.0911459922790527,1.0911459922790527,1.0911459922790527,475200
1976-04-20,1.0807290077209473,1.0911459922790527,1.0807290077209473,1.0911459922790527,384000
1976-04-21,1.0911459922790527,1.0911459922790527,1.0807290077209473,1.0807290077209473,720000
1976-04-22,1.0911459922790527,1.0911459922790527,1.0807290077209473,1.0911459922790527,139200
1976-04-23,1.0911459922790527,1.0911459922790527,1.0807290077209473,1.0911459922790527,235200
1976-04-26,1.0911459922790527,1.0911459922790527,1.0911459922790527,1.0911459922790527,547200
1976-04-27,1.0911459922790527,1.0911459922790527,1.0807290077209473,1.0911459922790527,571200
1976-04-28,1.0807290077209473,1.0911459922790527,1.0807290077209473,1.0911459922790527,124800
1976-04-29,1.0911459922790527,1.0911459922790527,1.0807290077209473,1.0807290077209473,475200
1976-04-30,1.0911459922790527,1.0911459922790527,1.0911459922790527,1.0911459922790527,81600
1976-05-03,1.0807290077209473,1.0911459922790527,1.0807290077209473,1.0911459922790527,96000
1976-05-04,1.0807290077209473,1.0807290077209473,1.0703129768371582,1.0807290077209473,369600
1976-05-05,1.0911459922790527,1.0911459922790527,1.0807290077209473,1.0807290077209473,331200
1976-05-06,1.0807290077209473,1.0807290077209473,1.0703129768371582,1.0807290077209473,945600
1976-05-07,1.0807290077209473,1.0807290077209473,1.0703129768371582,1.0807290077209473,196800
1976-05-10,1.0703129768371582,1.0807290077209473,1.0703129768371582,1.0807290077209473,67200
1976-05-11,1.0703129768371582,1.0807290077209473,1.0703129768371582,1.0703129768371582,225600
1976-05-12,1.0703129768371582,1.0807290077209473,1.0703129768371582,1.0703129768371582,100800
1976-05-13,1.0703129768371582,1.0807290077209473,1.0703129768371582,1.0703129768371582,144000
1976-05-14,1.0703129768371582,1.0703129768371582,1.0703129768371582,1.0703129768371582,28800
1976-05-17,1.0703129768371582,1.0807290077209473,1.0703129768371582,1.0703129768371582,24000
1976-05-18,1.0703129768371582,1.0703129768371582,1.0703129768371582,1.0703129768371582,72000
1976-05-19,1.0703129768371582,1.0703129768371582,1.0598959922790527,1.0703129768371582,148800
1976-05-20,1.0911459922790527,1.0911459922790527,1.0703129768371582,1.0703129768371582,240000
1976-05-21,1.0911459922790527,1.0911459922790527,1.0807290077209473,1.0911459922790527,124800
1976-05-24,1.0703129768371582,1.0911459922790527,1.0703129768371582,1.0911459922790527,120000
1976-05-25,1.0703129768371582,1.0703129768371582,1.0598959922790527,1.0703129768371582,993600
1976-05-26,1.0703129768371582,1.0703129768371582,1.0703129768371582,1.0703129768371582,441600
1976-05-27,1.0703129768371582,1.0703129768371582,1.0703129768371582,1.0703129768371582,192000
1976-05-28,1.0807290077209473,1.0807290077209473,1.0703129768371582,1.0703129768371582,115200
1976-06-01,1.0807290077209473,1.0807290077209473,1.0807290077209473,1.0807290077209473,67200
1976-06-02,1.0703129768371582,1.0807290077209473,1.0703129768371582,1.0807290077209473,753600
1976-06-03,1.0807290077209473,1.0911459922790527,1.0703129768371582,1.0703129768371582,340800
1976-06-04,1.0807290077209473,1.0911459922790527,1.0807290077209473,1.0807290077209473,129600
1976-06-07,1.0807290077209473,1.0807290077209473,1.0703129768371582,1.0807290077209473,345600
1976-06-08,1.0807290077209473,1.0807290077209473,1.0807290077209473,1.0807290077209473,96000
1976-06-09,1.0807290077209473,1.0807290077209473,1.0807290077209473,1.0807290077209473,38400
1976-06-10,1.0703129768371582,1.0807290077209473,1.0703129768371582,1.0807290077209473,470400
1976-06-11,1.0911459922790527,1.0911459922790527,1.0703129768371582,1.0703129768371582,292800
1976-06-14,1.0703129768371582,1.0807290077209473,1.0703129768371582,1.0807290077209473,48000
1976-06-15,1.0807290077209473,1.0807290077209473,1.0598959922790527,1.0703129768371582,432000
1976-06-16,1.0989580154418945,1.0989580154418945,1.0703129768371582,1.0807290077209473,1190400
1976-06-17,1.0911459922790527,1.0989580154418945,1.0911459922790527,1.0989580154418945,739200
1976-06-18,1.0989580154418945,1.0989580154418945,1.0911459922790527,1.0911459922790527,240000
1976-06-21,1.0911459922790527,1.0989580154418945,1.0911459922790527,1.0989580154418945,470400
1976-06-22,1.0911459922790527,1.0989580154418945,1.0911459922790527,1.0911459922790527,268800
1976-06-23,1.0911459922790527,1.0989580154418945,1.0911459922790527,1.0911459922790527,177600
1976-06-24,1.0911459922790527,1.0989580154418945,1.0911459922790527,1.0911459922790527,268800
1976-06-25,1.0911459922790527,1.0911459922790527,1.0911459922790527,1.0911459922790527,134400
1976-06-28,1.0911459922790527,1.0911459922790527,1.0911459922790527,1.0911459922790527,28800
1976-06-29,1.0911459922790527,1.0911459922790527,1.0911459922790527,1.0911459922790527,38400
1976-06-30,1.109375,1.1197919845581055,1.0989580154418945,1.0989580154418945,244800
1976-07-01,1.109375,1.1197919845581055,1.0989580154418945,1.109375,331200
1976-07-02,1.109375,1.1197919845581055,1.109375,1.109375,105600
1976-07-06,1.1197919845581055,1.1197919845581055,1.109375,1.109375,120000
1976-07-07,1.109375,1.1197919845581055,1.109375,1.1197919845581055,72000
1976-07-08,1.0989580154418945,1.109375,1.0989580154418945,1.109375,76800
1976-07-09,1.109375,1.109375,1.0989580154418945,1.0989580154418945,67200
1976-07-12,1.1197919845581055,1.1197919845581055,1.1197919845581055,1.1197919845581055,297600
1976-07-13,1.1197919845581055,1.1197919845581055,1.1197919845581055,1.1197919845581055,350400
1976-07-14,1.1197919845581055,1.1197919845581055,1.109375,1.1197919845581055,643200
1976-07-15,1.1197919845581055,1.1197919845581055,1.1197919845581055,1.1197919845581055,268800
1976-07-16,1.109375,1.1197919845581055,1.109375,1.1197919845581055,153600
1976-07-19,1.0989580154418945,1.0989580154418945,1.0989580154418945,1.0989580154418945,129600
1976-07-20,1.0989580154418945,1.0989580154418945,1.0989580154418945,1.0989580154418945,62400
1976-07-21,1.0989580154418945,1.0989580154418945,1.0989580154418945,1.0989580154418945,129600
1976-07-22,1.0989580154418945,1.0989580154418945,1.0989580154418945,1.0989580154418945,144000
1976-07-23,1.109375,1.109375,1.0989580154418945,1.0989580154418945,1152000
1976-07-26,1.109375,1.1197919845581055,1.109375,1.109375,19200
1976-07-27,1.1197919845581055,1.1197919845581055,1.1197919845581055,1.1197919845581055,86400
1976-07-28,1.1302080154418945,1.1302080154418945,1.1197919845581055,1.1197919845581055,259200
1976-07-29,1.1302080154418945,1.140625,1.1197919845581055,1.1302080154418945,480000
1976-07-30,1.140625,1.140625,1.1197919845581055,1.1302080154418945,350400
1976-08-02,1.1302080154418945,1.1302080154418945,1.1197919845581055,1.1302080154418945,230400
1976-08-03,1.1302080154418945,1.1302080154418945,1.1197919845581055,1.1302080154418945,360000
1976-08-04,1.140625,1.140625,1.1302080154418945,1.1302080154418945,163200
1976-08-05,1.1510419845581055,1.1510419845581055,1.1302080154418945,1.140625,1372800
1976-08-06,1.140625,1.1510419845581055,1.140625,1.1510419845581055,100800
1976-08-09,1.1510419845581055,1.1510419845581055,1.1197919845581055,1.140625,470400
1976-08-10,1.140625,1.1510419845581055,1.1302080154418945,1.1510419845581055,456000
1976-08-11,1.140625,1.140625,1.1302080154418945,1.140625,360000
1976-08-12,1.1302080154418945,1.1302080154418945,1.1302080154418945,1.1302080154418945,81600
1976-08-13,1.1197919845581055,1.1197919845581055,1.1197919845581055,1.1197919845581055,441600
1976-08-16,1.0989580154418945,1.1197919845581055,1.0989580154418945,1.1197919845581055,168000
1976-08-17,1.0911459922790527,1.0989580154418945,1.0911459922790527,1.0989580154418945,220800
1976-08-18,1.0911459922790527,1.0911459922790527,1.0911459922790527,1.0911459922790527,312000
1976-08-19,1.0911459922790527,1.0989580154418945,1.0807290077209473,1.0911459922790527,225600
1976-08-20,1.0911459922790527,1.0989580154418945,1.0911459922790527,1.0911459922790527,100800
1976-08-23,1.0989580154418945,1.0989580154418945,1.0911459922790527,1.0911459922790527,100800
1976-08-24,1.0911459922790527,1.0989580154418945,1.0911459922790527,1.0989580154418945,384000
1976-08-25,1.0807290077209473,1.0911459922790527,1.0703129768371582,1.0911459922790527,628800
1976-08-26,1.0598959922790527,1.0703129768371582,1.0598959922790527,1.0703129768371582,153600
1976-08-27,1.03125,1.0494790077209473,1.03125,1.0494790077209473,201600
1976-08-30,1.0208330154418945,1.03125,1.0208330154418945,1.03125,283200
1976-08-31,1.03125,1.0390629768371582,1.0208330154418945,1.0208330154418945,139200
1976-09-01,1.0494790077209473,1.0494790077209473,1.03125,1.03125,830400
1976-09-02,1.0703129768371582,1.0807290077209473,1.0494790077209473,1.0494790077209473,1382400
1976-09-03,1.0598959922790527,1.0703129768371582,1.0598959922790527,1.0703129768371582,139200
1976-09-07,1.0911459922790527,1.0911459922790527,1.0807290077209473,1.0807290077209473,192000
1976-09-08,1.0989580154418945,1.1197919845581055,1.0989580154418945,1.0989580154418945,1694400
1976-09-09,1.0911459922790527,1.0989580154418945,1.0911459922790527,1.0989580154418945,1886400
1976-09-10,1.0911459922790527,1.0911459922790527,1.0911459922790527,1.0911459922790527,81600
1976-09-13,1.0911459922790527,1.0911459922790527,1.0807290077209473,1.0911459922790527,120000
1976-09-14,1.0911459922790527,1.0911459922790527,1.0911459922790527,1.0911459922790527,100800
1976-09-15,1.0911459922790527,1.0911459922790527,1.0807290077209473,1.0911459922790527,100800
1976-09-16,1.0807290077209473,1.0989580154418945,1.0807290077209473,1.0911459922790527,240000
1976-09-17,1.109375,1.109375,1.0911459922790527,1.0911459922790527,1152000
1976-09-20,1.0989580154418945,1.0989580154418945,1.0911459922790527,1.0989580154418945,86400
1976-09-21,1.0911459922790527,1.0989580154418945,1.0911459922790527,1.0989580154418945,105600
1976-09-22,1.0911459922790527,1.0989580154418945,1.0911459922790527,1.0911459922790527,984000
1976-09-23,1.0911459922790527,1.0989580154418945,1.0911459922790527,1.0911459922790527,1248000
1976-09-24,1.0911459922790527,1.0911459922790527,1.0911459922790527,1.0911459922790527,105600
1976-09-27,1.0911459922790527,1.0911459922790527,1.0807290077209473,1.0911459922790527,350400
1976-09-28,1.0598959922790527,1.0911459922790527,1.0598959922790527,1.0911459922790527,273600
1976-09-29,1.0494790077209473,1.0598959922790527,1.0494790077209473,1.0598959922790527,96000
1976-09-30,1.0390629768371582,1.0494790077209473,1.0390629768371582,1.0494790077209473,120000
1976-10-01,1.0390629768371582,1.0494790077209473,1.0390629768371582,1.0390629768371582,326400
1976-10-04,1.0390629768371582,1.0494790077209473,1.0390629768371582,1.0390629768371582,52800
1976-10-05,1.0598959922790527,1.0598959922790527,1.0494790077209473,1.0494790077209473,297600
1976-10-06,1.0494790077209473,1.0598959922790527,1.0494790077209473,1.0598959922790527,52800
1976-10-07,1.03125,1.0494790077209473,1.03125,1.0494790077209473,216000
1976-10-08,1.0390629768371582,1.0390629768371582,1.0390629768371582,1.0390629768371582,105600
1976-10-11,1.0390629768371582,1.0390629768371582,1.0390629768371582,1.0390629768371582,62400
1976-10-12,1.03125,1.03125,1.03125,1.03125,96000
1976-10-13,1.0208330154418945,1.03125,1.0208330154418945,1.03125,326400
1976-10-14,1.0104169845581055,1.0208330154418945,1.0,1.0208330154418945,614400
1976-10-15,1.0208330154418945,1.0208330154418945,1.0104169845581055,1.0104169845581055,201600
1976-10-18,1.0390629768371582,1.0390629768371582,1.03125,1.03125,1905600
1976-10-19,1.0390629768371582,1.0494790077209473,1.03125,1.0390629768371582,33600
1976-10-20,1.0390629768371582,1.0390629768371582,1.0390629768371582,1.0390629768371582,38400
1976-10-21,1.0494790077209473,1.0494790077209473,1.0390629768371582,1.0390629768371582,153600
1976-10-22,1.0390629768371582,1.0494790077209473,1.0390629768371582,1.0494790077209473,67200
1976-10-25,1.0390629768371582,1.0390629768371582,1.03125,1.0390629768371582,220800
1976-10-26,1.0390629768371582,1.0390629768371582,1.0390629768371582,1.0390629768371582,105600
1976-10-27,1.0390629768371582,1.0390629768371582,1.0390629768371582,1.0390629768371582,9600
1976-10-28,1.0390629768371582,1.0494790077209473,1.0390629768371582,1.0390629768371582,249600
1976-10-29,1.0390629768371582,1.0390629768371582,1.03125,1.0390629768371582,403200
1976-11-01,1.0390629768371582,1.0390629768371582,1.03125,1.0390629768371582,76800
1976-11-03,1.0,1.0104169845581055,1.0,1.0104169845581055,436800
1976-11-04,1.03125,1.03125,1.0,1.0,1171200
1976-11-05,1.03125,1.0390629768371582,1.0208330154418945,1.03125,153600
1976-11-08,1.0104169845581055,1.0390629768371582,1.0104169845581055,1.03125,129600
1976-11-09,1.0208330154418945,1.0208330154418945,1.0,1.0104169845581055,1128000
1976-11-10,1.0104169845581055,1.0208330154418945,1.0104169845581055,1.0208330154418945,105600
1976-11-11,1.0,1.0,1.0,1.0,81600
1976-11-12,1.0,1.0104169845581055,1.0,1.0,307200
1976-11-15,0.9895830154418945,1.0,0.9895830154418945,1.0,153600
1976-11-16,0.9895830154418945,1.0,0.9895830154418945,0.9895830154418945,220800
1976-11-17,0.9791669845581055,0.9895830154418945,0.9791669845581055,0.9895830154418945,259200
1976-11-18,0.9791669845581055,0.9791669845581055,0.9609379768371582,0.9791669845581055,441600
1976-11-19,0.9895830154418945,0.9895830154418945,0.9895830154418945,0.9895830154418945,182400
1976-11-22,1.0104169845581055,1.0104169845581055,0.9895830154418945,0.9895830154418945,1084800
1976-11-23,1.0208330154418945,1.0208330154418945,1.0104169845581055,1.0104169845581055,523200
1976-11-24,1.0208330154418945,1.0208330154418945,1.0104169845581055,1.0208330154418945,374400
1976-11-26,1.0208330154418945,1.0208330154418945,1.0104169845581055,1.0208330154418945,1075200
1976-11-29,1.03125,1.03125,1.0208330154418945,1.0208330154418945,163200
1976-11-30,1.03125,1.03125,1.03125,1.03125,67200
1976-12-01,1.0390629768371582,1.0598959922790527,1.03125,1.03125,724800
1976-12-02,1.0494790077209473,1.0494790077209473,1.0390629768371582,1.0390629768371582,1032000
1976-12-03,1.0598959922790527,1.0598959922790527,1.0494790077209473,1.0494790077209473,211200
1976-12-06,1.0703129768371582,1.0703129768371582,1.0494790077209473,1.0598959922790527,288000
1976-12-07,1.0807290077209473,1.0807290077209473,1.0598959922790527,1.0703129768371582,595200
1976-12-08,1.0989580154418945,1.0989580154418945,1.0807290077209473,1.0807290077209473,172800
1976-12-09,1.0989580154418945,1.1197919845581055,1.0911459922790527,1.0989580154418945,288000
1976-12-10,1.1197919845581055,1.1197919845581055,1.0989580154418945,1.0989580154418945,355200
1976-12-13,1.1197919845581055,1.1197919845581055,1.1197919845581055,1.1197919845581055,302400
1976-12-14,1.140625,1.140625,1.1197919845581055,1.1197919845581055,283200
1976-12-15,1.1197919845581055,1.140625,1.1197919845581055,1.140625,456000
1976-12-16,1.1197919845581055,1.1302080154418945,1.1197919845581055,1.1197919845581055,336000
1976-12-17,1.0989580154418945,1.1197919845581055,1.0989580154418945,1.1197919845581055,470400
1976-12-20,1.0989580154418945,1.0989580154418945,1.0911459922790527,1.0989580154418945,340800
1976-12-21,1.1197919845581055,1.1197919845581055,1.109375,1.109375,705600
1976-12-22,1.1197919845581055,1.1302080154418945,1.1197919845581055,1.1197919845581055,1060800
1976-12-23,1.1302080154418945,1.1302080154418945,1.1197919845581055,1.1197919845581055,878400
1976-12-27,1.140625,1.140625,1.1302080154418945,1.1302080154418945,100800
1976-12-28,1.1510419845581055,1.1510419845581055,1.140625,1.140625,460800
1976-12-29,1.1588540077209473,1.1588540077209473,1.1510419845581055,1.1510419845581055,436800
1976-12-30,1.1692709922790527,1.1692709922790527,1.1588540077209473,1.1588540077209473,436800
1976-12-31,1.1901040077209473,1.1901040077209473,1.1692709922790527,1.1692709922790527,360000
1977-01-03,1.1796879768371582,1.1901040077209473,1.1796879768371582,1.1901040077209473,168000
1977-01-04,1.1796879768371582,1.1901040077209473,1.1796879768371582,1.1796879768371582,1747200
1977-01-05,1.1588540077209473,1.1796879768371582,1.1588540077209473,1.1796879768371582,158400
1977-01-06,1.1692709922790527,1.1692709922790527,1.1588540077209473,1.1588540077209473,350400
1977-01-07,1.1588540077209473,1.1692709922790527,1.1588540077209473,1.1692709922790527,105600
1977-01-10,1.1588540077209473,1.1692709922790527,1.1588540077209473,1.1588540077209473,192000
1977-01-11,1.1588540077209473,1.1692709922790527,1.1588540077209473,1.1588540077209473,1046400
1977-01-12,1.1692709922790527,1.1692709922790527,1.1588540077209473,1.1588540077209473,441600
1977-01-13,1.1692709922790527,1.1692709922790527,1.1588540077209473,1.1692709922790527,96000
1977-01-14,1.1692709922790527,1.1692709922790527,1.1692709922790527,1.1692709922790527,182400
1977-01-17,1.1510419845581055,1.1692709922790527,1.1510419845581055,1.1692709922790527,844800
1977-01-18,1.140625,1.1510419845581055,1.140625,1.1510419845581055,446400
1977-01-19,1.1197919845581055,1.140625,1.1197919845581055,1.140625,614400
1977-01-20,1.1197919845581055,1.1302080154418945,1.1197919845581055,1.1197919845581055,110400
1977-01-21,1.1197919845581055,1.1302080154418945,1.1197919845581055,1.1197919845581055,38400
1977-01-24,1.1197919845581055,1.1197919845581055,1.1197919845581055,1.1197919845581055,52800
1977-01-25,1.140625,1.140625,1.1197919845581055,1.1197919845581055,134400
1977-01-26,1.140625,1.1510419845581055,1.140625,1.140625,619200
1977-01-27,1.1197919845581055,1.140625,1.1197919845581055,1.140625,331200
1977-01-28,1.0989580154418945,1.1197919845581055,1.0989580154418945,1.1197919845581055,244800
1977-01-31,1.0989580154418945,1.0989580154418945,1.0911459922790527,1.0989580154418945,158400
1977-02-01,1.0989580154418945,1.109375,1.0989580154418945,1.0989580154418945,72000
1977-02-02,1.0989580154418945,1.1197919845581055,1.0989580154418945,1.0989580154418945,187200
1977-02-03,1.0911459922790527,1.0989580154418945,1.0911459922790527,1.0989580154418945,124800
1977-02-04,1.0911459922790527,1.0989580154418945,1.0911459922790527,1.0911459922790527,216000
1977-02-07,1.0911459922790527,1.0989580154418945,1.0911459922790527,1.0911459922790527,67200
1977-02-08,1.0911459922790527,1.0911459922790527,1.0911459922790527,1.0911459922790527,91200
1977-02-09,1.0911459922790527,1.0911459922790527,1.0911459922790527,1.0911459922790527,192000
1977-02-10,1.0807290077209473,1.0911459922790527,1.0807290077209473,1.0911459922790527,494400
1977-02-11,1.0911459922790527,1.0911459922790527,1.0807290077209473,1.0807290077209473,33600
1977-02-14,1.0703129768371582,1.0911459922790527,1.0703129768371582,1.0911459922790527,72000
1977-02-15,1.0703129768371582,1.0807290077209473,1.0703129768371582,1.0703129768371582,216000
1977-02-16,1.0703129768371582,1.0807290077209473,1.0703129768371582,1.0703129768371582,240000
1977-02-17,1.0494790077209473,1.0703129768371582,1.0494790077209473,1.0703129768371582,240000
1977-02-18,1.0390629768371582,1.0494790077209473,1.0390629768371582,1.0494790077209473,662400
1977-02-22,1.0390629768371582,1.0494790077209473,1.0390629768371582,1.0390629768371582,484800
1977-02-23,1.0390629768371582,1.0494790077209473,1.0390629768371582,1.0390629768371582,268800
1977-02-24,1.0494790077209473,1.0494790077209473,1.0390629768371582,1.0390629768371582,134400
1977-02-25,1.0494790077209473,1.0494790077209473,1.0494790077209473,1.0494790077209473,19200
1977-02-28,1.0598959922790527,1.0598959922790527,1.0598959922790527,1.0598959922790527,321600
1977-03-01,1.0598959922790527,1.0598959922790527,1.0494790077209473,1.0598959922790527,153600
1977-03-02,1.0598959922790527,1.0598959922790527,1.0494790077209473,1.0598959922790527,33600
1977-03-03,1.0703129768371582,1.0807290077209473,1.0598959922790527,1.0598959922790527,192000
1977-03-04,1.0807290077209473,1.0911459922790527,1.0807290077209473,1.0807290077209473,254400
1977-03-07,1.0911459922790527,1.0911459922790527,1.0911459922790527,1.0911459922790527,340800
1977-03-08,1.0911459922790527,1.0911459922790527,1.0911459922790527,1.0911459922790527,62400
1977-03-09,1.0989580154418945,1.0989580154418945,1.0989580154418945,1.0989580154418945,43200
1977-03-10,1.0989580154418945,1.0989580154418945,1.0989580154418945,1.0989580154418945,76800
1977-03-11,1.0989580154418945,1.0989580154418945,1.0989580154418945,1.0989580154418945,62400
1977-03-14,1.0911459922790527,1.0989580154418945,1.0911459922790527,1.0989580154418945,120000
1977-03-15,1.109375,1.109375,1.0989580154418945,1.0989580154418945,278400
1977-03-16,1.0989580154418945,1.109375,1.0911459922790527,1.109375,196800
1977-03-17,1.0989580154418945,1.109375,1.0989580154418945,1.0989580154418945,48000
1977-03-18,1.109375,1.109375,1.0989580154418945,1.0989580154418945,244800
1977-03-21,1.0989580154418945,1.1197919845581055,1.0989580154418945,1.109375,518400
1977-03-22,1.0989580154418945,1.0989580154418945,1.0989580154418945,1.0989580154418945,139200
1977-03-23,1.0989580154418945,1.0989580154418945,1.0989580154418945,1.0989580154418945,67200
1977-03-24,1.0911459922790527,1.0989580154418945,1.0911459922790527,1.0989580154418945,662400
1977-03-25,1.0911459922790527,1.0911459922790527,1.0807290077209473,1.0911459922790527,134400
1977-03-28,1.0807290077209473,1.0911459922790527,1.0807290077209473,1.0911459922790527,187200
1977-03-29,1.0911459922790527,1.0911459922790527,1.0911459922790527,1.0911459922790527,158400
1977-03-30,1.0911459922790527,1.0911459922790527,1.0807290077209473,1.0911459922790527,216000
1977-03-31,1.0703129768371582,1.0807290077209473,1.0598959922790527,1.0807290077209473,264000
1977-04-01,1.0703129768371582,1.0703129768371582,1.0703129768371582,1.0703129768371582,182400
1977-04-04,1.0703129768371582,1.0807290077209473,1.0703129768371582,1.0703129768371582,643200
1977-04-05,1.0911459922790527,1.0911459922790527,1.0703129768371582,1.0703129768371582,72000
1977-04-06,1.0703129768371582,1.0807290077209473,1.0703129768371582,1.0807290077209473,168000
1977-04-07,1.0703129768371582,1.0807290077209473,1.0703129768371582,1.0703129768371582,48000
1977-04-11,1.0598959922790527,1.0703129768371582,1.0598959922790527,1.0703129768371582,211200
1977-04-12,1.0703129768371582,1.0807290077209473,1.0598959922790527,1.0598959922790527,364800
1977-04-13,1.0703129768371582,1.0703129768371582,1.0598959922790527,1.0703129768371582,729600
1977-04-14,1.0598959922790527,1.0703129768371582,1.0598959922790527,1.0703129768371582,326400
1977-04-15,1.0703129768371582,1.0703129768371582,1.0598959922790527,1.0598959922790527,91200
1977-04-18,1.0703129768371582,1.0703129768371582,1.0598959922790527,1.0703129768371582,470400
1977-04-19,1.0703129768371582,1.0703129768371582,1.0703129768371582,1.0703129768371582,52800
1977-04-20,1.0598959922790527,1.0703129768371582,1.0598959922790527,1.0703129768371582,336000
1977-04-21,1.0703129768371582,1.0703129768371582,1.0598959922790527,1.0598959922790527,139200
1977-04-22,1.0598959922790527,1.0703129768371582,1.0598959922790527,1.0703129768371582,384000
1977-04-25,1.0598959922790527,1.0598959922790527,1.0598959922790527,1.0598959922790527,244800
1977-04-26,1.0598959922790527,1.0598959922790527,1.0494790077209473,1.0598959922790527,72000
1977-04-27,1.0598959922790527,1.0598959922790527,1.0598959922790527,1.0598959922790527,806400
1977-04-28,1.0598959922790527,1.0598959922790527,1.0598959922790527,1.0598959922790527,292800
1977-04-29,1.0598959922790527,1.0598959922790527,1.0494790077209473,1.0598959922790527,196800
1977-05-02,1.0494790077209473,1.0598959922790527,1.0494790077209473,1.0598959922790527,748800
1977-05-03,1.0598959922790527,1.0598959922790527,1.0494790077209473,1.0494790077209473,772800
1977-05-04,1.0703129768371582,1.0703129768371582,1.0598959922790527,1.0598959922790527,739200
1977-05-05,1.0598959922790527,1.0598959922790527,1.0598959922790527,1.0598959922790527,312000
1977-05-06,1.0703129768371582,1.0703129768371582,1.0598959922790527,1.0598959922790527,129600
1977-05-09,1.0703129768371582,1.0703129768371582,1.0703129768371582,1.0703129768371582,278400
1977-05-10,1.0703129768371582,1.0703129768371582,1.0703129768371582,1.0703129768371582,148800
1977-05-11,1.0703129768371582,1.0703129768371582,1.0703129768371582,1.0703129768371582,24000
1977-05-12,1.0598959922790527,1.0703129768371582,1.0598959922790527,1.0703129768371582,148800
1977-05-13,1.0703129768371582,1.0703129768371582,1.0598959922790527,1.0598959922790527,38400
1977-05-16,1.0703129768371582,1.0703129768371582,1.0598959922790527,1.0703129768371582,62400
1977-05-17,1.0703129768371582,1.0703129768371582,1.0703129768371582,1.0703129768371582,345600
1977-05-18,1.0703129768371582,1.0703129768371582,1.0703129768371582,1.0703129768371582,153600
1977-05-19,1.0703129768371582,1.0703129768371582,1.0703129768371582,1.0703129768371582,86400
1977-05-20,1.0703129768371582,1.0703129768371582,1.0598959922790527,1.0703129768371582,254400
1977-05-23,1.0598959922790527,1.0703129768371582,1.0598959922790527,1.0703129768371582,1228800
1977-05-24,1.0494790077209473,1.0598959922790527,1.0494790077209473,1.0598959922790527,484800
1977-05-25,1.0390629768371582,1.0598959922790527,1.0390629768371582,1.0494790077209473,542400
1977-05-26,1.0494790077209473,1.0494790077209473,1.0390629768371582,1.0390629768371582,33600
1977-05-27,1.0390629768371582,1.0494790077209473,1.0390629768371582,1.0494790077209473,134400
1977-05-31,1.03125,1.0390629768371582,1.0208330154418945,1.0390629768371582,465600
1977-06-01,1.03125,1.03125,1.0208330154418945,1.03125,110400
1977-06-02,1.0208330154418945,1.03125,1.0208330154418945,1.03125,422400
1977-06-03,1.0208330154418945,1.0208330154418945,1.0208330154418945,1.0208330154418945,43200
1977-06-06,1.03125,1.03125,1.0208330154418945,1.0208330154418945,38400
1977-06-07,1.0208330154418945,1.03125,1.0208330154418945,1.03125,350400
1977-06-08,1.03125,1.0390629768371582,1.0208330154418945,1.0208330154418945,379200
1977-06-09,1.0390629768371582,1.0390629768371582,1.03125,1.03125,206400
1977-06-10,1.0390629768371582,1.0494790077209473,1.0390629768371582,1.0390629768371582,672000
1977-06-13,1.0390629768371582,1.0494790077209473,1.0390629768371582,1.0390629768371582,120000
1977-06-14,1.0494790077209473,1.0494790077209473,1.0390629768371582,1.0390629768371582,33600
1977-06-15,1.0494790077209473,1.0494790077209473,1.0494790077209473,1.0494790077209473,24000
1977-06-16,1.0494790077209473,1.0494790077209473,1.0390629768371582,1.0494790077209473,187200
1977-06-17,1.0494790077209473,1.0494790077209473,1.0390629768371582,1.0494790077209473,110400
1977-06-20,1.03125,1.0416669845581055,1.0208330154418945,1.0416669845581055,350400
1977-06-21,1.0,1.03125,1.0,1.03125,1382400
1977-06-22,0.9791669845581055,1.0,0.9791669845581055,1.0,360000
1977-06-23,0.9791669845581055,1.0,0.96875,0.9791669845581055,1077600
1977-06-24,0.9895830154418945,1.0,0.9895830154418945,0.9895830154418945,16800
1977-06-27,1.0,1.0,0.9895830154418945,0.9895830154418945,38400
1977-06-28,0.9791669845581055,1.0,0.9791669845581055,1.0,79200
1977-06-29,0.9895830154418945,0.9895830154418945,0.9791669845581055,0.9791669845581055,357600
1977-06-30,1.0104169845581055,1.0104169845581055,0.9895830154418945,0.9895830154418945,595200
1977-07-01,1.03125,1.03125,1.0,1.0104169845581055,319200
1977-07-05,1.0208330154418945,1.03125,1.0208330154418945,1.03125,230400
1977-07-06,1.0,1.0104169845581055,0.9895830154418945,1.0104169845581055,664800
1977-07-07,1.0104169845581055,1.0104169845581055,1.0,1.0,1533600
1977-07-08,1.0104169845581055,1.0104169845581055,1.0104169845581055,1.0104169845581055,72000
1977-07-11,1.0208330154418945,1.0208330154418945,1.0,1.0104169845581055,105600
1977-07-12,1.0208330154418945,1.0208330154418945,1.0104169845581055,1.0208330154418945,760800
1977-07-13,1.0416669845581055,1.0416669845581055,1.0208330154418945,1.0208330154418945,744000
1977-07-15,1.0416669845581055,1.0520830154418945,1.0208330154418945,1.0416669845581055,343200
1977-07-18,1.03125,1.0520830154418945,1.03125,1.0416669845581055,297600
1977-07-19,1.0416669845581055,1.0416669845581055,1.0208330154418945,1.03125,148800
1977-07-20,1.0416669845581055,1.0416669845581055,1.03125,1.0416669845581055,194400
1977-07-21,1.03125,1.0416669845581055,1.03125,1.0416669845581055,468000
1977-07-22,1.03125,1.03125,1.03125,1.03125,84000
1977-07-25,1.03125,1.03125,1.0208330154418945,1.03125,48000
1977-07-26,1.0104169845581055,1.03125,1.0104169845581055,1.03125,64800
1977-07-27,1.0104169845581055,1.0104169845581055,1.0104169845581055,1.0104169845581055,0
1977-07-28,0.9895830154418945,1.0,0.9895830154418945,1.0,96000
1977-07-29,1.0,1.0104169845581055,0.9895830154418945,0.9895830154418945,105600
1977-08-01,1.0208330154418945,1.0208330154418945,1.0,1.0,237600
1977-08-02,1.0104169845581055,1.0104169845581055,1.0,1.0104169845581055,247200
1977-08-03,1.0104169845581055,1.0208330154418945,1.0104169845581055,1.0104169845581055,79200
1977-08-04,1.0416669845581055,1.0416669845581055,1.0104169845581055,1.0104169845581055,460800
1977-08-05,1.0520830154418945,1.0625,1.0520830154418945,1.0520830154418945,48000
1977-08-08,1.0416669845581055,1.0520830154418945,1.0416669845581055,1.0520830154418945,374400
1977-08-09,1.0416669845581055,1.0416669845581055,1.0208330154418945,1.0416669845581055,208800
1977-08-10,1.0416669845581055,1.0416669845581055,1.0208330154418945,1.0416669845581055,144000
1977-08-11,1.0208330154418945,1.03125,1.0208330154418945,1.03125,127200
1977-08-12,1.0104169845581055,1.0104169845581055,1.0,1.0104169845581055,506400
1977-08-15,1.03125,1.03125,1.0208330154418945,1.0208330154418945,249600
1977-08-16,1.0104169845581055,1.0208330154418945,0.9895830154418945,1.0208330154418945,856800
1977-08-17,1.0104169845581055,1.0104169845581055,1.0104169845581055,1.0104169845581055,21600
1977-08-18,1.0104169845581055,1.0104169845581055,1.0104169845581055,1.0104169845581055,96000
1977-08-19,1.0208330154418945,1.0208330154418945,1.0104169845581055,1.0104169845581055,307200
1977-08-22,1.0104169845581055,1.0104169845581055,1.0104169845581055,1.0104169845581055,19200
1977-08-23,1.0416669845581055,1.0416669845581055,1.0104169845581055,1.0104169845581055,292800
1977-08-24,1.03125,1.03125,1.03125,1.03125,9600
1977-08-25,1.0208330154418945,1.0416669845581055,1.0208330154418945,1.03125,314400
1977-08-26,1.0104169845581055,1.0104169845581055,1.0104169845581055,1.0104169845581055,24000
1977-08-29,1.0104169845581055,1.0104169845581055,1.0104169845581055,1.0104169845581055,26400
1977-08-30,1.0104169845581055,1.0104169845581055,1.0104169845581055,1.0104169845581055,139200
1977-08-31,1.0104169845581055,1.0208330154418945,0.9895830154418945,1.0104169845581055,136800
1977-09-01,1.0,1.0104169845581055,0.9895830154418945,1.0104169845581055,1003200
1977-09-02,0.9895830154418945,1.0,0.9791669845581055,1.0,91200
1977-09-06,1.0,1.0,0.9791669845581055,0.9895830154418945,98400
1977-09-07,0.9895830154418945,1.0,0.9895830154418945,1.0,98400
1977-09-08,0.9791669845581055,1.0,0.9791669845581055,0.9895830154418945,112800
1977-09-09,0.9583330154418945,0.9791669845581055,0.9583330154418945,0.9791669845581055,48000
1977-09-12,0.9583330154418945,0.9791669845581055,0.9583330154418945,0.9583330154418945,45600
1977-09-13,0.9791669845581055,0.9895830154418945,0.9791669845581055,0.9791669845581055,357600
1977-09-14,0.9895830154418945,0.9895830154418945,0.9583330154418945,0.9791669845581055,2949600
1977-09-15,0.9791669845581055,0.9895830154418945,0.9791669845581055,0.9895830154418945,50400
1977-09-16,0.9791669845581055,0.9791669845581055,0.9791669845581055,0.9791669845581055,69600
1977-09-19,0.96875,0.9791669845581055,0.9583330154418945,0.9791669845581055,516000
1977-09-20,0.9583330154418945,0.96875,0.9479169845581055,0.96875,60000
1977-09-21,0.9583330154418945,0.96875,0.9583330154418945,0.9583330154418945,79200
1977-09-22,0.9583330154418945,0.96875,0.9583330154418945,0.9583330154418945,357600
1977-09-23,0.9479169845581055,0.9583330154418945,0.9479169845581055,0.9583330154418945,60000
1977-09-26,0.9583330154418945,0.96875,0.9479169845581055,0.9479169845581055,163200
1977-09-27,0.9583330154418945,0.96875,0.9583330154418945,0.9583330154418945,261600
1977-09-28,0.9583330154418945,0.9583330154418945,0.9583330154418945,0.9583330154418945,136800
1977-09-29,0.96875,0.9791669845581055,0.9583330154418945,0.9583330154418945,199200
1977-09-30,1.0,1.0,0.96875,0.96875,96000
1977-10-03,1.0104169845581055,1.0104169845581055,0.9895830154418945,1.0,192000
1977-10-04,1.0208330154418945,1.0208330154418945,1.0208330154418945,1.0208330154418945,204000
1977-10-05,0.9895830154418945,1.03125,0.9895830154418945,1.0208330154418945,129600
1977-10-06,1.0104169845581055,1.0104169845581055,0.9895830154418945,0.9895830154418945,1368000
1977-10-07,1.0104169845581055,1.0208330154418945,1.0,1.0104169845581055,52800
1977-10-10,1.0104169845581055,1.0104169845581055,1.0104169845581055,1.0104169845581055,38400
1977-10-11,1.0208330154418945,1.0208330154418945,1.0208330154418945,1.0208330154418945,55200
1977-10-12,1.0104169845581055,1.0104169845581055,1.0,1.0104169845581055,189600
1977-10-13,1.0,1.03125,1.0,1.0104169845581055,213600
1977-10-14,1.0,1.0,0.9895830154418945,1.0,60000
1977-10-17,0.9791669845581055,1.0,0.9791669845581055,1.0,480000
1977-10-18,0.9791669845581055,0.9791669845581055,0.9791669845581055,0.9791669845581055,19200
1977-10-19,0.9791669845581055,0.9895830154418945,0.9791669845581055,0.9791669845581055,295200
1977-10-20,0.9791669845581055,0.9895830154418945,0.9791669845581055,0.9791669845581055,484800
1977-10-21,1.0,1.0,0.9895830154418945,0.9895830154418945,434400
1977-10-24,1.0,1.0104169845581055,1.0,1.0,84000
1977-10-25,1.0104169845581055,1.0104169845581055,0.9791669845581055,1.0,124800
1977-10-26,0.9791669845581055,1.0,0.9791669845581055,1.0,254400
1977-10-27,0.9583330154418945,0.9791669845581055,0.9583330154418945,0.9791669845581055,81600
1977-10-28,0.9583330154418945,0.9791669845581055,0.9479169845581055,0.9583330154418945,285600
1977-10-31,0.9322919845581055,0.9479169845581055,0.921875,0.9479169845581055,151200
1977-11-01,0.9114580154418945,0.921875,0.890625,0.921875,324000
1977-11-02,0.921875,0.921875,0.9114580154418945,0.9114580154418945,96000
1977-11-03,0.9322919845581055,0.9375,0.921875,0.921875,62400
1977-11-04,0.9583330154418945,0.9583330154418945,0.9375,0.9375,74400
1977-11-07,0.9791669845581055,0.9791669845581055,0.9583330154418945,0.9583330154418945,91200
1977-11-08,0.9791669845581055,0.9791669845581055,0.96875,0.9791669845581055,276000
1977-11-09,1.0,1.0,0.9791669845581055,0.9791669845581055,405600
1977-11-10,1.0208330154418945,1.0208330154418945,1.0,1.0,465600
1977-11-11,1.0520830154418945,1.0520830154418945,1.03125,1.03125,499200
1977-11-14,1.0208330154418945,1.0416669845581055,1.0208330154418945,1.0416669845581055,213600
1977-11-15,1.0416669845581055,1.0416669845581055,1.03125,1.03125,151200
1977-11-16,1.0208330154418945,1.03125,1.0208330154418945,1.03125,36000
1977-11-17,1.0104169845581055,1.0208330154418945,1.0104169845581055,1.0208330154418945,108000
1977-11-18,1.0,1.0104169845581055,1.0,1.0104169845581055,88800
1977-11-21,1.0208330154418945,1.0208330154418945,0.9895830154418945,1.0,1015200
1977-11-22,1.0,1.0208330154418945,1.0,1.0208330154418945,50400
1977-11-23,1.0104169845581055,1.0104169845581055,1.0,1.0,312000
1977-11-25,1.03125,1.03125,1.0,1.0104169845581055,86400
1977-11-28,1.0416669845581055,1.0416669845581055,1.0208330154418945,1.03125,103200
1977-11-29,1.0416669845581055,1.0416669845581055,1.0416669845581055,1.0416669845581055,93600
1977-11-30,1.03125,1.0416669845581055,1.03125,1.0416669845581055,120000
1977-12-01,1.0416669845581055,1.0416669845581055,1.0208330154418945,1.03125,280800
1977-12-02,1.0208330154418945,1.0520830154418945,1.0208330154418945,1.0416669845581055,122400
1977-12-05,1.03125,1.0416669845581055,1.0208330154418945,1.0208330154418945,494400
1977-12-06,1.0,1.0208330154418945,1.0,1.0208330154418945,36000
1977-12-07,0.9583330154418945,1.0,0.9583330154418945,1.0,153600
1977-12-08,0.9791669845581055,0.9791669845581055,0.9583330154418945,0.9583330154418945,211200
1977-12-09,1.0,1.0104169845581055,0.9895830154418945,0.9895830154418945,331200
1977-12-12,1.0,1.0,1.0,1.0,117600
1977-12-13,1.0104169845581055,1.0208330154418945,1.0104169845581055,1.0104169845581055,535200
1977-12-14,1.0,1.0104169845581055,0.9791669845581055,1.0104169845581055,544800
1977-12-15,0.9895830154418945,1.0,0.9895830154418945,1.0,592800
1977-12-16,0.9791669845581055,1.0,0.9791669845581055,0.9895830154418945,31200
1977-12-19,0.9479169845581055,0.9791669845581055,0.9479169845581055,0.9791669845581055,376800
1977-12-20,0.9375,0.9479169845581055,0.9375,0.9479169845581055,448800
1977-12-21,0.9583330154418945,0.9583330154418945,0.9375,0.9375,427200
1977-12-22,0.9791669845581055,0.9791669845581055,0.9583330154418945,0.9583330154418945,170400
1977-12-23,0.9895830154418945,1.0,0.9791669845581055,0.9791669845581055,753600
1977-12-27,0.9895830154418945,0.9895830154418945,0.9895830154418945,0.9895830154418945,36000
1977-12-28,0.9791669845581055,0.9895830154418945,0.9791669845581055,0.9895830154418945,139200
1977-12-29,0.9791669845581055,1.0,0.9791669845581055,0.9791669845581055,801600
1977-12-30,0.96875,1.0,0.96875,0.9791669845581055,153600
1978-01-03,0.9791669845581055,0.9895830154418945,0.96875,0.96875,96000
1978-01-04,0.9479169845581055,0.9791669845581055,0.9479169845581055,0.9791669845581055,352800
1978-01-05,0.9479169845581055,0.9583330154418945,0.9479169845581055,0.9479169845581055,134400
1978-01-06,0.921875,0.9375,0.921875,0.9375,549600
1978-01-09,0.9114580154418945,0.921875,0.9010419845581055,0.921875,520800
1978-01-10,0.9010419845581055,0.921875,0.9010419845581055,0.9114580154418945,972000
1978-01-11,0.9114580154418945,0.9114580154418945,0.9010419845581055,0.9010419845581055,2061600
1978-01-12,0.9114580154418945,0.921875,0.9114580154418945,0.9114580154418945,600000
1978-01-13,0.921875,0.921875,0.9114580154418945,0.9114580154418945,81600
1978-01-16,0.9114580154418945,0.921875,0.9114580154418945,0.921875,441600
1978-01-17,0.9322919845581055,0.9322919845581055,0.9010419845581055,0.9114580154418945,141600
1978-01-18,0.921875,0.9322919845581055,0.921875,0.9322919845581055,597600
1978-01-19,0.921875,0.9375,0.921875,0.921875,91200
1978-01-20,0.921875,0.921875,0.921875,0.921875,50400
1978-01-23,0.921875,0.921875,0.9114580154418945,0.921875,180000
1978-01-24,0.921875,0.921875,0.9114580154418945,0.921875,28800
1978-01-25,0.9114580154418945,0.921875,0.9010419845581055,0.921875,180000
1978-01-26,0.921875,0.921875,0.921875,0.921875,405600
1978-01-27,0.9010419845581055,0.9114580154418945,0.9010419845581055,0.9114580154418945,645600
1978-01-30,0.890625,0.9010419845581055,0.8802080154418945,0.9010419845581055,88800
1978-01-31,0.9010419845581055,0.9010419845581055,0.890625,0.890625,734400
1978-02-01,0.9322919845581055,0.9375,0.921875,0.921875,336000
1978-02-02,0.921875,0.9375,0.921875,0.9322919845581055,264000
1978-02-03,0.9322919845581055,0.9375,0.921875,0.921875,86400
1978-02-06,0.9322919845581055,0.9322919845581055,0.921875,0.9322919845581055,254400
1978-02-07,0.9322919845581055,0.9375,0.9322919845581055,0.9322919845581055,158400
1978-02-08,0.9479169845581055,0.9479169845581055,0.9322919845581055,0.9322919845581055,312000
1978-02-09,0.9375,0.9583330154418945,0.9375,0.9479169845581055,196800
1978-02-10,0.9375,0.9479169845581055,0.9375,0.9375,91200
1978-02-13,0.9479169845581055,0.9479169845581055,0.9375,0.9375,175200
1978-02-14,0.9375,0.9479169845581055,0.9375,0.9479169845581055,28800
1978-02-15,0.9479169845581055,0.9479169845581055,0.9375,0.9375,182400
1978-02-16,0.9375,0.9375,0.9375,0.9375,314400
1978-02-17,0.9375,0.9375,0.9322919845581055,0.9375,422400
1978-02-21,0.921875,0.9375,0.921875,0.9375,513600
1978-02-22,0.9322919845581055,0.9322919845581055,0.921875,0.921875,98400
1978-02-23,0.9322919845581055,0.9322919845581055,0.921875,0.9322919845581055,547200
1978-02-24,0.9322919845581055,0.9322919845581055,0.921875,0.9322919845581055,943200
1978-02-27,0.9322919845581055,0.9322919845581055,0.9322919845581055,0.9322919845581055,151200
1978-02-28,0.9114580154418945,0.921875,0.9114580154418945,0.921875,446400
1978-03-01,0.9114580154418945,0.921875,0.9010419845581055,0.9114580154418945,434400
1978-03-02,0.9114580154418945,0.9114580154418945,0.9010419845581055,0.9114580154418945,333600
1978-03-03,0.9114580154418945,0.9322919845581055,0.9114580154418945,0.9114580154418945,220800
1978-03-06,0.921875,0.9322919845581055,0.9114580154418945,0.9114580154418945,124800
1978-03-07,0.9114580154418945,0.921875,0.9114580154418945,0.921875,182400
1978-03-08,0.9114580154418945,0.9114580154418945,0.9114580154418945,0.9114580154418945,31200
1978-03-09,0.9114580154418945,0.9114580154418945,0.9114580154418945,0.9114580154418945,52800
1978-03-10,0.9114580154418945,0.9322919845581055,0.9114580154418945,0.9114580154418945,434400
1978-03-13,0.9322919845581055,0.9322919845581055,0.921875,0.921875,787200
1978-03-14,0.9322919845581055,0.9322919845581055,0.921875,0.9322919845581055,100800
1978-03-15,0.921875,0.9322919845581055,0.921875,0.9322919845581055,1591200
1978-03-16,0.921875,0.9322919845581055,0.921875,0.921875,259200
1978-03-17,0.9322919845581055,0.9322919845581055,0.921875,0.921875,148800
1978-03-20,0.9322919845581055,0.9375,0.921875,0.9322919845581055,40800
1978-03-21,0.9322919845581055,0.9322919845581055,0.921875,0.9322919845581055,460800
1978-03-22,0.921875,0.921875,0.9114580154418945,0.921875,374400
1978-03-23,0.921875,0.921875,0.9114580154418945,0.921875,448800
1978-03-27,0.921875,0.921875,0.9114580154418945,0.921875,86400
1978-03-28,0.9114580154418945,0.921875,0.9010419845581055,0.921875,384000
1978-03-29,0.921875,0.921875,0.921875,0.921875,105600
1978-03-30,0.921875,0.921875,0.9114580154418945,0.921875,254400
1978-03-31,0.9322919845581055,0.9322919845581055,0.921875,0.921875,400800
1978-04-03,0.9114580154418945,0.921875,0.9114580154418945,0.921875,304800
1978-04-04,0.890625,0.9114580154418945,0.890625,0.9114580154418945,710400
1978-04-05,0.9114580154418945,0.9114580154418945,0.9010419845581055,0.9010419845581055,628800
1978-04-06,0.921875,0.9322919845581055,0.9114580154418945,0.9114580154418945,1132800
1978-04-07,0.9375,0.9375,0.9322919845581055,0.9322919845581055,904800
1978-04-10,0.9375,0.9479169845581055,0.9375,0.9375,2956800
1978-04-11,0.9322919845581055,0.9375,0.9322919845581055,0.9375,1228800
1978-04-12,0.9479169845581055,0.9479169845581055,0.9322919845581055,0.9322919845581055,612000
1978-04-13,1.0,1.0,0.9479169845581055,0.9479169845581055,957600
1978-04-14,1.03125,1.0520830154418945,1.0208330154418945,1.0208330154418945,1876800
1978-04-17,1.0104169845581055,1.03125,1.0,1.03125,825600
1978-04-18,0.9895830154418945,1.0104169845581055,0.9895830154418945,1.0104169845581055,417600
1978-04-19,0.9791669845581055,1.0,0.96875,0.9895830154418945,112800
1978-04-20,1.0104169845581055,1.0104169845581055,1.0,1.0,523200
1978-04-21,1.03125,1.03125,1.0208330154418945,1.0208330154418945,372000
1978-04-24,1.0416669845581055,1.0625,1.03125,1.03125,698400
1978-04-25,1.0625,1.0677080154418945,1.0625,1.0625,523200
1978-04-26,1.0625,1.0625,1.0520830154418945,1.0625,374400
1978-04-27,1.0520830154418945,1.0625,1.0416669845581055,1.0625,720000
1978-04-28,1.0625,1.0625,1.0520830154418945,1.0520830154418945,62400
1978-05-01,1.0625,1.0677080154418945,1.0625,1.0625,276000
1978-05-02,1.0625,1.0677080154418945,1.0520830154418945,1.0625,674400
1978-05-03,1.0520830154418945,1.0625,1.0520830154418945,1.0625,132000
1978-05-04,1.0416669845581055,1.0520830154418945,1.03125,1.0520830154418945,398400
1978-05-05,1.0677080154418945,1.0677080154418945,1.0520830154418945,1.0520830154418945,494400
1978-05-08,1.078125,1.0885419845581055,1.0677080154418945,1.0677080154418945,31200
1978-05-09,1.0885419845581055,1.0885419845581055,1.0677080154418945,1.078125,110400
1978-05-10,1.0677080154418945,1.078125,1.0677080154418945,1.078125,206400
1978-05-11,1.0885419845581055,1.0885419845581055,1.0677080154418945,1.0677080154418945,79200
1978-05-12,1.1197919845581055,1.1197919845581055,1.0989580154418945,1.0989580154418945,871200
1978-05-15,1.1302080154418945,1.140625,1.1197919845581055,1.1197919845581055,1087200
1978-05-16,1.1510419845581055,1.1510419845581055,1.1197919845581055,1.1302080154418945,1596000
1978-05-17,1.1614580154418945,1.171875,1.140625,1.1510419845581055,1015200
1978-05-18,1.140625,1.171875,1.140625,1.1614580154418945,237600
1978-05-19,1.1197919845581055,1.1510419845581055,1.0989580154418945,1.140625,158400
1978-05-22,1.0885419845581055,1.140625,1.0885419845581055,1.1197919845581055,456000
1978-05-23,1.0885419845581055,1.0989580154418945,1.0885419845581055,1.0885419845581055,67200
1978-05-24,1.0625,1.0885419845581055,1.0625,1.0885419845581055,103200
1978-05-25,1.0625,1.0677080154418945,1.0416669845581055,1.0625,324000
1978-05-26,1.0677080154418945,1.0677080154418945,1.0416669845581055,1.0625,338400
1978-05-30,1.0677080154418945,1.0677080154418945,1.0625,1.0677080154418945,276000
1978-05-31,1.0625,1.0677080154418945,1.0625,1.0677080154418945,278400
1978-06-01,1.0885419845581055,1.0989580154418945,1.0677080154418945,1.0677080154418945,540000
1978-06-02,1.1197919845581055,1.1197919845581055,1.0989580154418945,1.0989580154418945,216000
1978-06-05,1.1302080154418945,1.1302080154418945,1.109375,1.1197919845581055,297600
1978-06-06,1.1614580154418945,1.1614580154418945,1.140625,1.140625,770400
1978-06-07,1.1510419845581055,1.1614580154418945,1.1510419845581055,1.1614580154418945,326400
1978-06-08,1.1510419845581055,1.1510419845581055,1.1510419845581055,1.1510419845581055,160800
1978-06-09,1.109375,1.140625,1.109375,1.140625,223200
1978-06-12,1.0885419845581055,1.0989580154418945,1.0885419845581055,1.0989580154418945,148800
1978-06-13,1.0885419845581055,1.0885419845581055,1.0885419845581055,1.0885419845581055,14400
1978-06-14,1.0625,1.0885419845581055,1.0520830154418945,1.0885419845581055,1908000
1978-06-15,1.0520830154418945,1.0520830154418945,1.0520830154418945,1.0520830154418945,127200
1978-06-16,1.0520830154418945,1.0625,1.0416669845581055,1.0520830154418945,105600
1978-06-19,1.03125,1.0520830154418945,1.03125,1.0520830154418945,324000
1978-06-20,1.0104169845581055,1.0416669845581055,1.0104169845581055,1.03125,333600
1978-06-21,0.9895830154418945,1.0104169845581055,0.9895830154418945,1.0104169845581055,115200
1978-06-22,1.0,1.0104169845581055,0.9791669845581055,0.9895830154418945,660000
1978-06-23,1.03125,1.03125,1.0104169845581055,1.0104169845581055,379200
1978-06-26,1.0208330154418945,1.03125,1.0104169845581055,1.03125,381600
1978-06-27,1.03125,1.03125,1.0208330154418945,1.0208330154418945,57600
1978-06-28,1.0416669845581055,1.0416669845581055,1.0208330154418945,1.03125,103200
1978-06-29,1.0416669845581055,1.0520830154418945,1.0416669845581055,1.0416669845581055,518400
1978-06-30,1.0416669845581055,1.0520830154418945,1.0416669845581055,1.0416669845581055,201600
1978-07-03,1.0416669845581055,1.0416669845581055,1.0416669845581055,1.0416669845581055,355200
1978-07-05,1.03125,1.03125,1.0208330154418945,1.03125,7200
1978-07-06,0.9895830154418945,1.0208330154418945,0.9895830154418945,1.0208330154418945,242400
1978-07-07,1.0,1.0,0.9791669845581055,0.9895830154418945,218400
1978-07-10,1.0104169845581055,1.0104169845581055,1.0,1.0,508800
1978-07-11,1.0,1.0104169845581055,1.0,1.0104169845581055,45600
1978-07-12,1.0,1.0104169845581055,1.0,1.0,86400
1978-07-13,1.0,1.0104169845581055,0.9791669845581055,1.0,324000
1978-07-14,1.0208330154418945,1.0208330154418945,0.9895830154418945,1.0,600000
1978-07-17,1.03125,1.03125,1.0104169845581055,1.0208330154418945,537600
1978-07-18,1.03125,1.03125,1.0208330154418945,1.03125,220800
1978-07-19,1.0416669845581055,1.0520830154418945,1.0208330154418945,1.03125,451200
1978-07-20,1.0520830154418945,1.0520830154418945,1.03125,1.0416669845581055,777600
1978-07-21,1.03125,1.0520830154418945,1.03125,1.0520830154418945,1056000
1978-07-24,1.0104169845581055,1.03125,1.0104169845581055,1.03125,196800
1978-07-25,1.0,1.0208330154418945,0.9895830154418945,1.0104169845581055,588000
1978-07-26,1.0208330154418945,1.0208330154418945,1.0,1.0,921600
1978-07-27,1.03125,1.0416669845581055,1.0208330154418945,1.0208330154418945,285600
1978-07-28,1.0104169845581055,1.0416669845581055,1.0104169845581055,1.03125,192000
1978-07-31,1.03125,1.03125,1.0104169845581055,1.0104169845581055,436800
1978-08-01,1.03125,1.0416669845581055,1.03125,1.03125,600000
1978-08-02,1.03125,1.03125,1.03125,1.03125,624000
1978-08-03,1.03125,1.0520830154418945,1.03125,1.03125,698400
1978-08-04,1.0625,1.0625,1.0416669845581055,1.0416669845581055,1327200
1978-08-07,1.0885419845581055,1.0989580154418945,1.0520830154418945,1.0625,736800
1978-08-08,1.0885419845581055,1.0885419845581055,1.078125,1.0885419845581055,451200
1978-08-09,1.0989580154418945,1.1197919845581055,1.0885419845581055,1.0885419845581055,926400
1978-08-10,1.1197919845581055,1.140625,1.0989580154418945,1.0989580154418945,127200
1978-08-11,1.1197919845581055,1.1197919845581055,1.0989580154418945,1.1197919845581055,278400
1978-08-14,1.1197919845581055,1.1197919845581055,1.1197919845581055,1.1197919845581055,367200
1978-08-15,1.109375,1.1302080154418945,1.109375,1.1197919845581055,350400
1978-08-16,1.1197919845581055,1.1197919845581055,1.1197919845581055,1.1197919845581055,177600
1978-08-17,1.0989580154418945,1.140625,1.0989580154418945,1.1197919845581055,336000
1978-08-18,1.1197919845581055,1.1197919845581055,1.1197919845581055,1.1197919845581055,232800
1978-08-21,1.1197919845581055,1.140625,1.1197919845581055,1.1197919845581055,160800
1978-08-22,1.0989580154418945,1.1197919845581055,1.0885419845581055,1.1197919845581055,1855200
1978-08-23,1.0885419845581055,1.0885419845581055,1.0677080154418945,1.0885419845581055,686400
1978-08-24,1.0885419845581055,1.0989580154418945,1.078125,1.0885419845581055,139200
1978-08-25,1.078125,1.0885419845581055,1.078125,1.0885419845581055,189600
1978-08-28,1.0885419845581055,1.0885419845581055,1.0677080154418945,1.078125,1370400
1978-08-29,1.078125,1.0885419845581055,1.0625,1.0885419845581055,429600
1978-08-30,1.1197919845581055,1.1197919845581055,1.0677080154418945,1.078125,408000
1978-08-31,1.109375,1.109375,1.0989580154418945,1.109375,108000
1978-09-01,1.1197919845581055,1.1197919845581055,1.0989580154418945,1.109375,86400
1978-09-05,1.1197919845581055,1.1197919845581055,1.1197919845581055,1.1197919845581055,1250400
1978-09-06,1.1510419845581055,1.1510419845581055,1.1302080154418945,1.1302080154418945,343200
1978-09-07,1.1510419845581055,1.171875,1.1510419845581055,1.1510419845581055,235200
1978-09-08,1.1510419845581055,1.171875,1.1510419845581055,1.1510419845581055,220800
1978-09-11,1.171875,1.171875,1.1614580154418945,1.1614580154418945,141600
1978-09-12,1.1822919845581055,1.1875,1.1822919845581055,1.1822919845581055,60000
1978-09-13,1.1822919845581055,1.1979169845581055,1.1822919845581055,1.1822919845581055,549600
1978-09-14,1.171875,1.1875,1.171875,1.1822919845581055,98400
1978-09-15,1.1510419845581055,1.1614580154418945,1.1510419845581055,1.1614580154418945,136800
1978-09-18,1.1614580154418945,1.1614580154418945,1.1614580154418945,1.1614580154418945,84000
1978-09-19,1.1510419845581055,1.1614580154418945,1.1510419845581055,1.1614580154418945,158400
1978-09-20,1.1614580154418945,1.1614580154418945,1.140625,1.1510419845581055,206400
1978-09-21,1.140625,1.1510419845581055,1.1302080154418945,1.1510419845581055,333600
1978-09-22,1.1197919845581055,1.140625,1.1197919845581055,1.140625,513600
1978-09-25,1.1197919845581055,1.1197919845581055,1.1197919845581055,1.1197919845581055,501600
1978-09-26,1.171875,1.171875,1.140625,1.140625,357600
1978-09-27,1.1510419845581055,1.1614580154418945,1.1510419845581055,1.1614580154418945,1200000
1978-09-28,1.1197919845581055,1.1197919845581055,1.1197919845581055,1.1197919845581055,1982400
1978-09-29,1.1197919845581055,1.1197919845581055,1.1197919845581055,1.1197919845581055,129600
1978-10-02,1.0989580154418945,1.1197919845581055,1.0885419845581055,1.1197919845581055,199200
1978-10-03,1.1197919845581055,1.1197919845581055,1.0989580154418945,1.0989580154418945,57600
1978-10-04,1.0989580154418945,1.1197919845581055,1.0989580154418945,1.1197919845581055,201600
1978-10-05,1.109375,1.1197919845581055,1.109375,1.109375,115200
1978-10-06,1.109375,1.1197919845581055,1.0885419845581055,1.109375,295200
1978-10-09,1.0885419845581055,1.1197919845581055,1.0885419845581055,1.109375,312000
1978-10-10,1.0885419845581055,1.0989580154418945,1.0885419845581055,1.0885419845581055,60000
1978-10-11,1.0989580154418945,1.0989580154418945,1.0885419845581055,1.0885419845581055,273600
1978-10-12,1.109375,1.1197919845581055,1.0989580154418945,1.0989580154418945,3664800
1978-10-13,1.1197919845581055,1.1197919845581055,1.109375,1.109375,348000
1978-10-16,1.0885419845581055,1.109375,1.0885419845581055,1.109375,513600
1978-10-17,1.0677080154418945,1.0885419845581055,1.0625,1.0885419845581055,556800
1978-10-18,1.0520830154418945,1.0677080154418945,1.0416669845581055,1.0677080154418945,283200
1978-10-19,1.0520830154418945,1.0625,1.0520830154418945,1.0520830154418945,472800
1978-10-20,1.0416669845581055,1.0625,1.0416669845581055,1.0520830154418945,288000
1978-10-23,1.0416669845581055,1.0520830154418945,1.0416669845581055,1.0416669845581055,76800
1978-10-24,1.0625,1.0625,1.0520830154418945,1.0520830154418945,57600
1978-10-25,1.0520830154418945,1.0677080154418945,1.0520830154418945,1.0625,842400
1978-10-26,1.0625,1.0625,1.0625,1.0625,638400
1978-10-27,1.0625,1.0625,1.0520830154418945,1.0625,211200
1978-10-30,1.0520830154418945,1.0520830154418945,1.0416669845581055,1.0520830154418945,393600
1978-10-31,1.0625,1.0677080154418945,1.0625,1.0625,160800
1978-11-01,1.0625,1.0989580154418945,1.0625,1.0625,616800
1978-11-02,1.0677080154418945,1.0677080154418945,1.0520830154418945,1.0625,388800
1978-11-03,1.0520830154418945,1.0677080154418945,1.0520830154418945,1.0677080154418945,554400
1978-11-06,1.0520830154418945,1.0677080154418945,1.0520830154418945,1.0520830154418945,110400
1978-11-07,1.0520830154418945,1.0625,1.0520830154418945,1.0520830154418945,367200
1978-11-08,1.0520830154418945,1.0520830154418945,1.0520830154418945,1.0520830154418945,127200
1978-11-09,1.0520830154418945,1.0520830154418945,1.0520830154418945,1.0520830154418945,295200
1978-11-10,1.0677080154418945,1.0677080154418945,1.0416669845581055,1.0520830154418945,432000
1978-11-13,1.0625,1.078125,1.0625,1.0677080154418945,81600
1978-11-14,1.0520830154418945,1.0520830154418945,1.0520830154418945,1.0520830154418945,2436000
1978-11-15,1.0416669845581055,1.0520830154418945,1.0416669845581055,1.0520830154418945,475200
1978-11-16,1.0416669845581055,1.0520830154418945,1.0416669845581055,1.0416669845581055,244800
1978-11-17,1.0416669845581055,1.0520830154418945,1.03125,1.0416669845581055,408000
1978-11-20,1.03125,1.0416669845581055,1.0208330154418945,1.0416669845581055,223200
1978-11-21,1.0208330154418945,1.03125,1.0208330154418945,1.03125,796800
1978-11-22,1.03125,1.03125,1.03125,1.03125,729600
1978-11-24,1.03125,1.03125,1.03125,1.03125,158400
1978-11-27,1.0208330154418945,1.0416669845581055,1.0208330154418945,1.03125,288000
1978-11-28,1.03125,1.0416669845581055,1.03125,1.03125,184800
1978-11-29,1.0104169845581055,1.03125,1.0104169845581055,1.03125,552000
1978-11-30,1.0104169845581055,1.0208330154418945,1.0104169845581055,1.0104169845581055,115200
1978-12-01,1.0208330154418945,1.0208330154418945,1.0208330154418945,1.0208330154418945,60000
1978-12-04,1.0416669845581055,1.0416669845581055,1.0208330154418945,1.0208330154418945,213600
1978-12-05,1.0416669845581055,1.0416669845581055,1.03125,1.0416669845581055,213600
1978-12-06,1.03125,1.0416669845581055,1.03125,1.0416669845581055,441600
1978-12-07,1.03125,1.0416669845581055,1.03125,1.03125,55200
1978-12-08,1.03125,1.0416669845581055,1.03125,1.03125,216000
1978-12-11,1.0208330154418945,1.03125,1.0208330154418945,1.03125,19200
1978-12-12,1.0208330154418945,1.03125,1.0208330154418945,1.0208330154418945,124800
1978-12-13,1.0416669845581055,1.0416669845581055,1.0416669845581055,1.0416669845581055,415200
1978-12-14,1.03125,1.03125,1.03125,1.03125,110400
1978-12-15,1.0208330154418945,1.03125,1.0208330154418945,1.03125,151200
1978-12-18,1.0208330154418945,1.0208330154418945,1.0104169845581055,1.0208330154418945,172800
1978-12-19,1.03125,1.03125,1.0208330154418945,1.0208330154418945,33600
1978-12-20,1.0208330154418945,1.03125,1.0208330154418945,1.03125,720000
1978-12-21,1.0416669845581055,1.0416669845581055,1.03125,1.03125,477600
1978-12-22,1.0520830154418945,1.0520830154418945,1.03125,1.0416669845581055,141600
1978-12-26,1.0520830154418945,1.0520830154418945,1.0416669845581055,1.0520830154418945,319200
1978-12-27,1.0520830154418945,1.0520830154418945,1.0416669845581055,1.0520830154418945,928800
1978-12-28,1.0520830154418945,1.0520830154418945,1.0520830154418945,1.0520830154418945,91200
1978-12-29,1.0520830154418945,1.0520830154418945,1.0416669845581055,1.0520830154418945,199200
1979-01-02,1.0520830154418945,1.0520830154418945,1.0416669845581055,1.0520830154418945,201600
1979-01-03,1.0677080154418945,1.0885419845581055,1.0625,1.0625,508800
1979-01-04,1.109375,1.1197919845581055,1.0677080154418945,1.0677080154418945,408000
1979-01-05,1.1510419845581055,1.1614580154418945,1.109375,1.109375,249600
1979-01-08,1.1510419845581055,1.1614580154418945,1.1510419845581055,1.1510419845581055,547200
1979-01-09,1.1510419845581055,1.1510419845581055,1.140625,1.1510419845581055,146400
1979-01-10,1.1197919845581055,1.1510419845581055,1.1197919845581055,1.1510419845581055,285600
1979-01-11,1.140625,1.140625,1.1197919845581055,1.1197919845581055,225600
1979-01-12,1.1197919845581055,1.1510419845581055,1.1197919845581055,1.140625,660000
1979-01-15,1.140625,1.1510419845581055,1.140625,1.140625,376800
1979-01-16,1.140625,1.1510419845581055,1.140625,1.140625,201600
1979-01-17,1.1302080154418945,1.1302080154418945,1.1197919845581055,1.1302080154418945,259200
1979-01-18,1.1197919845581055,1.1197919845581055,1.1197919845581055,1.1197919845581055,309600
1979-01-19,1.0989580154418945,1.0989580154418945,1.0885419845581055,1.0989580154418945,273600
1979-01-22,1.1197919845581055,1.1197919845581055,1.0989580154418945,1.0989580154418945,427200
1979-01-23,1.109375,1.109375,1.0989580154418945,1.109375,640800
1979-01-24,1.1197919845581055,1.1197919845581055,1.109375,1.109375,458400
1979-01-25,1.1197919845581055,1.140625,1.1197919845581055,1.1197919845581055,237600
1979-01-26,1.109375,1.1197919845581055,1.109375,1.1197919845581055,60000
1979-01-29,1.109375,1.1197919845581055,1.0989580154418945,1.109375,225600
1979-01-30,1.0989580154418945,1.109375,1.0885419845581055,1.109375,662400
1979-01-31,1.0520830154418945,1.0989580154418945,1.0520830154418945,1.0989580154418945,1276800
1979-02-01,1.0416669845581055,1.0416669845581055,1.03125,1.0416669845581055,374400
1979-02-02,1.03125,1.0416669845581055,1.03125,1.0416669845581055,381600
1979-02-05,1.0416669845581055,1.0416669845581055,1.0208330154418945,1.03125,1051200
1979-02-06,1.03125,1.0416669845581055,1.0208330154418945,1.0416669845581055,487200
1979-02-07,1.0104169845581055,1.0208330154418945,1.0104169845581055,1.0208330154418945,544800
1979-02-08,1.0208330154418945,1.03125,1.0104169845581055,1.0104169845581055,100800
1979-02-09,1.0208330154418945,1.0208330154418945,1.0208330154418945,1.0208330154418945,297600
1979-02-12,1.0104169845581055,1.0208330154418945,1.0104169845581055,1.0208330154418945,52800
1979-02-13,1.0104169845581055,1.0104169845581055,1.0104169845581055,1.0104169845581055,55200
1979-02-14,1.0208330154418945,1.0208330154418945,1.0104169845581055,1.0104169845581055,660000
1979-02-15,1.0208330154418945,1.0208330154418945,1.0,1.0208330154418945,424800
1979-02-16,1.0104169845581055,1.0208330154418945,1.0104169845581055,1.0208330154418945,235200
1979-02-20,1.0208330154418945,1.0208330154418945,1.0104169845581055,1.0104169845581055,160800
1979-02-21,1.0104169845581055,1.0208330154418945,1.0104169845581055,1.0208330154418945,108000
1979-02-22,1.0,1.0104169845581055,1.0,1.0104169845581055,429600
1979-02-23,1.0,1.0,0.9895830154418945,1.0,100800
1979-02-26,0.9895830154418945,1.0104169845581055,0.9895830154418945,1.0,309600
1979-02-27,0.9791669845581055,0.9895830154418945,0.9791669845581055,0.9895830154418945,235200
1979-02-28,0.9791669845581055,0.9791669845581055,0.9791669845581055,0.9791669845581055,254400
1979-03-01,1.0,1.0104169845581055,0.9895830154418945,0.9895830154418945,381600
1979-03-02,0.9895830154418945,1.0,0.9791669845581055,1.0,727200
1979-03-05,1.0,1.0,0.9791669845581055,0.9895830154418945,244800
1979-03-06,0.9895830154418945,1.0,0.9895830154418945,1.0,362400
1979-03-07,0.9895830154418945,1.0,0.9791669845581055,0.9895830154418945,194400
1979-03-08,1.0,1.0,1.0,1.0,196800
1979-03-09,0.9791669845581055,1.0104169845581055,0.9791669845581055,1.0,837600
1979-03-12,0.9791669845581055,0.9895830154418945,0.9791669845581055,0.9791669845581055,40800
1979-03-13,0.9895830154418945,1.0,0.9895830154418945,0.9895830154418945,139200
1979-03-14,0.9791669845581055,1.0,0.9791669845581055,0.9895830154418945,422400
1979-03-15,0.9791669845581055,1.0,0.9791669845581055,0.9791669845581055,134400
1979-03-16,0.9791669845581055,0.9791669845581055,0.96875,0.9791669845581055,242400
1979-03-19,0.96875,0.9791669845581055,0.9583330154418945,0.9791669845581055,76800
1979-03-20,0.9583330154418945,0.9791669845581055,0.9583330154418945,0.96875,1828800
1979-03-21,1.0,1.0,0.9583330154418945,0.9583330154418945,1058400
1979-03-22,0.9791669845581055,1.0,0.96875,1.0,314400
1979-03-23,0.9791669845581055,0.9791669845581055,0.9791669845581055,0.9791669845581055,235200
1979-03-26,0.96875,0.9791669845581055,0.96875,0.9791669845581055,324000
1979-03-27,0.9791669845581055,0.9791669845581055,0.96875,0.96875,412800
1979-03-28,0.9791669845581055,0.9895830154418945,0.9791669845581055,0.9791669845581055,321600
1979-03-29,0.9895830154418945,1.0,0.9791669845581055,0.9791669845581055,391200
1979-03-30,0.9895830154418945,1.0,0.9791669845581055,0.9895830154418945,338400
1979-04-02,0.9791669845581055,1.0,0.9791669845581055,0.9895830154418945,103200
1979-04-03,1.0,1.0,0.9791669845581055,0.9791669845581055,638400
1979-04-04,1.0,1.0,1.0,1.0,208800
1979-04-05,1.0,1.0,0.9895830154418945,1.0,408000
1979-04-06,1.0,1.0104169845581055,1.0,1.0,146400
1979-04-09,1.0104169845581055,1.0104169845581055,1.0,1.0,110400
1979-04-10,1.0104169845581055,1.0208330154418945,1.0,1.0104169845581055,213600
1979-04-11,1.0416669845581055,1.0416669845581055,1.0104169845581055,1.0104169845581055,264000
1979-04-12,1.03125,1.03125,1.0208330154418945,1.03125,60000
1979-04-16,1.0208330154418945,1.03125,1.0208330154418945,1.03125,84000
1979-04-17,1.0208330154418945,1.03125,1.0104169845581055,1.0208330154418945,170400
1979-04-18,1.03125,1.0416669845581055,1.0208330154418945,1.0208330154418945,50400
1979-04-19,1.0416669845581055,1.0520830154418945,1.0208330154418945,1.03125,816000
1979-04-20,1.0208330154418945,1.03125,1.0208330154418945,1.03125,482400
1979-04-23,1.0104169845581055,1.0208330154418945,1.0104169845581055,1.0208330154418945,264000
1979-04-24,1.03125,1.03125,1.0208330154418945,1.0208330154418945,331200
1979-04-25,1.0104169845581055,1.03125,1.0104169845581055,1.03125,422400
1979-04-26,1.0104169845581055,1.0104169845581055,0.9895830154418945,1.0104169845581055,264000
1979-04-27,1.0208330154418945,1.0208330154418945,1.0,1.0104169845581055,604800
1979-04-30,1.0,1.0104169845581055,0.9895830154418945,1.0104169845581055,434400
1979-05-01,1.0,1.0104169845581055,1.0,1.0,412800
1979-05-02,1.0104169845581055,1.0208330154418945,1.0104169845581055,1.0104169845581055,153600
1979-05-03,1.0208330154418945,1.0208330154418945,1.0104169845581055,1.0104169845581055,81600
1979-05-04,1.0208330154418945,1.03125,1.0208330154418945,1.0208330154418945,153600
1979-05-07,1.0104169845581055,1.03125,1.0104169845581055,1.0208330154418945,98400
1979-05-08,1.0104169845581055,1.0104169845581055,1.0,1.0104169845581055,168000
1979-05-09,1.03125,1.03125,1.0104169845581055,1.0104169845581055,74400
1979-05-10,1.03125,1.03125,1.0208330154418945,1.03125,256800
1979-05-11,1.0208330154418945,1.0416669845581055,1.0208330154418945,1.03125,187200
1979-05-14,1.0104169845581055,1.0208330154418945,1.0104169845581055,1.0208330154418945,93600
1979-05-15,1.0104169845581055,1.0104169845581055,1.0104169845581055,1.0104169845581055,45600
1979-05-16,1.0416669845581055,1.0416669845581055,1.0104169845581055,1.0104169845581055,60000
1979-05-17,1.0208330154418945,1.0208330154418945,1.0104169845581055,1.0208330154418945,69600
1979-05-18,1.0,1.0208330154418945,0.9791669845581055,1.0208330154418945,513600
1979-05-21,1.0104169845581055,1.0208330154418945,1.0,1.0,223200
1979-05-22,1.0104169845581055,1.0104169845581055,1.0,1.0104169845581055,93600
1979-05-23,1.0208330154418945,1.0208330154418945,1.0104169845581055,1.0104169845581055,472800
1979-05-24,1.0104169845581055,1.0104169845581055,1.0,1.0104169845581055,667200
1979-05-25,1.0,1.0104169845581055,1.0,1.0104169845581055,254400
1979-05-29,1.0,1.0104169845581055,1.0,1.0,48000
1979-05-30,0.9895830154418945,1.0,0.9895830154418945,1.0,439200
1979-05-31,1.0,1.0,0.9895830154418945,0.9895830154418945,98400
1979-06-01,1.0,1.0,0.9791669845581055,1.0,909600
1979-06-04,1.0208330154418945,1.0208330154418945,0.9895830154418945,1.0,256800
1979-06-05,1.03125,1.03125,1.0,1.0208330154418945,988800
1979-06-06,1.0416669845581055,1.0416669845581055,1.03125,1.03125,696000
1979-06-07,1.0625,1.0625,1.0416669845581055,1.0416669845581055,148800
1979-06-08,1.0520830154418945,1.0625,1.0416669845581055,1.0625,45600
1979-06-11,1.0625,1.0625,1.0416669845581055,1.0520830154418945,122400
1979-06-12,1.0416669845581055,1.0520830154418945,1.0416669845581055,1.0520830154418945,477600
1979-06-13,1.0520830154418945,1.0520830154418945,1.0520830154418945,1.0520830154418945,216000
1979-06-14,1.0520830154418945,1.0520830154418945,1.0520830154418945,1.0520830154418945,33600
1979-06-15,1.0625,1.0625,1.0625,1.0625,24000
1979-06-18,1.0520830154418945,1.0625,1.0520830154418945,1.0625,199200
1979-06-19,1.0520830154418945,1.0520830154418945,1.0520830154418945,1.0520830154418945,110400
1979-06-20,1.0520830154418945,1.0625,1.0520830154418945,1.0520830154418945,91200
1979-06-21,1.0625,1.0625,1.0520830154418945,1.0520830154418945,50400
1979-06-22,1.0625,1.0677080154418945,1.0625,1.0625,504000
1979-06-25,1.0677080154418945,1.078125,1.0677080154418945,1.0677080154418945,945600
1979-06-26,1.0989580154418945,1.0989580154418945,1.078125,1.078125,1094400
1979-06-27,1.0885419845581055,1.0885419845581055,1.078125,1.0885419845581055,1099200
1979-06-28,1.0677080154418945,1.0885419845581055,1.0677080154418945,1.0885419845581055,91200
1979-06-29,1.0677080154418945,1.0885419845581055,1.0677080154418945,1.0677080154418945,165600
1979-07-02,1.0677080154418945,1.078125,1.0677080154418945,1.0677080154418945,302400
1979-07-03,1.0677080154418945,1.078125,1.0625,1.0677080154418945,410400
1979-07-05,1.078125,1.0885419845581055,1.0677080154418945,1.0677080154418945,132000
1979-07-06,1.0677080154418945,1.0885419845581055,1.0677080154418945,1.078125,818400
1979-07-09,1.0989580154418945,1.0989580154418945,1.0677080154418945,1.0677080154418945,602400
1979-07-10,1.0885419845581055,1.0885419845581055,1.0677080154418945,1.0885419845581055,616800
1979-07-11,1.0885419845581055,1.0885419845581055,1.0677080154418945,1.0885419845581055,576000
1979-07-12,1.0885419845581055,1.0989580154418945,1.0885419845581055,1.0885419845581055,295200
1979-07-13,1.0989580154418945,1.0989580154418945,1.0885419845581055,1.0885419845581055,132000
1979-07-16,1.0989580154418945,1.0989580154418945,1.0989580154418945,1.0989580154418945,36000
1979-07-17,1.1197919845581055,1.1197919845581055,1.1197919845581055,1.1197919845581055,328800
1979-07-18,1.0989580154418945,1.109375,1.0989580154418945,1.109375,391200
1979-07-19,1.1197919845581055,1.1197919845581055,1.0989580154418945,1.0989580154418945,1147200
1979-07-20,1.1197919845581055,1.1197919845581055,1.109375,1.1197919845581055,249600
1979-07-23,1.1197919845581055,1.1197919845581055,1.1197919845581055,1.1197919845581055,14400
1979-07-24,1.1197919845581055,1.140625,1.1197919845581055,1.1197919845581055,410400
1979-07-25,1.140625,1.1510419845581055,1.140625,1.140625,280800
1979-07-26,1.1510419845581055,1.171875,1.1510419845581055,1.1510419845581055,420000
1979-07-27,1.1614580154418945,1.1614580154418945,1.1510419845581055,1.1510419845581055,105600
1979-07-30,1.1510419845581055,1.1614580154418945,1.1510419845581055,1.1614580154418945,165600
1979-07-31,1.1614580154418945,1.171875,1.1510419845581055,1.1510419845581055,422400
1979-08-01,1.171875,1.171875,1.1614580154418945,1.1614580154418945,636000
1979-08-02,1.2083330154418945,1.21875,1.171875,1.171875,636000
1979-08-03,1.1875,1.21875,1.1875,1.2083330154418945,72000
1979-08-06,1.1875,1.1979169845581055,1.1875,1.1875,168000
1979-08-07,1.1979169845581055,1.2083330154418945,1.1822919845581055,1.1875,314400
1979-08-08,1.1875,1.1979169845581055,1.1822919845581055,1.1979169845581055,748800
1979-08-09,1.1822919845581055,1.1822919845581055,1.171875,1.1822919845581055,64800
1979-08-10,1.1875,1.1979169845581055,1.1822919845581055,1.1822919845581055,974400
1979-08-13,1.2083330154418945,1.2083330154418945,1.1979169845581055,1.1979169845581055,348000
1979-08-14,1.1875,1.2083330154418945,1.1822919845581055,1.2083330154418945,273600
1979-08-15,1.1875,1.1979169845581055,1.1875,1.1875,1161600
1979-08-16,1.2083330154418945,1.21875,1.1979169845581055,1.1979169845581055,3672000
1979-08-17,1.2083330154418945,1.21875,1.2083330154418945,1.2083330154418945,295200
1979-08-20,1.2083330154418945,1.2083330154418945,1.1979169845581055,1.2083330154418945,81600
1979-08-21,1.2083330154418945,1.2083330154418945,1.1979169845581055,1.2083330154418945,607200
1979-08-22,1.1979169845581055,1.2083330154418945,1.1875,1.2083330154418945,168000
1979-08-23,1.1875,1.1979169845581055,1.1875,1.1979169845581055,91200
1979-08-24,1.1822919845581055,1.1822919845581055,1.171875,1.1822919845581055,225600
1979-08-27,1.171875,1.1822919845581055,1.171875,1.1822919845581055,333600
1979-08-28,1.1822919845581055,1.1875,1.171875,1.171875,146400
1979-08-29,1.1822919845581055,1.1875,1.1822919845581055,1.1822919845581055,74400
1979-08-30,1.1979169845581055,1.1979169845581055,1.1822919845581055,1.1822919845581055,268800
1979-08-31,1.1875,1.1875,1.1875,1.1875,180000
1979-09-04,1.1822919845581055,1.1875,1.1822919845581055,1.1875,201600
1979-09-05,1.140625,1.1510419845581055,1.1302080154418945,1.1510419845581055,645600
1979-09-06,1.140625,1.140625,1.140625,1.140625,549600
1979-09-07,1.1510419845581055,1.1510419845581055,1.1510419845581055,1.1510419845581055,67200
1979-09-10,1.1510419845581055,1.1614580154418945,1.1510419845581055,1.1510419845581055,91200
1979-09-11,1.1614580154418945,1.171875,1.1510419845581055,1.1510419845581055,391200
1979-09-12,1.140625,1.1510419845581055,1.140625,1.1510419845581055,276000
1979-09-13,1.1510419845581055,1.1510419845581055,1.1510419845581055,1.1510419845581055,410400
1979-09-14,1.1614580154418945,1.171875,1.1510419845581055,1.1510419845581055,144000
1979-09-17,1.1822919845581055,1.1822919845581055,1.1822919845581055,1.1822919845581055,112800
1979-09-18,1.1510419845581055,1.1822919845581055,1.1510419845581055,1.1822919845581055,232800
1979-09-19,1.1614580154418945,1.1614580154418945,1.1510419845581055,1.1510419845581055,331200
1979-09-20,1.171875,1.171875,1.1614580154418945,1.1614580154418945,168000
1979-09-21,1.171875,1.171875,1.1614580154418945,1.171875,194400
1979-09-24,1.1510419845581055,1.171875,1.1510419845581055,1.171875,976800
1979-09-25,1.1510419845581055,1.1614580154418945,1.140625,1.1510419845581055,242400
1979-09-26,1.1510419845581055,1.1510419845581055,1.1510419845581055,1.1510419845581055,388800
1979-09-27,1.1510419845581055,1.1614580154418945,1.1510419845581055,1.1510419845581055,136800
1979-09-28,1.1197919845581055,1.1614580154418945,1.1197919845581055,1.1510419845581055,780000
1979-10-01,1.109375,1.1197919845581055,1.0989580154418945,1.1197919845581055,110400
1979-10-02,1.109375,1.1197919845581055,1.0989580154418945,1.109375,235200
1979-10-03,1.0989580154418945,1.1197919845581055,1.0989580154418945,1.109375,477600
1979-10-04,1.1197919845581055,1.1302080154418945,1.0989580154418945,1.0989580154418945,753600
1979-10-05,1.1197919845581055,1.1197919845581055,1.1197919845581055,1.1197919845581055,184800
1979-10-08,1.109375,1.1197919845581055,1.109375,1.1197919845581055,40800
1979-10-09,1.0625,1.0677080154418945,1.0625,1.0677080154418945,362400
1979-10-10,1.0208330154418945,1.0625,1.0,1.0625,350400
1979-10-11,1.03125,1.0416669845581055,1.03125,1.03125,825600
1979-10-12,1.0208330154418945,1.03125,1.0208330154418945,1.03125,420000
1979-10-15,1.0104169845581055,1.0208330154418945,1.0,1.0208330154418945,374400
1979-10-16,1.0104169845581055,1.0208330154418945,1.0104169845581055,1.0104169845581055,24000
1979-10-17,1.03125,1.03125,1.0208330154418945,1.0208330154418945,76800
1979-10-18,1.03125,1.0520830154418945,1.03125,1.03125,132000
1979-10-19,1.03125,1.0416669845581055,1.03125,1.03125,117600
1979-10-22,1.0208330154418945,1.0208330154418945,1.0104169845581055,1.0208330154418945,88800
1979-10-23,1.03125,1.03125,1.0208330154418945,1.0208330154418945,60000
1979-10-24,1.03125,1.03125,1.03125,1.03125,64800
1979-10-25,1.0416669845581055,1.0416669845581055,1.03125,1.03125,189600
1979-10-26,1.0416669845581055,1.0520830154418945,1.0416669845581055,1.0416669845581055,84000
1979-10-29,1.0416669845581055,1.0625,1.03125,1.0416669845581055,324000
1979-10-30,1.0520830154418945,1.0520830154418945,1.0416669845581055,1.0416669845581055,57600
1979-10-31,1.0677080154418945,1.0677080154418945,1.0625,1.0625,98400
1979-11-01,1.0677080154418945,1.0885419845581055,1.0520830154418945,1.0677080154418945,578400
1979-11-02,1.0677080154418945,1.0885419845581055,1.0677080154418945,1.0677080154418945,1082400
1979-11-05,1.0677080154418945,1.0677080154418945,1.0520830154418945,1.0677080154418945,194400
1979-11-06,1.0677080154418945,1.0677080154418945,1.0520830154418945,1.0677080154418945,105600
1979-11-07,1.0520830154418945,1.0677080154418945,1.0520830154418945,1.0677080154418945,408000
1979-11-08,1.0625,1.0625,1.0625,1.0625,76800
1979-11-09,1.0677080154418945,1.078125,1.0625,1.0625,477600
1979-11-12,1.0677080154418945,1.0677080154418945,1.0625,1.0677080154418945,312000
1979-11-13,1.0677080154418945,1.0885419845581055,1.0677080154418945,1.0677080154418945,278400
1979-11-14,1.0677080154418945,1.0677080154418945,1.0520830154418945,1.0677080154418945,69600
1979-11-15,1.0625,1.078125,1.0520830154418945,1.0677080154418945,492000
1979-11-16,1.0625,1.0677080154418945,1.0625,1.0625,103200
1979-11-19,1.0625,1.0625,1.0625,1.0625,45600
1979-11-20,1.0677080154418945,1.0677080154418945,1.0625,1.0625,88800
1979-11-21,1.0677080154418945,1.0677080154418945,1.0520830154418945,1.0677080154418945,624000
1979-11-23,1.0416669845581055,1.0625,1.0416669845581055,1.0625,436800
1979-11-26,1.0520830154418945,1.0625,1.0416669845581055,1.0416669845581055,225600
1979-11-27,1.0625,1.0625,1.0625,1.0625,184800
1979-11-28,1.078125,1.0885419845581055,1.0520830154418945,1.0625,1233600
1979-11-29,1.0885419845581055,1.0885419845581055,1.0677080154418945,1.078125,979200
1979-11-30,1.0625,1.078125,1.0625,1.078125,333600
1979-12-03,1.0677080154418945,1.0677080154418945,1.0625,1.0625,223200
1979-12-04,1.0677080154418945,1.078125,1.0677080154418945,1.0677080154418945,314400
1979-12-05,1.0677080154418945,1.078125,1.0677080154418945,1.0677080154418945,1106400
1979-12-06,1.0625,1.0677080154418945,1.0625,1.0677080154418945,897600
1979-12-07,1.0625,1.0885419845581055,1.0625,1.0625,436800
1979-12-10,1.0625,1.0677080154418945,1.0625,1.0625,357600
1979-12-11,1.0625,1.0625,1.0625,1.0625,292800
1979-12-12,1.0625,1.078125,1.0625,1.0625,386400
1979-12-13,1.0520830154418945,1.0625,1.0416669845581055,1.0625,614400
1979-12-14,1.0416669845581055,1.0520830154418945,1.0416669845581055,1.0520830154418945,134400
1979-12-17,1.0520830154418945,1.0625,1.0416669845581055,1.0416669845581055,624000
1979-12-18,1.0416669845581055,1.0520830154418945,1.0416669845581055,1.0520830154418945,1622400
1979-12-19,1.0416669845581055,1.0520830154418945,1.0416669845581055,1.0416669845581055,261600
1979-12-20,1.0520830154418945,1.0625,1.0416669845581055,1.0416669845581055,1041600
1979-12-21,1.0625,1.0625,1.0520830154418945,1.0520830154418945,1180800
1979-12-24,1.0520830154418945,1.0520830154418945,1.0520830154418945,1.0520830154418945,38400
1979-12-26,1.0677080154418945,1.078125,1.0520830154418945,1.0520830154418945,184800
1979-12-27,1.0625,1.0677080154418945,1.0625,1.0677080154418945,422400
1979-12-28,1.0885419845581055,1.0885419845581055,1.0625,1.0625,297600
1979-12-31,1.0625,1.0625,1.0625,1.0625,115200
1980-01-02,1.0677080154418945,1.0677080154418945,1.0625,1.0625,398400
1980-01-03,1.0520830154418945,1.0625,1.0520830154418945,1.0625,132000
1980-01-04,1.0625,1.0625,1.0520830154418945,1.0520830154418945,93600
1980-01-07,1.0625,1.0885419845581055,1.0625,1.0625,2124000
1980-01-08,1.0677080154418945,1.0677080154418945,1.0520830154418945,1.0625,4312800
1980-01-09,1.0416669845581055,1.0885419845581055,1.0416669845581055,1.0677080154418945,2817600
1980-01-10,1.03125,1.0416669845581055,1.0208330154418945,1.0416669845581055,1855200
1980-01-11,1.0416669845581055,1.0416669845581055,1.03125,1.03125,2364000
1980-01-14,1.03125,1.0416669845581055,1.03125,1.0416669845581055,729600
1980-01-15,1.03125,1.03125,1.0104169845581055,1.03125,787200
1980-01-16,1.0104169845581055,1.0416669845581055,1.0104169845581055,1.03125,2294400
1980-01-17,1.0208330154418945,1.0208330154418945,1.0104169845581055,1.0104169845581055,732000
1980-01-18,1.0208330154418945,1.0208330154418945,1.0104169845581055,1.0208330154418945,144000
1980-01-21,1.0104169845581055,1.0416669845581055,1.0104169845581055,1.0208330154418945,4255200
1980-01-22,1.0104169845581055,1.0208330154418945,1.0104169845581055,1.0104169845581055,976800
1980-01-23,1.0520830154418945,1.0520830154418945,1.0104169845581055,1.0104169845581055,302400
1980-01-24,1.0520830154418945,1.0625,1.0416669845581055,1.0520830154418945,592800
1980-01-25,1.0416669845581055,1.0416669845581055,1.0416669845581055,1.0416669845581055,446400
1980-01-28,1.0520830154418945,1.0520830154418945,1.0416669845581055,1.0416669845581055,422400
1980-01-29,1.03125,1.0520830154418945,1.03125,1.0520830154418945,496800
1980-01-30,1.0208330154418945,1.0416669845581055,1.0208330154418945,1.03125,153600
1980-01-31,1.0208330154418945,1.0416669845581055,1.0104169845581055,1.0208330154418945,2215200
1980-02-01,1.0520830154418945,1.0520830154418945,1.0104169845581055,1.0208330154418945,456000
1980-02-04,1.0416669845581055,1.0520830154418945,1.0416669845581055,1.0520830154418945,355200
1980-02-05,1.0208330154418945,1.0416669845581055,1.0208330154418945,1.0416669845581055,240000
1980-02-06,1.0,1.0208330154418945,1.0,1.0208330154418945,1848000
1980-02-07,1.0,1.0208330154418945,1.0,1.0,724800
1980-02-08,1.0208330154418945,1.0208330154418945,1.0104169845581055,1.0104169845581055,204000
1980-02-11,0.9791669845581055,1.0104169845581055,0.9791669845581055,1.0104169845581055,460800
1980-02-12,1.0104169845581055,1.0104169845581055,0.9791669845581055,0.9791669845581055,542400
1980-02-13,1.0104169845581055,1.0208330154418945,1.0,1.0104169845581055,602400
1980-02-14,0.9895830154418945,1.0208330154418945,0.9895830154418945,1.0104169845581055,1207200
1980-02-15,0.9895830154418945,1.0,0.9791669845581055,0.9895830154418945,424800
1980-02-19,0.9895830154418945,0.9895830154418945,0.9895830154418945,0.9895830154418945,559200
1980-02-20,0.9791669845581055,1.0,0.96875,0.9895830154418945,684000
1980-02-21,0.9479169845581055,0.9791669845581055,0.9479169845581055,0.9791669845581055,4406400
1980-02-22,0.9479169845581055,0.9479169845581055,0.9479169845581055,0.9479169845581055,1404000
1980-02-25,0.890625,0.9375,0.8697919845581055,0.9375,1377600
1980-02-26,0.8697919845581055,0.9114580154418945,0.859375,0.890625,417600
1980-02-27,0.890625,0.890625,0.8697919845581055,0.8697919845581055,2488800
1980-02-28,0.8385419845581055,0.890625,0.8385419845581055,0.890625,465600
1980-02-29,0.8697919845581055,0.8802080154418945,0.8385419845581055,0.8385419845581055,285600
1980-03-03,0.8802080154418945,0.9010419845581055,0.8697919845581055,0.8697919845581055,1994400
1980-03-04,0.859375,0.8697919845581055,0.859375,0.8697919845581055,333600
1980-03-05,0.8385419845581055,0.8697919845581055,0.8385419845581055,0.859375,688800
1980-03-06,0.8125,0.859375,0.8125,0.8385419845581055,453600
1980-03-07,0.8177080154418945,0.8385419845581055,0.8125,0.8125,5277600
1980-03-10,0.8020830154418945,0.8385419845581055,0.8020830154418945,0.8177080154418945,2035200
1980-03-11,0.8385419845581055,0.8385419845581055,0.8125,0.8125,256800
1980-03-12,0.8385419845581055,0.8385419845581055,0.8177080154418945,0.8385419845581055,424800
1980-03-13,0.8385419845581055,0.8385419845581055,0.8385419845581055,0.8385419845581055,295200
1980-03-14,0.8697919845581055,0.8697919845581055,0.8385419845581055,0.8385419845581055,386400
1980-03-17,0.8125,0.859375,0.7916669845581055,0.859375,1792800
1980-03-18,0.8385419845581055,0.8385419845581055,0.8125,0.8125,240000
1980-03-19,0.8177080154418945,0.8385419845581055,0.8125,0.8385419845581055,2268000
1980-03-20,0.8125,0.828125,0.8125,0.8177080154418945,417600
1980-03-21,0.8125,0.8177080154418945,0.8125,0.8125,746400
1980-03-24,0.8020830154418945,0.8177080154418945,0.8020830154418945,0.8125,559200
1980-03-25,0.7916669845581055,0.8020830154418945,0.78125,0.8020830154418945,288000
1980-03-26,0.7916669845581055,0.8125,0.7916669845581055,0.7916669845581055,645600
1980-03-27,0.7708330154418945,0.7916669845581055,0.75,0.7916669845581055,969600
1980-03-28,0.8020830154418945,0.8020830154418945,0.7708330154418945,0.7708330154418945,948000
1980-03-31,0.8385419845581055,0.8385419845581055,0.8020830154418945,0.8020830154418945,991200
1980-04-01,0.8177080154418945,0.859375,0.8177080154418945,0.8385419845581055,559200
1980-04-02,0.8385419845581055,0.8385419845581055,0.8177080154418945,0.8177080154418945,895200
1980-04-03,0.8697919845581055,0.890625,0.859375,0.859375,758400
1980-04-07,0.9010419845581055,0.9114580154418945,0.8697919845581055,0.8697919845581055,873600
1980-04-08,0.9114580154418945,0.9114580154418945,0.8697919845581055,0.9010419845581055,465600
1980-04-09,0.9479169845581055,0.9479169845581055,0.921875,0.921875,225600
1980-04-10,0.9791669845581055,0.9791669845581055,0.9583330154418945,0.9583330154418945,1576800
1980-04-11,0.9479169845581055,0.9583330154418945,0.9479169845581055,0.9583330154418945,216000
1980-04-14,0.9479169845581055,0.9583330154418945,0.9479169845581055,0.9479169845581055,333600
1980-04-15,0.9479169845581055,0.9583330154418945,0.9479169845581055,0.9479169845581055,33600
1980-04-16,0.9583330154418945,0.9791669845581055,0.9583330154418945,0.9583330154418945,897600
1980-04-17,0.9583330154418945,0.96875,0.9583330154418945,0.9583330154418945,88800
1980-04-18,0.9479169845581055,0.9583330154418945,0.9375,0.9583330154418945,729600
1980-04-21,0.921875,0.9375,0.921875,0.9375,504000
1980-04-22,0.9375,0.9375,0.921875,0.921875,835200
1980-04-23,0.9479169845581055,0.9583330154418945,0.9322919845581055,0.9375,184800
1980-04-24,0.9322919845581055,0.9479169845581055,0.9322919845581055,0.9479169845581055,340800
1980-04-25,0.9479169845581055,0.9479169845581055,0.9322919845581055,0.9322919845581055,720000
1980-04-28,0.9375,0.9375,0.9322919845581055,0.9375,153600
1980-04-29,0.9322919845581055,0.9375,0.9322919845581055,0.9375,67200
1980-04-30,0.9375,0.9375,0.921875,0.9322919845581055,163200
1980-05-01,0.9479169845581055,0.9479169845581055,0.9322919845581055,0.9375,127200
1980-05-02,0.9479169845581055,0.9479169845581055,0.9375,0.9479169845581055,81600
1980-05-05,0.9583330154418945,0.96875,0.9322919845581055,0.9479169845581055,448800
1980-05-06,1.0,1.0104169845581055,0.9895830154418945,0.9895830154418945,547200
1980-05-07,1.03125,1.03125,0.9791669845581055,1.0,693600
1980-05-08,1.03125,1.0520830154418945,1.03125,1.03125,1651200
1980-05-09,1.0208330154418945,1.0416669845581055,1.0208330154418945,1.03125,578400
1980-05-12,1.0104169845581055,1.0208330154418945,1.0104169845581055,1.0208330154418945,1044000
1980-05-13,1.03125,1.03125,1.0104169845581055,1.0104169845581055,722400
1980-05-14,1.0416669845581055,1.0416669845581055,1.03125,1.03125,585600
1980-05-15,1.0208330154418945,1.0416669845581055,1.0208330154418945,1.0416669845581055,345600
1980-05-16,1.0,1.0208330154418945,1.0,1.0208330154418945,844800
1980-05-19,1.0,1.0,1.0,1.0,72000
1980-05-20,0.96875,1.0,0.9479169845581055,1.0,1281600
1980-05-21,0.9479169845581055,0.9583330154418945,0.9479169845581055,0.9583330154418945,182400
1980-05-22,1.0,1.0,0.9583330154418945,0.9583330154418945,348000
1980-05-23,0.9791669845581055,0.9895830154418945,0.9791669845581055,0.9895830154418945,220800
1980-05-27,0.9791669845581055,0.9791669845581055,0.96875,0.9791669845581055,487200
1980-05-28,0.9583330154418945,0.9791669845581055,0.9583330154418945,0.9791669845581055,396000
1980-05-29,0.9583330154418945,0.9791669845581055,0.9583330154418945,0.9583330154418945,352800
1980-05-30,0.9895830154418945,0.9895830154418945,0.9479169845581055,0.9583330154418945,568800
1980-06-02,0.9791669845581055,1.0,0.9791669845581055,0.9895830154418945,160800
1980-06-03,0.9791669845581055,1.0,0.9791669845581055,0.9791669845581055,199200
1980-06-04,1.0,1.0,0.9791669845581055,0.9791669845581055,160800
1980-06-05,0.9895830154418945,1.0,0.9791669845581055,1.0,220800
1980-06-06,0.9895830154418945,1.0,0.9791669845581055,0.9895830154418945,141600
1980-06-09,0.9895830154418945,0.9895830154418945,0.9791669845581055,0.9895830154418945,232800
1980-06-10,1.0104169845581055,1.0104169845581055,0.9791669845581055,0.9895830154418945,535200
1980-06-11,1.0,1.0104169845581055,0.9895830154418945,1.0104169845581055,232800
1980-06-12,1.0104169845581055,1.03125,1.0,1.0,2853600
1980-06-13,1.0208330154418945,1.0416669845581055,1.0208330154418945,1.0208330154418945,1214400
1980-06-16,1.03125,1.03125,1.0208330154418945,1.0208330154418945,420000
1980-06-17,1.0520830154418945,1.0520830154418945,1.0416669845581055,1.0416669845581055,1418400
1980-06-18,1.03125,1.0416669845581055,1.03125,1.0416669845581055,256800
1980-06-19,1.0208330154418945,1.0416669845581055,1.0208330154418945,1.03125,139200
1980-06-20,1.0,1.0208330154418945,1.0,1.0208330154418945,391200
1980-06-23,1.0208330154418945,1.0208330154418945,1.0104169845581055,1.0104169845581055,19200
1980-06-24,1.03125,1.03125,1.0208330154418945,1.0208330154418945,261600
1980-06-25,1.0416669845581055,1.0416669845581055,1.03125,1.03125,307200
1980-06-26,1.0208330154418945,1.03125,1.0208330154418945,1.03125,379200
1980-06-27,1.0416669845581055,1.0416669845581055,1.0208330154418945,1.0208330154418945,880800
1980-06-30,1.0208330154418945,1.03125,1.0208330154418945,1.03125,566400
1980-07-01,1.0208330154418945,1.0208330154418945,1.0,1.0208330154418945,206400
1980-07-02,1.0104169845581055,1.0208330154418945,1.0104169845581055,1.0208330154418945,1185600
1980-07-03,1.0104169845581055,1.0208330154418945,1.0,1.0104169845581055,583200
1980-07-07,1.0208330154418945,1.03125,1.0208330154418945,1.0208330154418945,321600
1980-07-08,1.03125,1.03125,1.0104169845581055,1.0208330154418945,832800
1980-07-09,1.0,1.03125,1.0,1.03125,4735200
1980-07-10,1.0,1.03125,1.0,1.0,4351200
1980-07-11,0.9895830154418945,1.0,0.9895830154418945,1.0,88800
1980-07-14,0.9895830154418945,1.0,0.9791669845581055,0.9895830154418945,348000
1980-07-15,0.9791669845581055,1.0,0.9583330154418945,0.9895830154418945,2484000
1980-07-16,0.9895830154418945,1.0,0.9791669845581055,0.9791669845581055,355200
1980-07-17,1.0,1.0104169845581055,0.9791669845581055,0.9895830154418945,1320000
1980-07-18,1.0104169845581055,1.0104169845581055,1.0,1.0,338400
1980-07-21,1.0104169845581055,1.0208330154418945,1.0104169845581055,1.0104169845581055,676800
1980-07-22,1.03125,1.0416669845581055,1.0208330154418945,1.0208330154418945,866400
1980-07-23,1.0208330154418945,1.03125,1.0208330154418945,1.03125,100800
1980-07-24,1.0416669845581055,1.0520830154418945,1.03125,1.03125,986400
1980-07-25,1.0416669845581055,1.0416669845581055,1.03125,1.0416669845581055,1017600
1980-07-28,1.0208330154418945,1.03125,1.0104169845581055,1.03125,2815200
1980-07-29,1.0104169845581055,1.0208330154418945,1.0104169845581055,1.0208330154418945,379200
1980-07-30,1.03125,1.0416669845581055,1.0104169845581055,1.0104169845581055,760800
1980-07-31,1.0208330154418945,1.03125,1.0208330154418945,1.03125,211200
1980-08-01,1.0208330154418945,1.03125,1.0104169845581055,1.0208330154418945,386400
1980-08-04,1.03125,1.03125,1.0104169845581055,1.0208330154418945,482400
1980-08-05,1.0520830154418945,1.0625,1.0208330154418945,1.03125,441600
1980-08-06,1.0416669845581055,1.0520830154418945,1.0416669845581055,1.0520830154418945,266400
1980-08-07,1.03125,1.0416669845581055,1.03125,1.0416669845581055,360000
1980-08-08,1.0416669845581055,1.0416669845581055,1.0208330154418945,1.03125,2200800
1980-08-11,1.0416669845581055,1.0520830154418945,1.03125,1.0416669845581055,362400
1980-08-12,1.0520830154418945,1.0625,1.0416669845581055,1.0416669845581055,477600
1980-08-13,1.0677080154418945,1.0885419845581055,1.0520830154418945,1.0520830154418945,1113600
1980-08-14,1.0677080154418945,1.0677080154418945,1.0625,1.0677080154418945,523200
1980-08-15,1.0677080154418945,1.0677080154418945,1.0677080154418945,1.0677080154418945,873600
1980-08-18,1.0625,1.0677080154418945,1.0625,1.0677080154418945,302400
1980-08-19,1.0520830154418945,1.0625,1.0520830154418945,1.0625,163200
1980-08-20,1.0520830154418945,1.0625,1.0416669845581055,1.0520830154418945,480000
1980-08-21,1.0625,1.0677080154418945,1.0520830154418945,1.0520830154418945,660000
1980-08-22,1.0625,1.0677080154418945,1.0625,1.0625,67200
1980-08-25,1.0520830154418945,1.0677080154418945,1.0416669845581055,1.0625,1509600
1980-08-26,1.0520830154418945,1.0625,1.0416669845581055,1.0520830154418945,446400
1980-08-27,1.0416669845581055,1.0520830154418945,1.0416669845581055,1.0520830154418945,984000
1980-08-28,1.0416669845581055,1.0416669845581055,1.0416669845581055,1.0416669845581055,328800
1980-08-29,1.0416669845581055,1.0520830154418945,1.0416669845581055,1.0416669845581055,165600
1980-09-02,1.0416669845581055,1.0520830154418945,1.0416669845581055,1.0416669845581055,381600
1980-09-03,1.0625,1.0625,1.0416669845581055,1.0416669845581055,660000
1980-09-04,1.0520830154418945,1.0677080154418945,1.0520830154418945,1.0625,268800
1980-09-05,1.0520830154418945,1.0625,1.0520830154418945,1.0520830154418945,127200
1980-09-08,1.03125,1.0520830154418945,1.03125,1.0520830154418945,816000
1980-09-09,1.0416669845581055,1.0416669845581055,1.03125,1.03125,364800
1980-09-10,1.0677080154418945,1.0885419845581055,1.0520830154418945,1.0520830154418945,1497600
1980-09-11,1.0677080154418945,1.0885419845581055,1.0677080154418945,1.0677080154418945,108000
1980-09-12,1.0677080154418945,1.0885419845581055,1.0677080154418945,1.0677080154418945,573600
1980-09-15,1.0625,1.0625,1.0520830154418945,1.0625,216000
1980-09-16,1.0677080154418945,1.0677080154418945,1.0625,1.0625,472800
1980-09-17,1.0885419845581055,1.0885419845581055,1.0625,1.0677080154418945,585600
1980-09-18,1.0677080154418945,1.0885419845581055,1.0677080154418945,1.0885419845581055,979200
1980-09-19,1.0520830154418945,1.0677080154418945,1.0520830154418945,1.0677080154418945,1173600
1980-09-22,1.0416669845581055,1.0625,1.0416669845581055,1.0520830154418945,607200
1980-09-23,1.03125,1.0625,1.03125,1.0416669845581055,1329600
1980-09-24,1.0104169845581055,1.0416669845581055,1.0104169845581055,1.03125,962400
1980-09-25,1.0208330154418945,1.0208330154418945,1.0104169845581055,1.0104169845581055,1209600
1980-09-26,1.0,1.0104169845581055,1.0,1.0104169845581055,578400
1980-09-29,1.0104169845581055,1.0104169845581055,0.9791669845581055,1.0,883200
1980-09-30,1.0104169845581055,1.0208330154418945,1.0,1.0104169845581055,343200
1980-10-01,1.0104169845581055,1.0104169845581055,0.9895830154418945,1.0104169845581055,741600
1980-10-02,1.0,1.03125,1.0,1.0104169845581055,288000
1980-10-03,1.0104169845581055,1.0104169845581055,0.9895830154418945,1.0,403200
1980-10-06,1.0208330154418945,1.03125,1.0104169845581055,1.0104169845581055,729600
1980-10-07,1.03125,1.0416669845581055,1.0208330154418945,1.0208330154418945,664800
1980-10-08,1.0416669845581055,1.0520830154418945,1.03125,1.03125,1053600
1980-10-09,1.0520830154418945,1.0625,1.03125,1.0416669845581055,748800
1980-10-10,1.03125,1.0677080154418945,1.03125,1.0520830154418945,8589600
1980-10-13,1.0416669845581055,1.0520830154418945,1.0416669845581055,1.0416669845581055,439200
1980-10-14,1.0416669845581055,1.0416669845581055,1.03125,1.0416669845581055,3472800
1980-10-15,1.0416669845581055,1.0520830154418945,1.03125,1.0416669845581055,1560000
1980-10-16,1.0416669845581055,1.0625,1.0416669845581055,1.0416669845581055,772800
1980-10-17,1.03125,1.0416669845581055,1.03125,1.0416669845581055,177600
1980-10-20,1.0416669845581055,1.0416669845581055,1.03125,1.03125,57600
1980-10-21,1.03125,1.0416669845581055,1.03125,1.0416669845581055,108000
1980-10-22,1.0208330154418945,1.03125,1.0208330154418945,1.03125,2659200
1980-10-23,1.0104169845581055,1.03125,1.0104169845581055,1.0208330154418945,844800
1980-10-24,1.0,1.0208330154418945,1.0,1.0104169845581055,1164000
1980-10-27,1.0104169845581055,1.0104169845581055,1.0,1.0,309600
1980-10-28,1.0104169845581055,1.0104169845581055,1.0,1.0104169845581055,201600
1980-10-29,1.0,1.0104169845581055,1.0,1.0104169845581055,288000
1980-10-30,1.0,1.0104169845581055,1.0,1.0,151200
1980-10-31,1.0,1.0104169845581055,0.9791669845581055,1.0,873600
1980-11-03,1.0104169845581055,1.0208330154418945,0.9895830154418945,1.0,283200
1980-11-05,1.0208330154418945,1.0520830154418945,1.0208330154418945,1.0208330154418945,645600
1980-11-06,0.9895830154418945,1.0,0.96875,1.0,1056000
1980-11-07,1.0,1.0104169845581055,1.0,1.0,554400
1980-11-10,1.0,1.0,0.9895830154418945,1.0,600000
1980-11-11,1.0208330154418945,1.0208330154418945,1.0,1.0,604800
1980-11-12,1.0625,1.0625,1.03125,1.03125,528000
1980-11-13,1.0625,1.0625,1.0416669845581055,1.0625,734400
1980-11-14,1.0625,1.0885419845581055,1.0520830154418945,1.0625,2210400
1980-11-17,1.0625,1.0677080154418945,1.0520830154418945,1.0625,384000
1980-11-18,1.0625,1.0625,1.0625,1.0625,290400
1980-11-19,1.0625,1.0625,1.0520830154418945,1.0625,343200
1980-11-20,1.0625,1.0677080154418945,1.0625,1.0625,1166400
1980-11-21,1.0416669845581055,1.0625,1.0104169845581055,1.0625,4912800
1980-11-24,1.03125,1.0520830154418945,1.03125,1.0416669845581055,703200
1980-11-25,1.03125,1.0416669845581055,1.03125,1.03125,1728000
1980-11-26,1.03125,1.0416669845581055,1.03125,1.03125,996000
1980-11-28,1.0208330154418945,1.03125,1.0208330154418945,1.03125,153600
1980-12-01,1.03125,1.0520830154418945,1.03125,1.03125,1891200
1980-12-02,1.0416669845581055,1.0416669845581055,1.03125,1.03125,434400
1980-12-03,1.0520830154418945,1.0520830154418945,1.0520830154418945,1.0520830154418945,81600
1980-12-04,1.0625,1.0677080154418945,1.0520830154418945,1.0520830154418945,950400
1980-12-05,1.0520830154418945,1.0625,1.0416669845581055,1.0625,825600
1980-12-08,1.03125,1.0677080154418945,1.03125,1.0520830154418945,374400
1980-12-09,1.03125,1.0416669845581055,1.03125,1.03125,528000
1980-12-10,1.03125,1.03125,1.03125,1.03125,0
1980-12-11,1.03125,1.0416669845581055,1.03125,1.03125,566400
1980-12-12,1.0625,1.0677080154418945,1.0625,1.0625,564000
1980-12-15,1.0885419845581055,1.0885419845581055,1.0520830154418945,1.0625,2030400
1980-12-16,1.1302080154418945,1.140625,1.0885419845581055,1.0885419845581055,921600
1980-12-17,1.1614580154418945,1.171875,1.140625,1.140625,1113600
1980-12-18,1.2291669845581055,1.25,1.171875,1.171875,3002400
1980-12-19,1.25,1.25,1.2083330154418945,1.2291669845581055,1221600
1980-12-22,1.2604169845581055,1.2604169845581055,1.25,1.25,268800
1980-12-23,1.2291669845581055,1.2604169845581055,1.21875,1.2604169845581055,1536000
1980-12-24,1.1979169845581055,1.21875,1.1979169845581055,1.21875,211200
1980-12-26,1.1979169845581055,1.2083330154418945,1.1875,1.1979169845581055,76800
1980-12-29,1.1614580154418945,1.1875,1.1614580154418945,1.1875,261600
1980-12-30,1.171875,1.1822919845581055,1.1614580154418945,1.1614580154418945,132000
1980-12-31,1.1979169845581055,1.2083330154418945,1.1822919845581055,1.1822919845581055,429600
1981-01-02,1.1875,1.1875,1.1822919845581055,1.1875,1029600
1981-01-05,1.25,1.25,1.1875,1.1875,1502400
1981-01-06,1.2604169845581055,1.2708330154418945,1.2395830154418945,1.25,684000
1981-01-07,1.2708330154418945,1.2708330154418945,1.2291669845581055,1.2604169845581055,1365600
1981-01-08,1.2708330154418945,1.2708330154418945,1.25,1.2708330154418945,972000
1981-01-09,1.25,1.2604169845581055,1.2395830154418945,1.2604169845581055,1471200
1981-01-12,1.2604169845581055,1.2708330154418945,1.25,1.25,1024800
1981-01-13,1.2604169845581055,1.2604169845581055,1.25,1.2604169845581055,789600
1981-01-14,1.25,1.2604169845581055,1.25,1.2604169845581055,1212000
1981-01-15,1.25,1.2708330154418945,1.25,1.25,768000
1981-01-16,1.2604169845581055,1.2604169845581055,1.25,1.25,348000
1981-01-19,1.2395830154418945,1.25,1.21875,1.25,924000
1981-01-20,1.2083330154418945,1.2395830154418945,1.2083330154418945,1.2395830154418945,3074400
1981-01-21,1.1979169845581055,1.21875,1.1875,1.2083330154418945,705600
1981-01-22,1.2083330154418945,1.21875,1.2083330154418945,1.2083330154418945,962400
1981-01-23,1.2083330154418945,1.2291669845581055,1.2083330154418945,1.2083330154418945,724800
1981-01-26,1.2083330154418945,1.2083330154418945,1.2083330154418945,1.2083330154418945,247200
1981-01-27,1.1875,1.2083330154418945,1.1875,1.2083330154418945,357600
1981-01-28,1.1979169845581055,1.1979169845581055,1.1875,1.1875,57600
1981-01-29,1.1875,1.1979169845581055,1.1875,1.1979169845581055,112800
1981-01-30,1.1979169845581055,1.2083330154418945,1.1875,1.1875,110400
1981-02-02,1.2291669845581055,1.2291669845581055,1.1875,1.1979169845581055,259200
1981-02-03,1.2083330154418945,1.2291669845581055,1.1979169845581055,1.2291669845581055,331200
1981-02-04,1.1979169845581055,1.1979169845581055,1.1875,1.1979169845581055,55200
1981-02-05,1.1979169845581055,1.1979169845581055,1.1979169845581055,1.1979169845581055,136800
1981-02-06,1.2083330154418945,1.21875,1.1875,1.1979169845581055,480000
1981-02-09,1.1875,1.21875,1.1875,1.2083330154418945,561600
1981-02-10,1.1614580154418945,1.1822919845581055,1.1614580154418945,1.1822919845581055,103200
1981-02-11,1.1875,1.2083330154418945,1.1614580154418945,1.1614580154418945,904800
1981-02-12,1.1875,1.1979169845581055,1.1875,1.1875,60000
1981-02-13,1.1875,1.21875,1.1875,1.1875,151200
1981-02-17,1.2083330154418945,1.2083330154418945,1.1875,1.1875,211200
1981-02-18,1.21875,1.21875,1.1979169845581055,1.2083330154418945,26400
1981-02-19,1.1979169845581055,1.21875,1.1979169845581055,1.21875,304800
1981-02-20,1.1979169845581055,1.1979169845581055,1.1979169845581055,1.1979169845581055,76800
1981-02-23,1.21875,1.21875,1.1979169845581055,1.1979169845581055,36000
1981-02-24,1.2083330154418945,1.2291669845581055,1.2083330154418945,1.21875,549600
1981-02-25,1.21875,1.2291669845581055,1.2083330154418945,1.2083330154418945,117600
1981-02-26,1.2291669845581055,1.2291669845581055,1.2291669845581055,1.2291669845581055,278400
1981-02-27,1.25,1.25,1.2291669845581055,1.2291669845581055,1924800
1981-03-02,1.25,1.25,1.2291669845581055,1.25,844800
1981-03-03,1.2604169845581055,1.2604169845581055,1.25,1.25,4831200
1981-03-04,1.2604169845581055,1.2708330154418945,1.25,1.2604169845581055,2037600
1981-03-05,1.2708330154418945,1.2708330154418945,1.2604169845581055,1.2604169845581055,691200
1981-03-06,1.2708330154418945,1.2708330154418945,1.2708330154418945,1.2708330154418945,86400
1981-03-09,1.28125,1.2916669845581055,1.28125,1.28125,223200
1981-03-10,1.2708330154418945,1.2916669845581055,1.2708330154418945,1.28125,81600
1981-03-11,1.2604169845581055,1.2708330154418945,1.2604169845581055,1.2708330154418945,206400
1981-03-12,1.2708330154418945,1.2708330154418945,1.2604169845581055,1.2604169845581055,72000
1981-03-13,1.2916669845581055,1.2916669845581055,1.2708330154418945,1.2708330154418945,1910400
1981-03-16,1.28125,1.2916669845581055,1.28125,1.2916669845581055,1214400
1981-03-17,1.2604169845581055,1.28125,1.25,1.28125,1094400
1981-03-18,1.28125,1.28125,1.2604169845581055,1.2604169845581055,559200
1981-03-19,1.2604169845581055,1.28125,1.2604169845581055,1.28125,1039200
1981-03-20,1.2604169845581055,1.2708330154418945,1.2395830154418945,1.2604169845581055,384000
1981-03-23,1.2604169845581055,1.2604169845581055,1.2604169845581055,1.2604169845581055,91200
1981-03-24,1.25,1.2708330154418945,1.25,1.2604169845581055,1027200
1981-03-25,1.2708330154418945,1.2708330154418945,1.25,1.25,698400
1981-03-26,1.25,1.2708330154418945,1.25,1.2708330154418945,340800
1981-03-27,1.2291669845581055,1.2604169845581055,1.2291669845581055,1.25,249600
1981-03-30,1.25,1.25,1.2291669845581055,1.2291669845581055,36000
1981-03-31,1.2604169845581055,1.2708330154418945,1.25,1.25,967200
1981-04-01,1.25,1.2604169845581055,1.25,1.2604169845581055,271200
1981-04-02,1.2604169845581055,1.2708330154418945,1.25,1.25,350400
1981-04-03,1.2708330154418945,1.2708330154418945,1.2604169845581055,1.2604169845581055,352800
1981-04-06,1.2395830154418945,1.2604169845581055,1.2395830154418945,1.2604169845581055,2853600
1981-04-07,1.2604169845581055,1.2604169845581055,1.2395830154418945,1.2395830154418945,1857600
1981-04-08,1.2604169845581055,1.2604169845581055,1.2604169845581055,1.2604169845581055,427200
1981-04-09,1.2604169845581055,1.2708330154418945,1.2604169845581055,1.2604169845581055,436800
1981-04-10,1.2395830154418945,1.2604169845581055,1.2395830154418945,1.2604169845581055,187200
1981-04-13,1.2083330154418945,1.2395830154418945,1.2083330154418945,1.2395830154418945,3674400
1981-04-14,1.2291669845581055,1.2291669845581055,1.2083330154418945,1.2083330154418945,67200
1981-04-15,1.2291669845581055,1.2291669845581055,1.2083330154418945,1.2291669845581055,122400
1981-04-16,1.2291669845581055,1.25,1.2291669845581055,1.2291669845581055,244800
1981-04-20,1.2291669845581055,1.25,1.21875,1.2291669845581055,280800
1981-04-21,1.2291669845581055,1.25,1.21875,1.2291669845581055,696000
1981-04-22,1.2083330154418945,1.2291669845581055,1.2083330154418945,1.2291669845581055,93600
1981-04-23,1.1822919845581055,1.2083330154418945,1.1822919845581055,1.2083330154418945,837600
1981-04-24,1.1875,1.21875,1.1822919845581055,1.1822919845581055,2649600
1981-04-27,1.1979169845581055,1.2083330154418945,1.1875,1.1875,770400
1981-04-28,1.2083330154418945,1.2083330154418945,1.1875,1.1979169845581055,367200
1981-04-29,1.1875,1.1979169845581055,1.1875,1.1979169845581055,163200
1981-04-30,1.2083330154418945,1.2083330154418945,1.1875,1.1875,307200
1981-05-01,1.2083330154418945,1.2083330154418945,1.1979169845581055,1.2083330154418945,129600
1981-05-04,1.171875,1.1822919845581055,1.171875,1.1822919845581055,148800
1981-05-05,1.171875,1.1822919845581055,1.171875,1.171875,420000
1981-05-06,1.1822919845581055,1.1875,1.171875,1.171875,88800
1981-05-07,1.1875,1.1875,1.1822919845581055,1.1822919845581055,912000
1981-05-08,1.1822919845581055,1.1822919845581055,1.1822919845581055,1.1822919845581055,21600
1981-05-11,1.171875,1.1875,1.171875,1.1822919845581055,321600
1981-05-12,1.1302080154418945,1.1614580154418945,1.1302080154418945,1.1614580154418945,379200
1981-05-13,1.140625,1.1510419845581055,1.1197919845581055,1.1302080154418945,693600
1981-05-14,1.171875,1.171875,1.1197919845581055,1.140625,1531200
1981-05-15,1.171875,1.171875,1.1614580154418945,1.171875,1072800
1981-05-18,1.1822919845581055,1.1822919845581055,1.1614580154418945,1.171875,108000
1981-05-19,1.1875,1.1875,1.171875,1.1822919845581055,880800
1981-05-20,1.1822919845581055,1.1875,1.1822919845581055,1.1875,314400
1981-05-21,1.1875,1.1875,1.1822919845581055,1.1822919845581055,1617600
1981-05-22,1.1875,1.1979169845581055,1.1875,1.1875,756000
1981-05-26,1.1822919845581055,1.1875,1.1822919845581055,1.1875,194400
1981-05-27,1.1875,1.1979169845581055,1.1822919845581055,1.1822919845581055,168000
1981-05-28,1.2083330154418945,1.21875,1.1979169845581055,1.1979169845581055,1082400
1981-05-29,1.2291669845581055,1.2291669845581055,1.1979169845581055,1.2083330154418945,357600
1981-06-01,1.2083330154418945,1.2291669845581055,1.2083330154418945,1.2291669845581055,374400
1981-06-02,1.21875,1.2291669845581055,1.1979169845581055,1.2083330154418945,856800
1981-06-03,1.2291669845581055,1.2291669845581055,1.2083330154418945,1.21875,748800
1981-06-04,1.2291669845581055,1.2291669845581055,1.2291669845581055,1.2291669845581055,72000
1981-06-05,1.25,1.25,1.2291669845581055,1.2291669845581055,225600
1981-06-08,1.2708330154418945,1.2708330154418945,1.2395830154418945,1.25,470400
1981-06-09,1.3020830154418945,1.3020830154418945,1.28125,1.28125,842400
1981-06-10,1.328125,1.3489580154418945,1.3020830154418945,1.3020830154418945,3055200
1981-06-11,1.3177080154418945,1.3385419845581055,1.3020830154418945,1.328125,1783200
1981-06-12,1.328125,1.3385419845581055,1.328125,1.328125,2995200
1981-06-15,1.328125,1.3385419845581055,1.328125,1.328125,278400
1981-06-16,1.3177080154418945,1.3385419845581055,1.3177080154418945,1.328125,309600
1981-06-17,1.3385419845581055,1.3385419845581055,1.328125,1.328125,398400
1981-06-18,1.3385419845581055,1.3489580154418945,1.3385419845581055,1.3385419845581055,710400
1981-06-19,1.3177080154418945,1.3177080154418945,1.3177080154418945,1.3177080154418945,196800
1981-06-22,1.3385419845581055,1.3385419845581055,1.3177080154418945,1.3177080154418945,302400
1981-06-23,1.3385419845581055,1.3385419845581055,1.3177080154418945,1.3385419845581055,1089600
1981-06-24,1.3020830154418945,1.3385419845581055,1.3020830154418945,1.3385419845581055,952800
1981-06-25,1.3020830154418945,1.3125,1.3020830154418945,1.3020830154418945,151200
1981-06-26,1.3020830154418945,1.3125,1.2916669845581055,1.3020830154418945,136800
1981-06-29,1.3020830154418945,1.3125,1.3020830154418945,1.3020830154418945,45600
1981-06-30,1.3020830154418945,1.3020830154418945,1.2916669845581055,1.3020830154418945,360000
1981-07-01,1.2291669845581055,1.2916669845581055,1.21875,1.2916669845581055,432000
1981-07-02,1.25,1.2708330154418945,1.2291669845581055,1.2291669845581055,182400
1981-07-06,1.2395830154418945,1.2604169845581055,1.2291669845581055,1.25,288000
1981-07-07,1.2395830154418945,1.25,1.2291669845581055,1.2395830154418945,151200
1981-07-08,1.2395830154418945,1.25,1.2395830154418945,1.2395830154418945,168000
1981-07-09,1.2708330154418945,1.2708330154418945,1.25,1.25,1128000
1981-07-10,1.2395830154418945,1.2604169845581055,1.2395830154418945,1.2604169845581055,228000
1981-07-13,1.21875,1.2604169845581055,1.21875,1.2395830154418945,266400
1981-07-14,1.1510419845581055,1.21875,1.1510419845581055,1.21875,163200
1981-07-15,1.1822919845581055,1.1875,1.140625,1.1510419845581055,424800
1981-07-16,1.1875,1.1979169845581055,1.1822919845581055,1.1822919845581055,316800
1981-07-17,1.1979169845581055,1.2083330154418945,1.1979169845581055,1.1979169845581055,76800
1981-07-20,1.1822919845581055,1.1875,1.1822919845581055,1.1875,40800
1981-07-21,1.1614580154418945,1.171875,1.1510419845581055,1.171875,297600
1981-07-22,1.171875,1.171875,1.171875,1.171875,88800
1981-07-23,1.1510419845581055,1.1510419845581055,1.1510419845581055,1.1510419845581055,132000
1981-07-24,1.1510419845581055,1.171875,1.1510419845581055,1.1510419845581055,914400
1981-07-27,1.1822919845581055,1.1875,1.1614580154418945,1.1614580154418945,638400
1981-07-28,1.171875,1.1875,1.171875,1.1822919845581055,170400
1981-07-29,1.140625,1.1614580154418945,1.140625,1.1614580154418945,153600
1981-07-30,1.1510419845581055,1.1614580154418945,1.1510419845581055,1.1510419845581055,494400
1981-07-31,1.1875,1.1875,1.1510419845581055,1.1510419845581055,304800
1981-08-03,1.171875,1.171875,1.1614580154418945,1.171875,506400
1981-08-04,1.171875,1.171875,1.1614580154418945,1.171875,158400
1981-08-05,1.171875,1.171875,1.1614580154418945,1.171875,81600
1981-08-06,1.1822919845581055,1.1979169845581055,1.171875,1.171875,823200
1981-08-07,1.1614580154418945,1.1875,1.1510419845581055,1.1822919845581055,607200
1981-08-10,1.171875,1.1822919845581055,1.1510419845581055,1.1614580154418945,81600
1981-08-11,1.1979169845581055,1.1979169845581055,1.1822919845581055,1.1822919845581055,278400
1981-08-12,1.2291669845581055,1.2291669845581055,1.2083330154418945,1.2083330154418945,201600
1981-08-13,1.2083330154418945,1.2291669845581055,1.2083330154418945,1.2291669845581055,619200
1981-08-14,1.21875,1.2291669845581055,1.2083330154418945,1.2083330154418945,1358400
1981-08-17,1.2083330154418945,1.2291669845581055,1.2083330154418945,1.21875,146400
1981-08-18,1.2291669845581055,1.2291669845581055,1.2083330154418945,1.2083330154418945,540000
1981-08-19,1.21875,1.2395830154418945,1.21875,1.2291669845581055,326400
1981-08-20,1.1979169845581055,1.2291669845581055,1.1979169845581055,1.21875,172800
1981-08-21,1.1614580154418945,1.1875,1.1510419845581055,1.1875,667200
1981-08-24,1.1510419845581055,1.1614580154418945,1.1510419845581055,1.1614580154418945,381600
1981-08-25,1.0989580154418945,1.1510419845581055,1.0989580154418945,1.1510419845581055,504000
1981-08-26,1.0989580154418945,1.109375,1.0885419845581055,1.0989580154418945,945600
1981-08-27,1.0989580154418945,1.1197919845581055,1.0989580154418945,1.0989580154418945,55200
1981-08-28,1.1197919845581055,1.1197919845581055,1.0885419845581055,1.0989580154418945,122400
1981-08-31,1.140625,1.140625,1.1197919845581055,1.1197919845581055,847200
1981-09-01,1.140625,1.1510419845581055,1.109375,1.140625,1312800
1981-09-02,1.1614580154418945,1.171875,1.140625,1.140625,374400
1981-09-03,1.1197919845581055,1.1510419845581055,1.1197919845581055,1.1510419845581055,180000
1981-09-04,1.1197919845581055,1.1197919845581055,1.0885419845581055,1.1197919845581055,84000
1981-09-08,1.078125,1.0989580154418945,1.078125,1.0989580154418945,297600
1981-09-09,1.0416669845581055,1.078125,1.0416669845581055,1.078125,1682400
1981-09-10,1.0885419845581055,1.0885419845581055,1.0625,1.0625,84000
1981-09-11,1.0885419845581055,1.0885419845581055,1.0885419845581055,1.0885419845581055,403200
1981-09-14,1.0885419845581055,1.0989580154418945,1.0885419845581055,1.0885419845581055,136800
1981-09-15,1.0989580154418945,1.1197919845581055,1.0885419845581055,1.0885419845581055,316800
1981-09-16,1.1197919845581055,1.1197919845581055,1.0989580154418945,1.0989580154418945,271200
1981-09-17,1.0520830154418945,1.109375,1.0520830154418945,1.109375,950400
1981-09-18,1.0104169845581055,1.0520830154418945,1.0,1.0520830154418945,619200
1981-09-21,1.0104169845581055,1.0208330154418945,1.0,1.0104169845581055,643200
1981-09-22,1.0208330154418945,1.03125,1.0104169845581055,1.0104169845581055,492000
1981-09-23,1.03125,1.0416669845581055,1.0104169845581055,1.0208330154418945,463200
1981-09-24,1.0416669845581055,1.0625,1.03125,1.03125,273600
1981-09-25,1.0416669845581055,1.0520830154418945,1.03125,1.0416669845581055,600000
1981-09-28,1.0208330154418945,1.0416669845581055,1.0208330154418945,1.0416669845581055,223200
1981-09-29,1.03125,1.03125,1.0,1.0208330154418945,307200
1981-09-30,1.03125,1.0625,1.03125,1.03125,79200
1981-10-01,1.0,1.0208330154418945,0.9791669845581055,1.0208330154418945,1994400
1981-10-02,1.0,1.0,0.9791669845581055,1.0,1792800
1981-10-05,1.0104169845581055,1.0208330154418945,1.0104169845581055,1.0104169845581055,410400
1981-10-06,1.0,1.0104169845581055,1.0,1.0104169845581055,304800
1981-10-07,1.0104169845581055,1.0208330154418945,1.0104169845581055,1.0104169845581055,907200
1981-10-08,1.03125,1.0416669845581055,1.0104169845581055,1.0104169845581055,667200
1981-10-09,1.0416669845581055,1.0416669845581055,1.03125,1.03125,1370400
1981-10-12,1.078125,1.078125,1.0520830154418945,1.0520830154418945,43200
1981-10-13,1.0416669845581055,1.0677080154418945,1.0416669845581055,1.0677080154418945,153600
1981-10-14,1.03125,1.0520830154418945,1.03125,1.0416669845581055,441600
1981-10-15,1.03125,1.03125,1.0104169845581055,1.03125,885600
1981-10-16,1.0104169845581055,1.0416669845581055,1.0104169845581055,1.03125,76800
1981-10-19,1.03125,1.03125,1.0208330154418945,1.0208330154418945,331200
1981-10-20,1.03125,1.0416669845581055,1.0208330154418945,1.03125,2155200
1981-10-21,1.03125,1.0416669845581055,1.03125,1.03125,1490400
1981-10-22,1.0208330154418945,1.03125,1.0104169845581055,1.03125,424800
1981-10-23,1.0208330154418945,1.0208330154418945,0.9895830154418945,1.0208330154418945,338400
1981-10-26,1.0,1.0104169845581055,0.9791669845581055,1.0104169845581055,1149600
1981-10-27,1.0,1.0,0.9895830154418945,1.0,108000
1981-10-28,1.0,1.0,1.0,1.0,43200
1981-10-29,1.0,1.0104169845581055,1.0,1.0,110400
1981-10-30,1.0,1.0104169845581055,0.9895830154418945,1.0,1029600
1981-11-02,1.0,1.03125,1.0,1.0,1003200
1981-11-03,1.0,1.0104169845581055,1.0,1.0,360000
1981-11-04,1.0,1.0,0.9895830154418945,1.0,523200
1981-11-05,1.0,1.0,0.9895830154418945,1.0,228000
1981-11-06,0.9791669845581055,0.9895830154418945,0.9791669845581055,0.9895830154418945,57600
1981-11-09,1.0,1.0,1.0,1.0,883200
1981-11-10,1.0208330154418945,1.03125,1.0,1.0,2032800
1981-11-11,1.0416669845581055,1.0416669845581055,1.0208330154418945,1.0208330154418945,1555200
1981-11-12,1.0520830154418945,1.0677080154418945,1.0520830154418945,1.0520830154418945,3302400
1981-11-13,1.0416669845581055,1.0625,1.0104169845581055,1.0520830154418945,1212000
1981-11-16,1.0208330154418945,1.0416669845581055,1.0208330154418945,1.0416669845581055,484800
1981-11-17,1.03125,1.03125,1.0208330154418945,1.0208330154418945,1692000
1981-11-18,1.0520830154418945,1.0520830154418945,1.03125,1.03125,844800
1981-11-19,1.0520830154418945,1.0625,1.0520830154418945,1.0520830154418945,729600
1981-11-20,1.0625,1.0625,1.0416669845581055,1.0520830154418945,777600
1981-11-23,1.0677080154418945,1.0677080154418945,1.0520830154418945,1.0625,2577600
1981-11-24,1.0677080154418945,1.0677080154418945,1.0625,1.0677080154418945,2049600
1981-11-25,1.0885419845581055,1.0885419845581055,1.0625,1.0677080154418945,1171200
1981-11-27,1.078125,1.0885419845581055,1.0677080154418945,1.0885419845581055,290400
1981-11-30,1.0885419845581055,1.0885419845581055,1.078125,1.078125,333600
1981-12-01,1.0677080154418945,1.0885419845581055,1.0520830154418945,1.0885419845581055,3302400
1981-12-02,1.0677080154418945,1.0677080154418945,1.0625,1.0677080154418945,132000
1981-12-03,1.0677080154418945,1.0677080154418945,1.0520830154418945,1.0677080154418945,458400
1981-12-04,1.0677080154418945,1.0677080154418945,1.0625,1.0677080154418945,105600
1981-12-07,1.0885419845581055,1.0885419845581055,1.0625,1.0677080154418945,818400
1981-12-08,1.0885419845581055,1.0885419845581055,1.0885419845581055,1.0885419845581055,163200
1981-12-09,1.0677080154418945,1.0885419845581055,1.0625,1.0885419845581055,290400
1981-12-10,1.0885419845581055,1.0989580154418945,1.0625,1.0677080154418945,528000
1981-12-11,1.0677080154418945,1.0885419845581055,1.0677080154418945,1.0885419845581055,158400
1981-12-14,1.0208330154418945,1.0625,1.0104169845581055,1.0625,120000
1981-12-15,1.03125,1.03125,1.0104169845581055,1.0208330154418945,225600
1981-12-16,1.03125,1.0416669845581055,1.03125,1.03125,278400
1981-12-17,1.0104169845581055,1.0416669845581055,1.0104169845581055,1.03125,2028000
1981-12-18,1.0,1.0104169845581055,1.0,1.0104169845581055,1430400
1981-12-21,1.0,1.0104169845581055,0.9895830154418945,1.0,11349600
1981-12-22,1.0,1.0,0.9791669845581055,1.0,328800
1981-12-23,0.9791669845581055,1.0,0.9791669845581055,1.0,367200
1981-12-24,1.0,1.0104169845581055,0.9791669845581055,0.9791669845581055,168000
1981-12-28,1.0,1.0104169845581055,1.0,1.0,436800
1981-12-29,0.9895830154418945,1.0104169845581055,0.9895830154418945,1.0,96000
1981-12-30,1.0,1.0,0.9895830154418945,0.9895830154418945,45600
1981-12-31,0.9895830154418945,1.0,0.9895830154418945,1.0,156000
1982-01-04,1.0,1.0,0.9895830154418945,0.9895830154418945,520800
1982-01-05,0.9791669845581055,1.0,0.9791669845581055,1.0,991200
1982-01-06,0.9895830154418945,1.0,0.9791669845581055,0.9791669845581055,828000
1982-01-07,0.9791669845581055,1.0,0.9791669845581055,0.9895830154418945,532800
1982-01-08,1.0,1.0,0.9791669845581055,0.9791669845581055,410400
1982-01-11,1.0,1.0,0.9895830154418945,1.0,91200
1982-01-12,0.9791669845581055,0.9895830154418945,0.9791669845581055,0.9895830154418945,372000
1982-01-13,0.9791669845581055,1.0,0.9583330154418945,0.9791669845581055,511200
1982-01-14,0.9791669845581055,0.9895830154418945,0.96875,0.9791669845581055,163200
1982-01-15,0.9895830154418945,1.0,0.96875,0.9791669845581055,355200
1982-01-18,0.9791669845581055,0.9895830154418945,0.9791669845581055,0.9895830154418945,1207200
1982-01-19,0.9479169845581055,0.9895830154418945,0.9479169845581055,0.9791669845581055,180000
1982-01-20,0.9479169845581055,0.9791669845581055,0.9479169845581055,0.9479169845581055,384000
1982-01-21,0.9583330154418945,0.96875,0.9479169845581055,0.9479169845581055,914400
1982-01-22,0.9479169845581055,0.9583330154418945,0.9479169845581055,0.9583330154418945,676800
1982-01-25,0.9583330154418945,0.9791669845581055,0.921875,0.9479169845581055,410400
1982-01-26,0.9791669845581055,0.9791669845581055,0.9583330154418945,0.9583330154418945,72000
1982-01-27,0.9791669845581055,0.9895830154418945,0.9791669845581055,0.9791669845581055,86400
1982-01-28,0.9895830154418945,1.0,0.9791669845581055,0.9791669845581055,276000
1982-01-29,0.9791669845581055,0.9895830154418945,0.9583330154418945,0.9895830154418945,1680000
1982-02-01,0.9479169845581055,0.96875,0.9479169845581055,0.96875,847200
1982-02-02,0.9479169845581055,0.9583330154418945,0.9375,0.9479169845581055,228000
1982-02-03,0.9479169845581055,0.9479169845581055,0.9375,0.9479169845581055,525600
1982-02-04,0.9583330154418945,0.9583330154418945,0.9479169845581055,0.9479169845581055,273600
1982-02-05,0.96875,0.96875,0.9375,0.9583330154418945,2920800
1982-02-08,0.96875,0.96875,0.9583330154418945,0.96875,367200
1982-02-09,0.9479169845581055,0.9583330154418945,0.9479169845581055,0.9583330154418945,319200
1982-02-10,0.9583330154418945,0.96875,0.9479169845581055,0.9479169845581055,357600
1982-02-11,0.9375,0.9583330154418945,0.9375,0.9583330154418945,657600
1982-02-12,0.9322919845581055,0.9479169845581055,0.921875,0.9375,1413600
1982-02-16,0.921875,0.9322919845581055,0.9114580154418945,0.9322919845581055,132000
1982-02-17,0.9479169845581055,0.9479169845581055,0.921875,0.921875,763200
1982-02-18,0.9322919845581055,0.9375,0.9322919845581055,0.9375,448800
1982-02-19,0.9322919845581055,0.9375,0.921875,0.9322919845581055,825600
1982-02-22,0.9114580154418945,0.9322919845581055,0.9114580154418945,0.9322919845581055,571200
1982-02-23,0.9114580154418945,0.9114580154418945,0.890625,0.9114580154418945,2301600
1982-02-24,0.9010419845581055,0.9114580154418945,0.9010419845581055,0.9114580154418945,132000
1982-02-25,0.9322919845581055,0.9375,0.921875,0.921875,184800
1982-02-26,0.9114580154418945,0.9322919845581055,0.9114580154418945,0.9322919845581055,153600
1982-03-01,0.9322919845581055,0.9322919845581055,0.9114580154418945,0.9114580154418945,926400
1982-03-02,0.921875,0.9322919845581055,0.9114580154418945,0.9322919845581055,1010400
1982-03-03,0.9114580154418945,0.921875,0.9114580154418945,0.921875,492000
1982-03-04,0.9010419845581055,0.9114580154418945,0.9010419845581055,0.9114580154418945,607200
1982-03-05,0.8697919845581055,0.890625,0.8697919845581055,0.890625,436800
1982-03-08,0.890625,0.9010419845581055,0.859375,0.8697919845581055,2820000
1982-03-09,0.9322919845581055,0.9322919845581055,0.8697919845581055,0.890625,230400
1982-03-10,0.9375,0.9375,0.921875,0.9322919845581055,182400
1982-03-11,0.9583330154418945,0.9583330154418945,0.921875,0.9375,508800
1982-03-12,0.9375,0.9479169845581055,0.9322919845581055,0.9479169845581055,367200
1982-03-15,0.9375,0.9375,0.9322919845581055,0.9375,1588800
1982-03-16,0.9322919845581055,0.9375,0.9322919845581055,0.9375,312000
1982-03-17,0.9114580154418945,0.9322919845581055,0.9010419845581055,0.9322919845581055,280800
1982-03-18,0.9114580154418945,0.9114580154418945,0.890625,0.9114580154418945,391200
1982-03-19,0.9010419845581055,0.9010419845581055,0.8697919845581055,0.9010419845581055,297600
1982-03-22,0.9114580154418945,0.9114580154418945,0.890625,0.9010419845581055,710400
1982-03-23,0.8697919845581055,0.890625,0.8697919845581055,0.890625,729600
1982-03-24,0.890625,0.9010419845581055,0.8697919845581055,0.8697919845581055,696000
1982-03-25,0.8697919845581055,0.890625,0.8697919845581055,0.890625,132000
1982-03-26,0.8697919845581055,0.8802080154418945,0.8697919845581055,0.8697919845581055,362400
1982-03-29,0.890625,0.890625,0.8697919845581055,0.8697919845581055,295200
1982-03-30,0.8697919845581055,0.890625,0.859375,0.890625,751200
1982-03-31,0.8697919845581055,0.8802080154418945,0.8697919845581055,0.8697919845581055,276000
1982-04-01,0.9010419845581055,0.9010419845581055,0.8697919845581055,0.8697919845581055,679200
1982-04-02,0.9375,0.9375,0.9010419845581055,0.9010419845581055,1046400
1982-04-05,0.9375,0.9479169845581055,0.9322919845581055,0.9375,405600
1982-04-06,0.9375,0.9375,0.921875,0.9375,1022400
1982-04-07,0.9479169845581055,0.9583330154418945,0.9479169845581055,0.9479169845581055,213600
1982-04-08,0.9895830154418945,0.9895830154418945,0.9479169845581055,0.9479169845581055,122400
1982-04-12,0.96875,1.0,0.96875,0.9895830154418945,456000
1982-04-13,0.921875,0.9583330154418945,0.921875,0.9583330154418945,278400
1982-04-14,0.921875,0.921875,0.9010419845581055,0.921875,645600
1982-04-15,0.9375,0.9375,0.921875,0.921875,312000
1982-04-16,0.9322919845581055,0.9479169845581055,0.921875,0.9375,112800
1982-04-19,0.9375,0.9479169845581055,0.9322919845581055,0.9322919845581055,439200
1982-04-20,0.9375,0.9375,0.9375,0.9375,244800
1982-04-21,0.9375,0.9375,0.9375,0.9375,247200
1982-04-22,0.9583330154418945,0.9583330154418945,0.9479169845581055,0.9479169845581055,962400
1982-04-23,0.9479169845581055,0.96875,0.9375,0.9583330154418945,381600
1982-04-26,0.9375,0.9479169845581055,0.9322919845581055,0.9479169845581055,398400
1982-04-27,0.9322919845581055,0.9583330154418945,0.9322919845581055,0.9375,3381600
1982-04-28,0.9322919845581055,0.9375,0.921875,0.9322919845581055,657600
1982-04-29,0.9375,0.9375,0.9322919845581055,0.9322919845581055,194400
1982-04-30,0.9375,0.9375,0.9322919845581055,0.9375,295200
1982-05-03,0.9322919845581055,0.9375,0.9322919845581055,0.9375,1538400
1982-05-04,0.9114580154418945,0.9322919845581055,0.9114580154418945,0.9322919845581055,134400
1982-05-05,0.9114580154418945,0.921875,0.9114580154418945,0.9114580154418945,76800
1982-05-06,0.9010419845581055,0.921875,0.9010419845581055,0.9114580154418945,523200
1982-05-07,0.921875,0.921875,0.9114580154418945,0.9114580154418945,1118400
1982-05-10,0.921875,0.921875,0.9114580154418945,0.921875,444000
1982-05-11,0.9114580154418945,0.9114580154418945,0.9010419845581055,0.9114580154418945,31200
1982-05-12,0.9010419845581055,0.921875,0.9010419845581055,0.9114580154418945,276000
1982-05-13,0.9010419845581055,0.921875,0.9010419845581055,0.9010419845581055,559200
1982-05-14,0.890625,0.9010419845581055,0.890625,0.9010419845581055,153600
1982-05-17,0.8697919845581055,0.8802080154418945,0.8697919845581055,0.8802080154418945,590400
1982-05-18,0.8385419845581055,0.8697919845581055,0.8385419845581055,0.8697919845581055,268800
1982-05-19,0.8489580154418945,0.8489580154418945,0.828125,0.8385419845581055,266400
1982-05-20,0.8385419845581055,0.8489580154418945,0.8385419845581055,0.8489580154418945,928800
1982-05-21,0.8385419845581055,0.8489580154418945,0.8385419845581055,0.8385419845581055,163200
1982-05-24,0.8125,0.8385419845581055,0.8125,0.8385419845581055,432000
1982-05-25,0.8385419845581055,0.8489580154418945,0.8125,0.8125,112800
1982-05-26,0.8020830154418945,0.8385419845581055,0.8020830154418945,0.8385419845581055,1526400
1982-05-27,0.7916669845581055,0.7916669845581055,0.78125,0.7916669845581055,535200
1982-05-28,0.8020830154418945,0.8125,0.78125,0.7916669845581055,700800
1982-06-01,0.8020830154418945,0.8020830154418945,0.7916669845581055,0.8020830154418945,360000
1982-06-02,0.8020830154418945,0.8125,0.8020830154418945,0.8020830154418945,4653600
1982-06-03,0.8020830154418945,0.8177080154418945,0.8020830154418945,0.8020830154418945,278400
1982-06-04,0.8020830154418945,0.8125,0.8020830154418945,0.8020830154418945,228000
1982-06-07,0.7916669845581055,0.7916669845581055,0.7916669845581055,0.7916669845581055,168000
1982-06-08,0.7708330154418945,0.7916669845581055,0.7604169845581055,0.7916669845581055,235200
1982-06-09,0.75,0.78125,0.75,0.7708330154418945,566400
1982-06-10,0.75,0.7708330154418945,0.7395830154418945,0.75,1370400
1982-06-11,0.7395830154418945,0.7604169845581055,0.7395830154418945,0.75,729600
1982-06-14,0.7395830154418945,0.75,0.7291669845581055,0.7395830154418945,1382400
1982-06-15,0.75,0.75,0.7291669845581055,0.7395830154418945,3057600
1982-06-16,0.78125,0.78125,0.75,0.75,532800
1982-06-17,0.7708330154418945,0.78125,0.7708330154418945,0.78125,592800
1982-06-18,0.78125,0.7916669845581055,0.7708330154418945,0.7708330154418945,180000
1982-06-21,0.7916669845581055,0.8125,0.78125,0.78125,127200
1982-06-22,0.78125,0.8125,0.78125,0.7916669845581055,1456800
1982-06-23,0.78125,0.8020830154418945,0.78125,0.78125,264000
1982-06-24,0.7916669845581055,0.8020830154418945,0.78125,0.78125,2956800
1982-06-25,0.8177080154418945,0.8177080154418945,0.7916669845581055,0.7916669845581055,86400
1982-06-28,0.8177080154418945,0.8177080154418945,0.8125,0.8177080154418945,1101600
1982-06-29,0.8385419845581055,0.8385419845581055,0.8177080154418945,0.8177080154418945,379200
1982-06-30,0.8385419845581055,0.8385419845581055,0.8385419845581055,0.8385419845581055,1214400
1982-07-01,0.78125,0.8385419845581055,0.78125,0.8385419845581055,5277600
1982-07-02,0.7916669845581055,0.8020830154418945,0.78125,0.78125,1615200
1982-07-06,0.7916669845581055,0.7916669845581055,0.7708330154418945,0.7916669845581055,244800
1982-07-07,0.7708330154418945,0.78125,0.7708330154418945,0.78125,175200
1982-07-08,0.7708330154418945,0.7708330154418945,0.7083330154418945,0.7708330154418945,2551200
1982-07-09,0.7708330154418945,0.78125,0.7604169845581055,0.7708330154418945,1048800
1982-07-12,0.7708330154418945,0.7708330154418945,0.75,0.7708330154418945,2258400
1982-07-13,0.75,0.7708330154418945,0.75,0.7708330154418945,2119200
1982-07-14,0.7291669845581055,0.75,0.7083330154418945,0.75,2668800
1982-07-15,0.75,0.7604169845581055,0.7291669845581055,0.7291669845581055,225600
1982-07-16,0.7604169845581055,0.7604169845581055,0.7395830154418945,0.75,537600
1982-07-19,0.7604169845581055,0.78125,0.7604169845581055,0.7604169845581055,180000
1982-07-20,0.75,0.7708330154418945,0.75,0.7604169845581055,1375200
1982-07-21,0.7604169845581055,0.7604169845581055,0.7395830154418945,0.75,1536000
1982-07-22,0.7604169845581055,0.7708330154418945,0.7604169845581055,0.7604169845581055,129600
1982-07-23,0.7604169845581055,0.7604169845581055,0.7604169845581055,0.7604169845581055,360000
1982-07-26,0.7604169845581055,0.7708330154418945,0.7604169845581055,0.7604169845581055,962400
1982-07-27,0.7604169845581055,0.7708330154418945,0.75,0.7604169845581055,412800
1982-07-28,0.75,0.7604169845581055,0.7395830154418945,0.7604169845581055,288000
1982-07-29,0.7604169845581055,0.7604169845581055,0.7395830154418945,0.75,775200
1982-07-30,0.75,0.7604169845581055,0.75,0.7604169845581055,208800
1982-08-02,0.78125,0.78125,0.7291669845581055,0.75,232800
1982-08-03,0.8020830154418945,0.8020830154418945,0.78125,0.78125,619200
1982-08-04,0.8125,0.8177080154418945,0.8020830154418945,0.8020830154418945,436800
1982-08-05,0.8020830154418945,0.8020830154418945,0.7916669845581055,0.8020830154418945,820800
1982-08-06,0.8020830154418945,0.8020830154418945,0.7916669845581055,0.8020830154418945,163200
1982-08-09,0.8020830154418945,0.8020830154418945,0.78125,0.8020830154418945,201600
1982-08-10,0.8020830154418945,0.8020830154418945,0.8020830154418945,0.8020830154418945,79200
1982-08-11,0.8020830154418945,0.8020830154418945,0.7916669845581055,0.8020830154418945,40800
1982-08-12,0.78125,0.8020830154418945,0.78125,0.8020830154418945,391200
1982-08-13,0.8020830154418945,0.8020830154418945,0.7916669845581055,0.7916669845581055,81600
1982-08-16,0.8020830154418945,0.8125,0.8020830154418945,0.8020830154418945,789600
1982-08-17,0.8177080154418945,0.8177080154418945,0.8020830154418945,0.8020830154418945,1965600
1982-08-18,0.8385419845581055,0.8385419845581055,0.8177080154418945,0.8177080154418945,1728000
1982-08-19,0.8177080154418945,0.8385419845581055,0.8177080154418945,0.8385419845581055,1588800
1982-08-20,0.828125,0.828125,0.8020830154418945,0.8177080154418945,907200
1982-08-23,0.8697919845581055,0.8697919845581055,0.8177080154418945,0.828125,708000
1982-08-24,0.8697919845581055,0.8697919845581055,0.8385419845581055,0.8697919845581055,124800
1982-08-25,0.890625,0.890625,0.8697919845581055,0.8697919845581055,232800
1982-08-26,0.890625,0.9010419845581055,0.890625,0.890625,1099200
1982-08-27,0.890625,0.890625,0.8802080154418945,0.890625,381600
1982-08-30,0.9010419845581055,0.9114580154418945,0.890625,0.890625,244800
1982-08-31,0.9010419845581055,0.9114580154418945,0.890625,0.9010419845581055,232800
1982-09-01,0.859375,0.9010419845581055,0.8385419845581055,0.9010419845581055,612000
1982-09-02,0.859375,0.8697919845581055,0.8385419845581055,0.859375,516000
1982-09-03,0.8697919845581055,0.8697919845581055,0.859375,0.859375,566400
1982-09-07,0.859375,0.8697919845581055,0.859375,0.8697919845581055,2172000
1982-09-08,0.8385419845581055,0.859375,0.8385419845581055,0.859375,566400
1982-09-09,0.8385419845581055,0.8697919845581055,0.8385419845581055,0.8385419845581055,278400
1982-09-10,0.859375,0.8697919845581055,0.8489580154418945,0.8489580154418945,122400
1982-09-13,0.9114580154418945,0.9114580154418945,0.859375,0.859375,600000
1982-09-14,0.9322919845581055,0.9375,0.9114580154418945,0.9114580154418945,626400
1982-09-15,0.96875,0.96875,0.9479169845581055,0.9479169845581055,1022400
1982-09-16,0.9375,0.9791669845581055,0.9322919845581055,0.96875,948000
1982-09-17,0.9010419845581055,0.9322919845581055,0.890625,0.9322919845581055,396000
1982-09-20,0.890625,0.9114580154418945,0.890625,0.9010419845581055,1084800
1982-09-21,0.9114580154418945,0.9114580154418945,0.8697919845581055,0.890625,1430400
1982-09-22,0.890625,0.9114580154418945,0.890625,0.9114580154418945,513600
1982-09-23,0.8802080154418945,0.9010419845581055,0.8697919845581055,0.890625,182400
1982-09-24,0.9114580154418945,0.9114580154418945,0.8697919845581055,0.8802080154418945,199200
1982-09-27,0.9114580154418945,0.9114580154418945,0.8697919845581055,0.9114580154418945,996000
1982-09-28,0.9010419845581055,0.9114580154418945,0.9010419845581055,0.9114580154418945,350400
1982-09-29,0.9010419845581055,0.9010419845581055,0.890625,0.9010419845581055,681600
1982-09-30,0.890625,0.9010419845581055,0.8697919845581055,0.9010419845581055,1152000
1982-10-01,0.9114580154418945,0.9114580154418945,0.8802080154418945,0.890625,352800
1982-10-04,0.921875,0.921875,0.9010419845581055,0.9114580154418945,213600
1982-10-05,0.9479169845581055,0.9479169845581055,0.921875,0.921875,1490400
1982-10-06,0.9479169845581055,0.9583330154418945,0.9479169845581055,0.9479169845581055,830400
1982-10-07,1.0,1.0,0.9583330154418945,0.9583330154418945,835200
1982-10-08,1.0,1.0208330154418945,0.9895830154418945,1.0,974400
1982-10-11,0.9791669845581055,1.0,0.9791669845581055,1.0,1646400
1982-10-12,0.9791669845581055,1.0,0.9791669845581055,0.9791669845581055,1908000
1982-10-13,1.0,1.0,0.9791669845581055,0.9791669845581055,873600
1982-10-14,0.9791669845581055,1.0,0.9791669845581055,1.0,612000
1982-10-15,0.9791669845581055,0.9791669845581055,0.96875,0.9791669845581055,933600
1982-10-18,0.96875,0.9791669845581055,0.9583330154418945,0.9791669845581055,628800
1982-10-19,1.0208330154418945,1.0416669845581055,1.0,1.0,1401600
1982-10-20,1.03125,1.0416669845581055,1.0208330154418945,1.0208330154418945,2371200
1982-10-21,1.0416669845581055,1.0625,1.03125,1.03125,3830400
1982-10-22,1.0625,1.0677080154418945,1.0520830154418945,1.0520830154418945,1370400
1982-10-25,1.0520830154418945,1.0677080154418945,1.0520830154418945,1.0625,525600
1982-10-26,1.0520830154418945,1.0625,1.0520830154418945,1.0520830154418945,633600
1982-10-27,1.0625,1.0885419845581055,1.0625,1.0625,189600
1982-10-28,1.0625,1.0677080154418945,1.0625,1.0625,177600
1982-10-29,1.0625,1.0625,1.0416669845581055,1.0625,204000
1982-11-01,1.078125,1.0885419845581055,1.0625,1.0625,309600
1982-11-02,1.1197919845581055,1.1197919845581055,1.0885419845581055,1.0885419845581055,782400
1982-11-03,1.1510419845581055,1.1510419845581055,1.109375,1.1197919845581055,792000
1982-11-04,1.1614580154418945,1.1822919845581055,1.1614580154418945,1.1614580154418945,732000
1982-11-05,1.1614580154418945,1.171875,1.1510419845581055,1.1614580154418945,410400
1982-11-08,1.171875,1.1822919845581055,1.1510419845581055,1.1614580154418945,271200
1982-11-09,1.1979169845581055,1.1979169845581055,1.171875,1.171875,936000
1982-11-10,1.171875,1.1979169845581055,1.171875,1.1979169845581055,902400
1982-11-11,1.1875,1.1875,1.171875,1.171875,326400
1982-11-12,1.1822919845581055,1.1875,1.1822919845581055,1.1875,244800
1982-11-15,1.171875,1.1822919845581055,1.1197919845581055,1.1822919845581055,180000
1982-11-16,1.1197919845581055,1.1614580154418945,1.0989580154418945,1.1614580154418945,652800
1982-11-17,1.1197919845581055,1.1197919845581055,1.0989580154418945,1.1197919845581055,213600
1982-11-18,1.1197919845581055,1.1510419845581055,1.1197919845581055,1.1197919845581055,556800
1982-11-19,1.1197919845581055,1.140625,1.1197919845581055,1.1197919845581055,324000
1982-11-22,1.1197919845581055,1.1197919845581055,1.1197919845581055,1.1197919845581055,364800
1982-11-23,1.1197919845581055,1.1197919845581055,1.109375,1.1197919845581055,163200
1982-11-24,1.109375,1.1197919845581055,1.109375,1.1197919845581055,244800
1982-11-26,1.0625,1.0885419845581055,1.0208330154418945,1.0885419845581055,1413600
1982-11-29,1.0520830154418945,1.078125,1.0520830154418945,1.0625,1392000
1982-11-30,1.0677080154418945,1.078125,1.0416669845581055,1.0520830154418945,588000
1982-12-01,1.0885419845581055,1.0885419845581055,1.0416669845581055,1.0677080154418945,1425600
1982-12-02,1.0520830154418945,1.0885419845581055,1.0520830154418945,1.0885419845581055,1072800
1982-12-03,1.0416669845581055,1.0520830154418945,1.0208330154418945,1.0520830154418945,1389600
1982-12-06,1.0677080154418945,1.0677080154418945,1.0208330154418945,1.0416669845581055,345600
1982-12-07,1.0677080154418945,1.0885419845581055,1.0625,1.0677080154418945,1500000
1982-12-08,1.0416669845581055,1.078125,1.0416669845581055,1.0677080154418945,499200
1982-12-09,1.0104169845581055,1.03125,0.9895830154418945,1.03125,1476000
1982-12-10,0.9895830154418945,1.0,0.9791669845581055,1.0,1466400
1982-12-13,0.9791669845581055,1.0,0.9791669845581055,0.9895830154418945,813600
1982-12-14,0.9791669845581055,1.0208330154418945,0.9791669845581055,0.9791669845581055,528000
1982-12-15,1.0,1.0,0.96875,0.9791669845581055,540000
1982-12-16,0.9791669845581055,1.0104169845581055,0.9791669845581055,1.0,472800
1982-12-17,1.0,1.0104169845581055,0.9791669845581055,0.9791669845581055,628800
1982-12-20,1.0,1.0,0.9895830154418945,1.0,422400
1982-12-21,1.0104169845581055,1.0104169845581055,0.9895830154418945,1.0,172800
1982-12-22,1.0104169845581055,1.03125,1.0,1.0104169845581055,556800
1982-12-23,1.0104169845581055,1.0416669845581055,1.0104169845581055,1.0104169845581055,597600
1982-12-27,1.0208330154418945,1.0416669845581055,1.0104169845581055,1.0104169845581055,544800
1982-12-28,1.0104169845581055,1.0208330154418945,1.0104169845581055,1.0208330154418945,177600
1982-12-29,1.0,1.0208330154418945,1.0,1.0104169845581055,273600
1982-12-30,1.0104169845581055,1.0104169845581055,1.0,1.0,98400
1982-12-31,1.03125,1.03125,1.0,1.0104169845581055,350400
1983-01-03,1.0104169845581055,1.03125,1.0104169845581055,1.03125,340800
1983-01-04,1.0208330154418945,1.0208330154418945,1.0,1.0104169845581055,1351200
1983-01-05,1.0208330154418945,1.0208330154418945,1.0,1.0208330154418945,355200
1983-01-06,1.0677080154418945,1.0677080154418945,1.03125,1.03125,1620000
1983-01-07,1.078125,1.078125,1.0625,1.0677080154418945,1312800
1983-01-10,1.0625,1.0885419845581055,1.0625,1.078125,326400
1983-01-11,1.0625,1.0885419845581055,1.0520830154418945,1.0625,3026400
1983-01-12,1.0885419845581055,1.0885419845581055,1.0677080154418945,1.0677080154418945,1300800
1983-01-13,1.0989580154418945,1.0989580154418945,1.0885419845581055,1.0885419845581055,722400
1983-01-14,1.0885419845581055,1.0989580154418945,1.0885419845581055,1.0989580154418945,273600
1983-01-17,1.0885419845581055,1.109375,1.0885419845581055,1.0885419845581055,300000
1983-01-18,1.0625,1.0885419845581055,1.0520830154418945,1.0885419845581055,768000
1983-01-19,1.03125,1.0520830154418945,1.03125,1.0520830154418945,441600
1983-01-20,1.0416669845581055,1.0416669845581055,1.03125,1.03125,564000
1983-01-21,1.03125,1.0416669845581055,1.0104169845581055,1.0416669845581055,326400
1983-01-24,1.0104169845581055,1.0208330154418945,0.9791669845581055,1.0208330154418945,259200
1983-01-25,1.0208330154418945,1.03125,1.0,1.0104169845581055,285600
1983-01-26,1.0,1.03125,0.9895830154418945,1.0208330154418945,528000
1983-01-27,1.0104169845581055,1.0104169845581055,0.9791669845581055,1.0,302400
1983-01-28,1.0,1.0104169845581055,0.96875,1.0104169845581055,693600
1983-01-31,1.0104169845581055,1.0104169845581055,0.9895830154418945,1.0,60000
1983-02-01,1.0,1.0208330154418945,1.0,1.0104169845581055,388800
1983-02-02,1.0,1.0104169845581055,0.9791669845581055,1.0,244800
1983-02-03,1.0,1.0104169845581055,0.9791669845581055,1.0,535200
1983-02-04,0.9791669845581055,1.0104169845581055,0.9791669845581055,1.0,396000
1983-02-07,1.0,1.0,0.9791669845581055,0.9791669845581055,333600
1983-02-08,0.9791669845581055,1.0,0.9583330154418945,1.0,458400
1983-02-09,0.96875,0.9791669845581055,0.9583330154418945,0.9791669845581055,969600
1983-02-10,0.9791669845581055,0.9791669845581055,0.9583330154418945,0.96875,931200
1983-02-11,1.0,1.0,0.9791669845581055,0.9791669845581055,888000
1983-02-14,0.9791669845581055,1.0,0.9791669845581055,1.0,472800
1983-02-15,1.0,1.0,0.9791669845581055,0.9791669845581055,492000
1983-02-16,1.0,1.0,0.9895830154418945,1.0,388800
1983-02-17,0.9791669845581055,1.0,0.9791669845581055,1.0,849600
1983-02-18,0.9895830154418945,0.9895830154418945,0.9791669845581055,0.9791669845581055,801600
1983-02-22,0.9791669845581055,0.9895830154418945,0.9791669845581055,0.9895830154418945,278400
1983-02-23,0.9895830154418945,1.0,0.9791669845581055,0.9791669845581055,357600
1983-02-24,1.0,1.0,0.9791669845581055,0.9895830154418945,417600
1983-02-25,1.0,1.0104169845581055,0.9791669845581055,1.0,1514400
1983-02-28,0.9479169845581055,1.0,0.9479169845581055,1.0,847200
1983-03-01,0.9479169845581055,0.9791669845581055,0.9479169845581055,0.9479169845581055,825600
1983-03-02,1.0,1.0208330154418945,0.9583330154418945,0.9583330154418945,4212000
1983-03-03,1.0208330154418945,1.0208330154418945,1.0104169845581055,1.0104169845581055,4008000
1983-03-04,1.0416669845581055,1.0416669845581055,1.0104169845581055,1.0208330154418945,4298400
1983-03-07,1.0885419845581055,1.0885419845581055,1.0520830154418945,1.0520830154418945,1003200
1983-03-08,1.0885419845581055,1.0885419845581055,1.0677080154418945,1.0885419845581055,564000
1983-03-09,1.0885419845581055,1.0885419845581055,1.0520830154418945,1.0885419845581055,1339200
1983-03-10,1.140625,1.140625,1.0989580154418945,1.0989580154418945,1634400
1983-03-11,1.140625,1.140625,1.1197919845581055,1.140625,1896000
1983-03-14,1.1614580154418945,1.1614580154418945,1.1510419845581055,1.1510419845581055,628800
1983-03-15,1.1510419845581055,1.1614580154418945,1.1510419845581055,1.1614580154418945,1735200
1983-03-16,1.1510419845581055,1.1614580154418945,1.1510419845581055,1.1510419845581055,672000
1983-03-17,1.140625,1.1614580154418945,1.1302080154418945,1.1510419845581055,974400
1983-03-18,1.1302080154418945,1.140625,1.1197919845581055,1.140625,271200
1983-03-21,1.1302080154418945,1.140625,1.1197919845581055,1.1302080154418945,602400
1983-03-22,1.140625,1.1510419845581055,1.1302080154418945,1.1302080154418945,391200
1983-03-23,1.1614580154418945,1.171875,1.1302080154418945,1.140625,1711200
1983-03-24,1.1979169845581055,1.1979169845581055,1.171875,1.171875,948000
1983-03-25,1.1822919845581055,1.1875,1.171875,1.1875,460800
1983-03-28,1.1822919845581055,1.1875,1.171875,1.1822919845581055,804000
1983-03-29,1.1614580154418945,1.1822919845581055,1.1614580154418945,1.1822919845581055,1065600
1983-03-30,1.1614580154418945,1.1822919845581055,1.1510419845581055,1.1614580154418945,746400
1983-03-31,1.1822919845581055,1.1875,1.171875,1.171875,396000
1983-04-04,1.1510419845581055,1.1822919845581055,1.1510419845581055,1.1822919845581055,448800
1983-04-05,1.140625,1.140625,1.1197919845581055,1.140625,321600
1983-04-06,1.140625,1.1510419845581055,1.1302080154418945,1.140625,2032800
1983-04-07,1.1510419845581055,1.1510419845581055,1.140625,1.140625,708000
1983-04-08,1.1510419845581055,1.1510419845581055,1.140625,1.1510419845581055,223200
1983-04-11,1.1510419845581055,1.1614580154418945,1.1510419845581055,1.1510419845581055,465600
1983-04-12,1.1822919845581055,1.1979169845581055,1.1614580154418945,1.1614580154418945,1336800
1983-04-13,1.21875,1.2291669845581055,1.1979169845581055,1.1979169845581055,3777600
1983-04-14,1.2916669845581055,1.2916669845581055,1.2291669845581055,1.2291669845581055,2174400
1983-04-15,1.2708330154418945,1.28125,1.2604169845581055,1.28125,1704000
1983-04-18,1.2291669845581055,1.2708330154418945,1.2291669845581055,1.2708330154418945,1716000
1983-04-19,1.2291669845581055,1.2291669845581055,1.21875,1.2291669845581055,1276800
1983-04-20,1.2604169845581055,1.2604169845581055,1.21875,1.2291669845581055,472800
1983-04-21,1.2708330154418945,1.28125,1.2604169845581055,1.2604169845581055,1855200
1983-04-22,1.3177080154418945,1.3177080154418945,1.2708330154418945,1.2708330154418945,7226400
1983-04-25,1.3385419845581055,1.390625,1.3177080154418945,1.3177080154418945,801600
1983-04-26,1.3177080154418945,1.3385419845581055,1.3125,1.3385419845581055,1668000
1983-04-27,1.3177080154418945,1.3489580154418945,1.3125,1.3177080154418945,1490400
1983-04-28,1.390625,1.390625,1.3177080154418945,1.3177080154418945,5332800
1983-04-29,1.4114580154418945,1.4375,1.4010419845581055,1.4010419845581055,1620000
1983-05-02,1.3697919845581055,1.390625,1.359375,1.390625,945600
1983-05-03,1.3697919845581055,1.3802080154418945,1.3697919845581055,1.3697919845581055,559200
1983-05-04,1.3489580154418945,1.3802080154418945,1.3489580154418945,1.3697919845581055,1672800
1983-05-05,1.3385419845581055,1.3385419845581055,1.3177080154418945,1.3385419845581055,729600
1983-05-06,1.359375,1.359375,1.3177080154418945,1.3385419845581055,453600
1983-05-09,1.3125,1.3489580154418945,1.3125,1.3489580154418945,199200
1983-05-10,1.3489580154418945,1.3697919845581055,1.3177080154418945,1.3177080154418945,1344000
1983-05-11,1.390625,1.4010419845581055,1.3697919845581055,1.3697919845581055,1116000
1983-05-12,1.4322919845581055,1.4322919845581055,1.3697919845581055,1.390625,998400
1983-05-13,1.4375,1.4479169845581055,1.421875,1.4322919845581055,657600
1983-05-16,1.4114580154418945,1.4375,1.3802080154418945,1.4375,328800
1983-05-17,1.4479169845581055,1.4479169845581055,1.4010419845581055,1.4114580154418945,585600
1983-05-18,1.4583330154418945,1.5,1.4479169845581055,1.4479169845581055,1519200
1983-05-19,1.4322919845581055,1.4479169845581055,1.4322919845581055,1.4479169845581055,1020000
1983-05-20,1.421875,1.4322919845581055,1.4114580154418945,1.4322919845581055,943200
1983-05-23,1.4375,1.4375,1.3697919845581055,1.421875,2140800
1983-05-24,1.4479169845581055,1.4479169845581055,1.421875,1.4375,1168800
1983-05-25,1.4479169845581055,1.4583330154418945,1.4375,1.4479169845581055,825600
1983-05-26,1.46875,1.4791669845581055,1.4375,1.4479169845581055,856800
1983-05-27,1.4895830154418945,1.5,1.4375,1.46875,278400
1983-05-31,1.4895830154418945,1.5,1.46875,1.4895830154418945,177600
1983-06-01,1.4583330154418945,1.4895830154418945,1.4479169845581055,1.4895830154418945,1461600
1983-06-02,1.4791669845581055,1.4791669845581055,1.4583330154418945,1.4583330154418945,662400
1983-06-03,1.5,1.5,1.4791669845581055,1.4791669845581055,204000
1983-06-06,1.4791669845581055,1.4895830154418945,1.4583330154418945,1.4895830154418945,4034400
1983-06-07,1.421875,1.4791669845581055,1.421875,1.4791669845581055,835200
1983-06-08,1.421875,1.4375,1.4010419845581055,1.421875,2479200
1983-06-09,1.4322919845581055,1.4375,1.4114580154418945,1.421875,1173600
1983-06-10,1.4479169845581055,1.4583330154418945,1.4322919845581055,1.4322919845581055,2284800
1983-06-13,1.4479169845581055,1.4583330154418945,1.4375,1.4479169845581055,873600
1983-06-14,1.4479169845581055,1.4583330154418945,1.4479169845581055,1.4479169845581055,290400
1983-06-15,1.4583330154418945,1.4791669845581055,1.4479169845581055,1.4479169845581055,1099200
1983-06-16,1.4791669845581055,1.4791669845581055,1.4583330154418945,1.4583330154418945,1024800
1983-06-17,1.4583330154418945,1.4791669845581055,1.4583330154418945,1.4791669845581055,2815200
1983-06-20,1.4479169845581055,1.46875,1.4479169845581055,1.4583330154418945,849600
1983-06-21,1.4479169845581055,1.4583330154418945,1.4479169845581055,1.4479169845581055,460800
1983-06-22,1.4583330154418945,1.4583330154418945,1.4375,1.4479169845581055,369600
1983-06-23,1.46875,1.4791669845581055,1.4583330154418945,1.4583330154418945,979200
1983-06-24,1.5,1.5104169845581055,1.4791669845581055,1.4791669845581055,564000
1983-06-27,1.4791669845581055,1.5,1.46875,1.5,165600
1983-06-28,1.46875,1.4791669845581055,1.46875,1.4791669845581055,252000
1983-06-29,1.4479169845581055,1.46875,1.4375,1.46875,4408800
1983-06-30,1.46875,1.46875,1.4479169845581055,1.4479169845581055,369600
1983-07-01,1.4583330154418945,1.4791669845581055,1.4583330154418945,1.46875,1509600
1983-07-05,1.4375,1.4583330154418945,1.4375,1.4583330154418945,880800
1983-07-06,1.4375,1.4375,1.4375,1.4375,1408800
1983-07-07,1.4791669845581055,1.4791669845581055,1.4375,1.4375,225600
1983-07-08,1.4583330154418945,1.4791669845581055,1.4479169845581055,1.4791669845581055,787200
1983-07-11,1.4895830154418945,1.4895830154418945,1.4479169845581055,1.4583330154418945,3787200
1983-07-12,1.4583330154418945,1.4895830154418945,1.4583330154418945,1.4895830154418945,259200
1983-07-13,1.4479169845581055,1.4583330154418945,1.4375,1.4583330154418945,2832000
1983-07-14,1.4583330154418945,1.4583330154418945,1.4375,1.4479169845581055,487200
1983-07-15,1.4479169845581055,1.4583330154418945,1.4479169845581055,1.4583330154418945,333600
1983-07-18,1.4479169845581055,1.4583330154418945,1.4375,1.4479169845581055,624000
1983-07-19,1.4479169845581055,1.4479169845581055,1.4322919845581055,1.4479169845581055,1377600
1983-07-20,1.4479169845581055,1.4479169845581055,1.4375,1.4479169845581055,1293600
1983-07-21,1.4375,1.4479169845581055,1.4375,1.4479169845581055,679200
1983-07-22,1.4479169845581055,1.4479169845581055,1.4375,1.4375,213600
1983-07-25,1.4375,1.4583330154418945,1.4375,1.4479169845581055,129600
1983-07-26,1.4479169845581055,1.4479169845581055,1.4375,1.4375,96000
1983-07-27,1.4479169845581055,1.4583330154418945,1.4375,1.4479169845581055,636000
1983-07-28,1.4479169845581055,1.4583330154418945,1.4375,1.4479169845581055,463200
1983-07-29,1.4479169845581055,1.4583330154418945,1.4375,1.4479169845581055,895200
1983-08-01,1.4479169845581055,1.46875,1.4375,1.4479169845581055,955200
1983-08-02,1.4583330154418945,1.4583330154418945,1.4375,1.4479169845581055,880800
1983-08-03,1.4791669845581055,1.4791669845581055,1.4479169845581055,1.4583330154418945,1178400
1983-08-04,1.46875,1.4791669845581055,1.4583330154418945,1.4791669845581055,2736000
1983-08-05,1.5,1.5104169845581055,1.4791669845581055,1.4791669845581055,204000
1983-08-08,1.4895830154418945,1.5,1.4791669845581055,1.5,456000
1983-08-09,1.4791669845581055,1.5,1.4791669845581055,1.4895830154418945,856800
1983-08-10,1.4791669845581055,1.4791669845581055,1.4583330154418945,1.4791669845581055,374400
1983-08-11,1.4583330154418945,1.4791669845581055,1.4583330154418945,1.4791669845581055,1015200
1983-08-12,1.4479169845581055,1.4479169845581055,1.4375,1.4479169845581055,355200
1983-08-15,1.4791669845581055,1.5,1.4583330154418945,1.4583330154418945,849600
1983-08-16,1.5104169845581055,1.5104169845581055,1.4791669845581055,1.4791669845581055,650400
1983-08-17,1.5885419845581055,1.5885419845581055,1.5208330154418945,1.5208330154418945,1022400
1983-08-18,1.5885419845581055,1.6510419845581055,1.5885419845581055,1.5885419845581055,1231200
1983-08-19,1.5989580154418945,1.609375,1.5885419845581055,1.5885419845581055,1341600
1983-08-22,1.5989580154418945,1.609375,1.5885419845581055,1.5989580154418945,4696800
1983-08-23,1.5885419845581055,1.5885419845581055,1.5677080154418945,1.5885419845581055,739200
1983-08-24,1.5625,1.5885419845581055,1.5625,1.5885419845581055,1166400
1983-08-25,1.5677080154418945,1.5677080154418945,1.5625,1.5625,919200
1983-08-26,1.5677080154418945,1.5677080154418945,1.5520830154418945,1.5677080154418945,297600
1983-08-29,1.5520830154418945,1.5625,1.5416669845581055,1.5625,506400
1983-08-30,1.5520830154418945,1.5520830154418945,1.5416669845581055,1.5520830154418945,81600
1983-08-31,1.5520830154418945,1.5520830154418945,1.5416669845581055,1.5520830154418945,240000
1983-09-01,1.5104169845581055,1.5520830154418945,1.5104169845581055,1.5520830154418945,1584000
1983-09-02,1.5,1.5104169845581055,1.5,1.5104169845581055,475200
1983-09-06,1.5104169845581055,1.53125,1.5,1.5,535200
1983-09-07,1.53125,1.53125,1.5104169845581055,1.5104169845581055,1243200
1983-09-08,1.53125,1.5416669845581055,1.5104169845581055,1.53125,2692800
1983-09-09,1.5,1.5208330154418945,1.4791669845581055,1.5208330154418945,319200
1983-09-12,1.53125,1.5416669845581055,1.5104169845581055,1.5104169845581055,223200
1983-09-13,1.5520830154418945,1.5520830154418945,1.53125,1.53125,765600
1983-09-14,1.5208330154418945,1.5520830154418945,1.5208330154418945,1.5520830154418945,422400
1983-09-15,1.5104169845581055,1.5416669845581055,1.5104169845581055,1.5208330154418945,168000
1983-09-16,1.5104169845581055,1.5208330154418945,1.4791669845581055,1.5104169845581055,127200
1983-09-19,1.5104169845581055,1.53125,1.5104169845581055,1.5104169845581055,580800
1983-09-20,1.53125,1.5520830154418945,1.5104169845581055,1.5104169845581055,1416000
1983-09-21,1.5104169845581055,1.5416669845581055,1.5104169845581055,1.53125,703200
1983-09-22,1.5208330154418945,1.53125,1.5104169845581055,1.5104169845581055,1704000
1983-09-23,1.5,1.5104169845581055,1.5,1.5104169845581055,4291200
1983-09-26,1.5104169845581055,1.5104169845581055,1.5,1.5,1322400
1983-09-27,1.5104169845581055,1.5208330154418945,1.5104169845581055,1.5104169845581055,343200
1983-09-28,1.53125,1.53125,1.5104169845581055,1.5104169845581055,328800
1983-09-29,1.4895830154418945,1.53125,1.4791669845581055,1.53125,434400
1983-09-30,1.5104169845581055,1.5104169845581055,1.4895830154418945,1.4895830154418945,204000
1983-10-03,1.5,1.5104169845581055,1.4791669845581055,1.5104169845581055,316800
1983-10-04,1.5,1.5104169845581055,1.4895830154418945,1.5,1953600
1983-10-05,1.5,1.5,1.4791669845581055,1.5,340800
1983-10-06,1.5104169845581055,1.5104169845581055,1.4791669845581055,1.5,129600
1983-10-07,1.5,1.5104169845581055,1.5,1.5104169845581055,756000
1983-10-10,1.5,1.5208330154418945,1.5,1.5,88800
1983-10-11,1.53125,1.5416669845581055,1.5,1.5,1660800
1983-10-12,1.5416669845581055,1.5625,1.5104169845581055,1.53125,679200
1983-10-13,1.5416669845581055,1.5520830154418945,1.5208330154418945,1.5416669845581055,400800
1983-10-14,1.5625,1.5625,1.5416669845581055,1.5416669845581055,364800
1983-10-17,1.5625,1.5625,1.5104169845581055,1.5625,259200
1983-10-18,1.5416669845581055,1.5625,1.5416669845581055,1.5625,1812000
1983-10-19,1.5416669845581055,1.5416669845581055,1.5104169845581055,1.5416669845581055,364800
1983-10-20,1.5104169845581055,1.5416669845581055,1.5104169845581055,1.5416669845581055,3288000
1983-10-21,1.5104169845581055,1.5104169845581055,1.5104169845581055,1.5104169845581055,972000
1983-10-24,1.4375,1.4791669845581055,1.4322919845581055,1.4791669845581055,465600
1983-10-25,1.4479169845581055,1.4479169845581055,1.4375,1.4375,1041600
1983-10-26,1.4322919845581055,1.4479169845581055,1.421875,1.4479169845581055,528000
1983-10-27,1.4322919845581055,1.4375,1.421875,1.4322919845581055,292800
1983-10-28,1.4010419845581055,1.4375,1.4010419845581055,1.4322919845581055,240000
1983-10-31,1.3802080154418945,1.3802080154418945,1.3697919845581055,1.3802080154418945,496800
1983-11-01,1.3385419845581055,1.3489580154418945,1.3385419845581055,1.3489580154418945,496800
1983-11-02,1.328125,1.3385419845581055,1.3125,1.3385419845581055,662400
1983-11-03,1.328125,1.328125,1.3177080154418945,1.328125,1024800
1983-11-04,1.328125,1.3385419845581055,1.3125,1.328125,477600
1983-11-07,1.3385419845581055,1.3385419845581055,1.3177080154418945,1.328125,1255200
1983-11-08,1.3489580154418945,1.3697919845581055,1.3385419845581055,1.3385419845581055,456000
1983-11-09,1.3697919845581055,1.3697919845581055,1.3489580154418945,1.3489580154418945,100800
1983-11-10,1.4010419845581055,1.4114580154418945,1.3697919845581055,1.3697919845581055,266400
1983-11-11,1.4114580154418945,1.421875,1.390625,1.4010419845581055,424800
1983-11-14,1.421875,1.4479169845581055,1.4010419845581055,1.4114580154418945,376800
1983-11-15,1.421875,1.4322919845581055,1.4114580154418945,1.421875,297600
1983-11-16,1.4375,1.4375,1.4114580154418945,1.421875,734400
1983-11-17,1.46875,1.46875,1.4375,1.4375,792000
1983-11-18,1.4791669845581055,1.4791669845581055,1.4479169845581055,1.46875,1382400
1983-11-21,1.4583330154418945,1.4791669845581055,1.4583330154418945,1.4791669845581055,129600
1983-11-22,1.4791669845581055,1.4791669845581055,1.4583330154418945,1.4583330154418945,693600
1983-11-23,1.4583330154418945,1.5,1.4583330154418945,1.4791669845581055,1135200
1983-11-25,1.4583330154418945,1.46875,1.4583330154418945,1.4583330154418945,84000
1983-11-28,1.46875,1.46875,1.4583330154418945,1.4583330154418945,76800
1983-11-29,1.4791669845581055,1.4791669845581055,1.4583330154418945,1.46875,444000
1983-11-30,1.4479169845581055,1.4791669845581055,1.4479169845581055,1.4791669845581055,300000
1983-12-01,1.4583330154418945,1.4583330154418945,1.4479169845581055,1.4479169845581055,952800
1983-12-02,1.4322919845581055,1.4583330154418945,1.4322919845581055,1.4583330154418945,1068000
1983-12-05,1.421875,1.4322919845581055,1.4010419845581055,1.4322919845581055,628800
1983-12-06,1.390625,1.4114580154418945,1.390625,1.4114580154418945,278400
1983-12-07,1.390625,1.4114580154418945,1.390625,1.390625,148800
1983-12-08,1.390625,1.4010419845581055,1.3697919845581055,1.390625,638400
1983-12-09,1.3802080154418945,1.390625,1.3802080154418945,1.390625,122400
1983-12-12,1.390625,1.4010419845581055,1.3697919845581055,1.3802080154418945,525600
1983-12-13,1.3697919845581055,1.4010419845581055,1.3697919845581055,1.390625,520800
1983-12-14,1.3177080154418945,1.3697919845581055,1.3177080154418945,1.3697919845581055,616800
1983-12-15,1.3177080154418945,1.3177080154418945,1.3020830154418945,1.3177080154418945,938400
1983-12-16,1.2916669845581055,1.3125,1.28125,1.3125,748800
1983-12-19,1.2916669845581055,1.3020830154418945,1.28125,1.2916669845581055,657600
1983-12-20,1.328125,1.328125,1.2916669845581055,1.2916669845581055,499200
1983-12-21,1.3385419845581055,1.3385419845581055,1.3177080154418945,1.328125,364800
1983-12-22,1.3385419845581055,1.3489580154418945,1.3177080154418945,1.3385419845581055,861600
1983-12-23,1.3697919845581055,1.3697919845581055,1.3385419845581055,1.3385419845581055,386400
1983-12-27,1.390625,1.390625,1.3697919845581055,1.3697919845581055,612000
1983-12-28,1.4010419845581055,1.4010419845581055,1.3802080154418945,1.390625,844800
1983-12-29,1.4010419845581055,1.4114580154418945,1.4010419845581055,1.4010419845581055,1648800
1983-12-30,1.4010419845581055,1.4114580154418945,1.4010419845581055,1.4010419845581055,81600
1984-01-03,1.3697919845581055,1.4114580154418945,1.3697919845581055,1.4010419845581055,494400
1984-01-04,1.3697919845581055,1.3697919845581055,1.3489580154418945,1.3697919845581055,614400
1984-01-05,1.390625,1.4114580154418945,1.3697919845581055,1.3697919845581055,1627200
1984-01-06,1.3802080154418945,1.390625,1.3489580154418945,1.390625,885600
1984-01-09,1.3697919845581055,1.390625,1.3385419845581055,1.3802080154418945,1219200
1984-01-10,1.3697919845581055,1.3697919845581055,1.3489580154418945,1.3697919845581055,2858400
1984-01-11,1.3385419845581055,1.3489580154418945,1.328125,1.3489580154418945,3175200
1984-01-12,1.3385419845581055,1.3489580154418945,1.3385419845581055,1.3385419845581055,2097600
1984-01-13,1.3385419845581055,1.3385419845581055,1.3385419845581055,1.3385419845581055,904800
1984-01-16,1.3385419845581055,1.3489580154418945,1.3385419845581055,1.3385419845581055,2102400
1984-01-17,1.3385419845581055,1.3489580154418945,1.3385419845581055,1.3385419845581055,703200
1984-01-18,1.3177080154418945,1.3385419845581055,1.3177080154418945,1.3385419845581055,86400
1984-01-19,1.328125,1.3385419845581055,1.3020830154418945,1.3177080154418945,132000
1984-01-20,1.3177080154418945,1.3177080154418945,1.3125,1.3177080154418945,972000
1984-01-23,1.3177080154418945,1.3385419845581055,1.3125,1.3177080154418945,907200
1984-01-24,1.328125,1.328125,1.3177080154418945,1.3177080154418945,136800
1984-01-25,1.3385419845581055,1.3385419845581055,1.3177080154418945,1.328125,1264800
1984-01-26,1.328125,1.328125,1.3177080154418945,1.328125,357600
1984-01-27,1.3177080154418945,1.3385419845581055,1.3125,1.328125,4867200
1984-01-30,1.3020830154418945,1.3125,1.2916669845581055,1.3125,1300800
1984-01-31,1.3020830154418945,1.3020830154418945,1.2916669845581055,1.3020830154418945,1653600
1984-02-01,1.3177080154418945,1.3385419845581055,1.2916669845581055,1.3020830154418945,609600
1984-02-02,1.3125,1.3177080154418945,1.3125,1.3177080154418945,705600
1984-02-03,1.3125,1.3385419845581055,1.3125,1.3125,784800
1984-02-06,1.3125,1.3125,1.2916669845581055,1.3125,364800
1984-02-07,1.3385419845581055,1.3385419845581055,1.3020830154418945,1.3125,1377600
1984-02-08,1.3177080154418945,1.3489580154418945,1.3177080154418945,1.3385419845581055,2594400
1984-02-09,1.3177080154418945,1.3385419845581055,1.3020830154418945,1.3177080154418945,880800
1984-02-10,1.3177080154418945,1.3177080154418945,1.2916669845581055,1.3177080154418945,424800
1984-02-13,1.3125,1.3385419845581055,1.3125,1.3177080154418945,2978400
1984-02-14,1.3385419845581055,1.3385419845581055,1.3177080154418945,1.3177080154418945,523200
1984-02-15,1.3385419845581055,1.3385419845581055,1.3385419845581055,1.3385419845581055,444000
1984-02-16,1.3385419845581055,1.3385419845581055,1.3385419845581055,1.3385419845581055,410400
1984-02-17,1.3489580154418945,1.3489580154418945,1.3385419845581055,1.3385419845581055,184800
1984-02-21,1.3125,1.3385419845581055,1.3125,1.3385419845581055,1192800
1984-02-22,1.28125,1.3177080154418945,1.28125,1.3125,962400
1984-02-23,1.25,1.28125,1.2395830154418945,1.28125,1260000
1984-02-24,1.2604169845581055,1.2604169845581055,1.2395830154418945,1.25,554400
1984-02-27,1.2604169845581055,1.28125,1.25,1.2604169845581055,684000
1984-02-28,1.2291669845581055,1.25,1.2291669845581055,1.25,1094400
1984-02-29,1.25,1.2604169845581055,1.2291669845581055,1.2291669845581055,1108800
1984-03-01,1.2708330154418945,1.28125,1.25,1.25,650400
1984-03-02,1.2604169845581055,1.2708330154418945,1.25,1.2708330154418945,1653600
1984-03-05,1.25,1.2708330154418945,1.25,1.2604169845581055,928800
1984-03-06,1.2708330154418945,1.2708330154418945,1.25,1.25,266400
1984-03-07,1.2604169845581055,1.28125,1.2604169845581055,1.2708330154418945,348000
1984-03-08,1.2708330154418945,1.2708330154418945,1.2604169845581055,1.2604169845581055,280800
1984-03-09,1.2604169845581055,1.28125,1.2604169845581055,1.2708330154418945,204000
1984-03-12,1.25,1.2604169845581055,1.2395830154418945,1.2604169845581055,343200
1984-03-13,1.28125,1.2916669845581055,1.25,1.25,2395200
1984-03-14,1.28125,1.2916669845581055,1.2708330154418945,1.28125,2563200
1984-03-15,1.3020830154418945,1.3020830154418945,1.2916669845581055,1.2916669845581055,1111200
1984-03-16,1.3385419845581055,1.3385419845581055,1.3020830154418945,1.3020830154418945,5265600
1984-03-19,1.3020830154418945,1.328125,1.3020830154418945,1.328125,748800
1984-03-20,1.3385419845581055,1.3385419845581055,1.3020830154418945,1.3020830154418945,420000
1984-03-21,1.3385419845581055,1.3385419845581055,1.3020830154418945,1.3385419845581055,576000
1984-03-22,1.3385419845581055,1.3385419845581055,1.3385419845581055,1.3385419845581055,1696800
1984-03-23,1.3385419845581055,1.3385419845581055,1.3177080154418945,1.3385419845581055,134400
1984-03-26,1.3489580154418945,1.3489580154418945,1.3177080154418945,1.3385419845581055,302400
1984-03-27,1.3385419845581055,1.3385419845581055,1.3177080154418945,1.3385419845581055,451200
1984-03-28,1.328125,1.3385419845581055,1.3177080154418945,1.3385419845581055,513600
1984-03-29,1.2916669845581055,1.3177080154418945,1.2916669845581055,1.3177080154418945,153600
1984-03-30,1.3020830154418945,1.3125,1.3020830154418945,1.3020830154418945,74400
1984-04-02,1.2916669845581055,1.3177080154418945,1.28125,1.3020830154418945,374400
1984-04-03,1.2604169845581055,1.28125,1.2604169845581055,1.28125,520800
1984-04-04,1.2604169845581055,1.2708330154418945,1.2604169845581055,1.2604169845581055,1341600
1984-04-05,1.2291669845581055,1.2604169845581055,1.2291669845581055,1.2604169845581055,564000
1984-04-06,1.2083330154418945,1.21875,1.1979169845581055,1.21875,636000
1984-04-09,1.2291669845581055,1.2291669845581055,1.1979169845581055,1.2083330154418945,1036800
1984-04-10,1.2083330154418945,1.2291669845581055,1.2083330154418945,1.2291669845581055,153600
1984-04-11,1.2291669845581055,1.2291669845581055,1.2083330154418945,1.2083330154418945,590400
1984-04-12,1.2291669845581055,1.2291669845581055,1.2083330154418945,1.2291669845581055,223200
1984-04-13,1.2291669845581055,1.25,1.2291669845581055,1.2291669845581055,648000
1984-04-16,1.2291669845581055,1.2291669845581055,1.2083330154418945,1.2291669845581055,475200
1984-04-17,1.25,1.2708330154418945,1.25,1.25,338400
1984-04-18,1.2291669845581055,1.25,1.21875,1.25,122400
1984-04-19,1.21875,1.2291669845581055,1.1979169845581055,1.2291669845581055,156000
1984-04-23,1.21875,1.21875,1.1979169845581055,1.21875,1267200
1984-04-24,1.2083330154418945,1.21875,1.1979169845581055,1.21875,312000
1984-04-25,1.1979169845581055,1.2083330154418945,1.1979169845581055,1.2083330154418945,247200
1984-04-26,1.21875,1.21875,1.1875,1.1979169845581055,2088000
1984-04-27,1.2083330154418945,1.2291669845581055,1.1979169845581055,1.21875,931200
1984-04-30,1.171875,1.1875,1.1614580154418945,1.1875,520800
1984-05-01,1.171875,1.171875,1.1510419845581055,1.171875,1593600
1984-05-02,1.21875,1.25,1.171875,1.171875,962400
1984-05-03,1.2083330154418945,1.2291669845581055,1.2083330154418945,1.21875,854400
1984-05-04,1.2083330154418945,1.2083330154418945,1.1875,1.2083330154418945,736800
1984-05-07,1.21875,1.21875,1.1875,1.2083330154418945,288000
1984-05-08,1.2083330154418945,1.21875,1.2083330154418945,1.21875,98400
1984-05-09,1.25,1.25,1.1875,1.2083330154418945,1644000
1984-05-10,1.28125,1.28125,1.2395830154418945,1.25,2685600
1984-05-11,1.25,1.2708330154418945,1.25,1.2708330154418945,427200
1984-05-14,1.2291669845581055,1.25,1.2291669845581055,1.25,1240800
1984-05-15,1.2291669845581055,1.2291669845581055,1.2083330154418945,1.2291669845581055,998400
1984-05-16,1.1822919845581055,1.2291669845581055,1.1822919845581055,1.2291669845581055,688800
1984-05-17,1.1822919845581055,1.1875,1.171875,1.1822919845581055,1675200
1984-05-18,1.171875,1.1822919845581055,1.1614580154418945,1.1822919845581055,2071200
1984-05-21,1.1822919845581055,1.1822919845581055,1.171875,1.171875,91200
1984-05-22,1.1875,1.1979169845581055,1.171875,1.1822919845581055,360000
1984-05-23,1.1822919845581055,1.1875,1.171875,1.1875,465600
1984-05-24,1.1197919845581055,1.1822919845581055,1.1197919845581055,1.1822919845581055,748800
1984-05-25,1.1510419845581055,1.1614580154418945,1.1302080154418945,1.1302080154418945,955200
1984-05-29,1.1302080154418945,1.1510419845581055,1.1302080154418945,1.1510419845581055,372000
1984-05-30,1.171875,1.171875,1.140625,1.140625,340800
1984-05-31,1.140625,1.140625,1.1302080154418945,1.140625,2035200
1984-06-01,1.0989580154418945,1.140625,1.0989580154418945,1.140625,2251200
1984-06-04,1.109375,1.1197919845581055,1.0885419845581055,1.0989580154418945,1161600
1984-06-05,1.0885419845581055,1.109375,1.0885419845581055,1.109375,374400
1984-06-06,1.0677080154418945,1.0885419845581055,1.0677080154418945,1.0885419845581055,931200
1984-06-07,1.0677080154418945,1.0677080154418945,1.0520830154418945,1.0677080154418945,1068000
1984-06-08,1.0885419845581055,1.0885419845581055,1.0677080154418945,1.0677080154418945,139200
1984-06-11,1.0885419845581055,1.0989580154418945,1.0885419845581055,1.0885419845581055,499200
1984-06-12,1.0885419845581055,1.0989580154418945,1.0885419845581055,1.0885419845581055,2563200
1984-06-13,1.0885419845581055,1.0885419845581055,1.0677080154418945,1.0885419845581055,981600
1984-06-14,1.0677080154418945,1.078125,1.0677080154418945,1.078125,100800
1984-06-15,1.03125,1.0885419845581055,1.03125,1.0677080154418945,748800
1984-06-18,1.0520830154418945,1.0625,1.03125,1.03125,1166400
1984-06-19,1.0677080154418945,1.0677080154418945,1.0520830154418945,1.0520830154418945,211200
1984-06-20,1.0989580154418945,1.0989580154418945,1.0625,1.0677080154418945,494400
1984-06-21,1.109375,1.1197919845581055,1.0989580154418945,1.0989580154418945,314400
1984-06-22,1.1510419845581055,1.1510419845581055,1.0989580154418945,1.109375,295200
1984-06-25,1.1510419845581055,1.1614580154418945,1.140625,1.1510419845581055,144000
1984-06-26,1.140625,1.1510419845581055,1.140625,1.1510419845581055,3787200
1984-06-27,1.1197919845581055,1.1510419845581055,1.1197919845581055,1.140625,3513600
1984-06-28,1.0885419845581055,1.1197919845581055,1.0677080154418945,1.1197919845581055,292800
1984-06-29,1.0520830154418945,1.0885419845581055,1.0520830154418945,1.0885419845581055,792000
1984-07-02,1.0208330154418945,1.0520830154418945,1.0104169845581055,1.0520830154418945,2505600
1984-07-03,1.0520830154418945,1.0520830154418945,1.03125,1.03125,744000
1984-07-05,1.03125,1.0416669845581055,1.03125,1.0416669845581055,316800
1984-07-06,1.0208330154418945,1.0416669845581055,1.0208330154418945,1.03125,177600
1984-07-09,1.0,1.0208330154418945,1.0,1.0208330154418945,132000
1984-07-10,1.0104169845581055,1.0104169845581055,1.0,1.0,492000
1984-07-11,0.9895830154418945,1.0104169845581055,0.96875,1.0104169845581055,1593600
1984-07-12,0.9791669845581055,0.9895830154418945,0.9791669845581055,0.9895830154418945,784800
1984-07-13,1.0208330154418945,1.03125,0.9895830154418945,0.9895830154418945,1039200
1984-07-16,1.0416669845581055,1.0416669845581055,1.0208330154418945,1.0208330154418945,60000
1984-07-17,1.0416669845581055,1.0625,1.0416669845581055,1.0416669845581055,268800
1984-07-18,1.0520830154418945,1.0625,1.03125,1.0416669845581055,1044000
1984-07-19,1.0208330154418945,1.0625,1.0208330154418945,1.0520830154418945,2227200
1984-07-20,1.03125,1.03125,1.0208330154418945,1.0208330154418945,338400
1984-07-23,1.0208330154418945,1.03125,1.0208330154418945,1.03125,117600
1984-07-24,0.9791669845581055,1.0208330154418945,0.9791669845581055,1.0208330154418945,2805600
1984-07-25,0.9895830154418945,0.9895830154418945,0.96875,0.9791669845581055,1636800
1984-07-26,1.0104169845581055,1.0104169845581055,0.9791669845581055,0.9895830154418945,2275200
1984-07-27,1.0104169845581055,1.0104169845581055,0.9791669845581055,1.0104169845581055,352800
1984-07-30,1.0,1.0,0.9895830154418945,1.0,156000
1984-07-31,1.0,1.0208330154418945,0.9895830154418945,1.0,2688000
1984-08-01,0.9791669845581055,1.0104169845581055,0.9791669845581055,1.0,475200
1984-08-02,1.0416669845581055,1.0520830154418945,1.0,1.0,5776800
1984-08-03,1.0416669845581055,1.0677080154418945,1.0,1.0416669845581055,2856000
1984-08-06,1.0416669845581055,1.0416669845581055,1.0104169845581055,1.0416669845581055,1286400
1984-08-07,1.0885419845581055,1.0885419845581055,1.03125,1.0416669845581055,1281600
1984-08-08,1.0885419845581055,1.1197919845581055,1.0885419845581055,1.0885419845581055,794400
1984-08-09,1.1302080154418945,1.171875,1.0885419845581055,1.0885419845581055,825600
1984-08-10,1.1979169845581055,1.2291669845581055,1.1614580154418945,1.1614580154418945,2378400
1984-08-13,1.171875,1.1875,1.171875,1.1875,686400
1984-08-14,1.171875,1.1822919845581055,1.1510419845581055,1.171875,345600
1984-08-15,1.1614580154418945,1.171875,1.1510419845581055,1.171875,1262400
1984-08-16,1.1822919845581055,1.2083330154418945,1.171875,1.171875,1507200
1984-08-17,1.1875,1.1979169845581055,1.1822919845581055,1.1822919845581055,609600
1984-08-20,1.171875,1.2083330154418945,1.171875,1.1875,1396800
1984-08-21,1.1614580154418945,1.171875,1.1510419845581055,1.171875,967200
1984-08-22,1.171875,1.1822919845581055,1.171875,1.171875,1137600
1984-08-23,1.171875,1.171875,1.1614580154418945,1.171875,2112000
1984-08-24,1.1822919845581055,1.1822919845581055,1.1614580154418945,1.171875,2808000
1984-08-27,1.1614580154418945,1.171875,1.1614580154418945,1.171875,139200
1984-08-28,1.1614580154418945,1.171875,1.1510419845581055,1.1614580154418945,201600
1984-08-29,1.171875,1.1822919845581055,1.1614580154418945,1.1614580154418945,458400
1984-08-30,1.1197919845581055,1.171875,1.0885419845581055,1.171875,8500800
1984-08-31,1.0989580154418945,1.1197919845581055,1.0885419845581055,1.1197919845581055,4156800
1984-09-04,1.0989580154418945,1.1197919845581055,1.0989580154418945,1.0989580154418945,2575200
1984-09-05,1.0989580154418945,1.1197919845581055,1.0989580154418945,1.0989580154418945,1771200
1984-09-06,1.078125,1.0989580154418945,1.078125,1.0989580154418945,6993600
1984-09-07,1.03125,1.0677080154418945,1.0208330154418945,1.0677080154418945,4322400
1984-09-10,1.0416669845581055,1.0416669845581055,1.0208330154418945,1.03125,5815200
1984-09-11,1.0677080154418945,1.078125,1.0416669845581055,1.0416669845581055,3108000
1984-09-12,1.0885419845581055,1.0885419845581055,1.0677080154418945,1.0677080154418945,614400
1984-09-13,1.0989580154418945,1.0989580154418945,1.0885419845581055,1.0885419845581055,1754400
1984-09-14,1.1614580154418945,1.1614580154418945,1.0989580154418945,1.0989580154418945,4735200
1984-09-17,1.1822919845581055,1.1822919845581055,1.1614580154418945,1.1614580154418945,3108000
1984-09-18,1.1822919845581055,1.1875,1.171875,1.1822919845581055,2829600
1984-09-19,1.171875,1.1875,1.171875,1.1822919845581055,1809600
1984-09-20,1.171875,1.171875,1.1614580154418945,1.171875,849600
1984-09-21,1.1197919845581055,1.171875,1.1197919845581055,1.171875,1850400
1984-09-24,1.1197919845581055,1.1197919845581055,1.0989580154418945,1.1197919845581055,950400
1984-09-25,1.0885419845581055,1.1197919845581055,1.0885419845581055,1.1197919845581055,1598400
1984-09-26,1.1197919845581055,1.1197919845581055,1.0885419845581055,1.0885419845581055,758400
1984-09-27,1.140625,1.140625,1.0989580154418945,1.1197919845581055,2392800
1984-09-28,1.140625,1.140625,1.1197919845581055,1.140625,216000
1984-10-01,1.1510419845581055,1.171875,1.140625,1.140625,645600
1984-10-02,1.1510419845581055,1.1614580154418945,1.1510419845581055,1.1510419845581055,561600
1984-10-03,1.140625,1.1614580154418945,1.140625,1.1510419845581055,1617600
1984-10-04,1.1510419845581055,1.1614580154418945,1.140625,1.140625,1533600
1984-10-05,1.1510419845581055,1.1614580154418945,1.1510419845581055,1.1510419845581055,1044000
1984-10-08,1.1510419845581055,1.1510419845581055,1.1510419845581055,1.1510419845581055,669600
1984-10-09,1.1197919845581055,1.1510419845581055,1.1197919845581055,1.1510419845581055,340800
1984-10-10,1.0989580154418945,1.1197919845581055,1.0989580154418945,1.1197919845581055,1586400
1984-10-11,1.1197919845581055,1.1510419845581055,1.1197919845581055,1.1197919845581055,1989600
1984-10-12,1.0989580154418945,1.1197919845581055,1.0989580154418945,1.1197919845581055,4550400
1984-10-15,1.0677080154418945,1.0989580154418945,1.0677080154418945,1.0989580154418945,609600
1984-10-16,1.0885419845581055,1.0885419845581055,1.0677080154418945,1.0677080154418945,926400
1984-10-17,1.0677080154418945,1.0885419845581055,1.0625,1.0885419845581055,3000000
1984-10-18,1.0885419845581055,1.0885419845581055,1.0520830154418945,1.0677080154418945,873600
1984-10-19,1.0989580154418945,1.1197919845581055,1.0885419845581055,1.0885419845581055,1960800
1984-10-22,1.0989580154418945,1.1197919845581055,1.0885419845581055,1.0989580154418945,4742400
1984-10-23,1.0,1.109375,0.9895830154418945,1.0989580154418945,2733600
1984-10-24,0.9375,0.9791669845581055,0.9114580154418945,0.9791669845581055,5976000
1984-10-25,0.9479169845581055,0.9791669845581055,0.9375,0.9375,14160000
1984-10-26,0.9479169845581055,0.9583330154418945,0.9375,0.9479169845581055,7212000
1984-10-29,0.9895830154418945,1.0,0.9479169845581055,0.9479169845581055,4176000
1984-10-30,1.0104169845581055,1.0104169845581055,0.9895830154418945,0.9895830154418945,2616000
1984-10-31,1.0104169845581055,1.0208330154418945,1.0,1.0104169845581055,2193600
1984-11-01,1.015625,1.015625,1.0,1.0052080154418945,1279200
1984-11-02,1.0052080154418945,1.0208330154418945,0.9947919845581055,1.0208330154418945,48768000
1984-11-05,1.03125,1.03125,1.015625,1.0260419845581055,1444800
1984-11-06,1.0520830154418945,1.0572919845581055,1.0364580154418945,1.0416669845581055,1116000
1984-11-07,1.0364580154418945,1.0520830154418945,1.03125,1.0520830154418945,5056800
1984-11-08,1.0260419845581055,1.0364580154418945,1.015625,1.0364580154418945,1996800
1984-11-09,1.0208330154418945,1.0364580154418945,1.0208330154418945,1.0260419845581055,2229600
1984-11-12,1.03125,1.03125,1.015625,1.0208330154418945,1617600
1984-11-13,1.015625,1.0364580154418945,1.015625,1.03125,2757600
1984-11-14,1.0104169845581055,1.0208330154418945,1.0,1.015625,2474400
1984-11-15,1.0,1.0104169845581055,1.0,1.0104169845581055,1180800
1984-11-16,1.0,1.0052080154418945,1.0,1.0,1262400
1984-11-19,1.015625,1.0208330154418945,1.0,1.0,806400
1984-11-20,0.9947919845581055,1.0052080154418945,0.9947919845581055,1.0,4543200
1984-11-21,0.9947919845581055,1.0,0.9895830154418945,0.9947919845581055,424800
1984-11-23,1.0104169845581055,1.0104169845581055,0.9895830154418945,0.9947919845581055,2385600
1984-11-26,0.9895830154418945,1.0104169845581055,0.9895830154418945,1.0104169845581055,1056000
1984-11-27,0.984375,0.9895830154418945,0.984375,0.9895830154418945,288000
1984-11-28,0.9479169845581055,0.9895830154418945,0.9427080154418945,0.984375,669600
1984-11-29,0.9635419845581055,0.9739580154418945,0.9635419845581055,0.9635419845581055,254400
1984-11-30,0.9583330154418945,0.9583330154418945,0.9479169845581055,0.9583330154418945,1848000
1984-12-03,0.9583330154418945,0.9583330154418945,0.953125,0.9583330154418945,2520000
1984-12-04,0.9322919845581055,0.9583330154418945,0.9322919845581055,0.9583330154418945,835200
1984-12-05,0.9270830154418945,0.9427080154418945,0.9270830154418945,0.9375,604800
1984-12-06,0.921875,0.9270830154418945,0.8958330154418945,0.921875,1636800
1984-12-07,0.9270830154418945,0.9427080154418945,0.921875,0.9270830154418945,2020800
1984-12-10,0.921875,0.9375,0.921875,0.9270830154418945,926400
1984-12-11,0.9322919845581055,0.9322919845581055,0.921875,0.921875,1636800
1984-12-12,0.9479169845581055,0.9583330154418945,0.9322919845581055,0.9375,2647200
1984-12-13,0.9635419845581055,0.9635419845581055,0.9479169845581055,0.953125,1605600
1984-12-14,0.953125,0.9635419845581055,0.9479169845581055,0.9635419845581055,1106400
1984-12-17,0.953125,0.9635419845581055,0.9479169845581055,0.9583330154418945,2143200
1984-12-18,0.984375,0.9895830154418945,0.9479169845581055,0.9479169845581055,5570400
1984-12-19,1.0,1.0364580154418945,0.9895830154418945,1.0,6079200
1984-12-20,1.0208330154418945,1.0208330154418945,0.9895830154418945,1.0,830400
1984-12-21,0.9791669845581055,1.0052080154418945,0.96875,1.0052080154418945,1000800
1984-12-24,0.96875,0.9895830154418945,0.96875,0.9895830154418945,691200
1984-12-26,0.9583330154418945,0.9635419845581055,0.9427080154418945,0.9583330154418945,2517600
1984-12-27,0.9479169845581055,0.96875,0.9479169845581055,0.9583330154418945,964800
1984-12-28,0.953125,0.96875,0.953125,0.9583330154418945,1521600
1984-12-31,0.9583330154418945,0.9635419845581055,0.953125,0.9635419845581055,1111200
1985-01-02,0.9583330154418945,0.9635419845581055,0.953125,0.9583330154418945,1538400
1985-01-03,1.0,1.0,0.953125,0.953125,2380800
1985-01-04,0.9635419845581055,0.9895830154418945,0.9583330154418945,0.9895830154418945,1704000
1985-01-07,0.9791669845581055,1.0,0.96875,0.96875,748800
1985-01-08,0.9739580154418945,0.984375,0.9635419845581055,0.984375,585600
1985-01-09,1.0,1.0,0.9739580154418945,0.9739580154418945,660000
1985-01-10,0.9947919845581055,1.0,0.9895830154418945,0.9947919845581055,1708800
1985-01-11,1.0,1.0052080154418945,0.9895830154418945,1.0,1454400
1985-01-14,1.0,1.0104169845581055,0.984375,0.9895830154418945,506400
1985-01-15,1.0260419845581055,1.0416669845581055,1.0208330154418945,1.0208330154418945,1132800
1985-01-16,1.0364580154418945,1.0520830154418945,1.0208330154418945,1.0260419845581055,1171200
1985-01-17,1.0208330154418945,1.0364580154418945,1.0104169845581055,1.0364580154418945,1711200
1985-01-18,1.03125,1.03125,1.015625,1.0260419845581055,1526400
1985-01-21,1.0364580154418945,1.0364580154418945,1.03125,1.03125,1819200
1985-01-22,1.0208330154418945,1.0625,1.0208330154418945,1.0416669845581055,1257600
1985-01-23,1.0729169845581055,1.0729169845581055,1.0260419845581055,1.03125,3079200
1985-01-24,1.0364580154418945,1.078125,1.0208330154418945,1.078125,6789600
1985-01-25,1.046875,1.046875,1.0260419845581055,1.0260419845581055,8378400
1985-01-28,1.046875,1.046875,1.0364580154418945,1.0416669845581055,876000
1985-01-29,1.0677080154418945,1.078125,1.0572919845581055,1.0625,1080000
1985-01-30,1.0989580154418945,1.1041669845581055,1.0677080154418945,1.0677080154418945,2196000
1985-01-31,1.09375,1.0989580154418945,1.0833330154418945,1.0989580154418945,7183200
1985-02-01,1.1041669845581055,1.1614580154418945,1.0885419845581055,1.09375,2529600
1985-02-04,1.1197919845581055,1.1354169845581055,1.0885419845581055,1.0989580154418945,2296800
1985-02-05,1.1302080154418945,1.1458330154418945,1.125,1.140625,876000
1985-02-06,1.09375,1.1354169845581055,1.09375,1.1354169845581055,571200
1985-02-07,1.1197919845581055,1.1197919845581055,1.09375,1.1041669845581055,1089600
1985-02-08,1.109375,1.1197919845581055,1.0989580154418945,1.1145830154418945,3139200
1985-02-11,1.1041669845581055,1.1145830154418945,1.1041669845581055,1.1145830154418945,638400
1985-02-12,1.109375,1.1197919845581055,1.0989580154418945,1.1145830154418945,818400
1985-02-13,1.109375,1.125,1.0989580154418945,1.1197919845581055,8858400
1985-02-14,1.1145830154418945,1.1145830154418945,1.0989580154418945,1.1145830154418945,751200
1985-02-15,1.1041669845581055,1.1197919845581055,1.1041669845581055,1.1197919845581055,614400
1985-02-19,1.1145830154418945,1.1145830154418945,1.109375,1.109375,580800
1985-02-20,1.1041669845581055,1.109375,1.0833330154418945,1.109375,2616000
1985-02-21,1.109375,1.109375,1.0989580154418945,1.0989580154418945,7392000
1985-02-22,1.1041669845581055,1.1145830154418945,1.0989580154418945,1.1145830154418945,900000
1985-02-25,1.1041669845581055,1.109375,1.09375,1.0989580154418945,2779200
1985-02-26,1.0989580154418945,1.109375,1.0885419845581055,1.109375,801600
1985-02-27,1.0677080154418945,1.09375,1.0416669845581055,1.0885419845581055,758400
1985-02-28,1.0833330154418945,1.09375,1.0677080154418945,1.0885419845581055,1084800
1985-03-01,1.078125,1.09375,1.0625,1.09375,1267200
1985-03-04,1.0729169845581055,1.0833330154418945,1.0416669845581055,1.0833330154418945,739200
1985-03-05,1.0677080154418945,1.078125,1.0625,1.0729169845581055,1108800
1985-03-06,1.0572919845581055,1.078125,1.0520830154418945,1.078125,4828800
1985-03-07,1.0729169845581055,1.0729169845581055,1.0520830154418945,1.0677080154418945,888000
1985-03-08,1.0833330154418945,1.0833330154418945,1.0572919845581055,1.0677080154418945,1418400
1985-03-11,1.0677080154418945,1.078125,1.0625,1.0729169845581055,340800
1985-03-12,1.0625,1.0625,1.0416669845581055,1.0572919845581055,448800
1985-03-13,1.078125,1.078125,1.0625,1.0729169845581055,506400
1985-03-14,1.078125,1.0833330154418945,1.0677080154418945,1.0677080154418945,1164000
1985-03-15,1.0625,1.0885419845581055,1.0520830154418945,1.0729169845581055,1231200
1985-03-18,1.0625,1.0677080154418945,1.046875,1.0520830154418945,393600
1985-03-19,1.0729169845581055,1.0833330154418945,1.0625,1.0677080154418945,672000
1985-03-20,1.0729169845581055,1.0885419845581055,1.0677080154418945,1.0833330154418945,7792800
1985-03-21,1.0625,1.0833330154418945,1.046875,1.078125,482400
1985-03-22,1.03125,1.0729169845581055,1.03125,1.0729169845581055,1552800
1985-03-25,1.0416669845581055,1.0416669845581055,1.03125,1.0416669845581055,244800
1985-03-26,1.078125,1.0833330154418945,1.0416669845581055,1.0572919845581055,1392000
1985-03-27,1.109375,1.1145830154418945,1.078125,1.078125,7701600
1985-03-28,1.0885419845581055,1.109375,1.0833330154418945,1.109375,1747200
1985-03-29,1.0989580154418945,1.0989580154418945,1.0885419845581055,1.0989580154418945,1689600
1985-04-01,1.0989580154418945,1.0989580154418945,1.0885419845581055,1.0989580154418945,362400
1985-04-02,1.09375,1.0989580154418945,1.09375,1.09375,1442400
1985-04-03,1.109375,1.109375,1.09375,1.1041669845581055,8558400
1985-04-04,1.1041669845581055,1.1197919845581055,1.0989580154418945,1.1041669845581055,436800
1985-04-08,1.0833330154418945,1.1041669845581055,1.0677080154418945,1.09375,669600
1985-04-09,1.078125,1.09375,1.0729169845581055,1.078125,184800
1985-04-10,1.1041669845581055,1.1041669845581055,1.0833330154418945,1.0885419845581055,15273600
1985-04-11,1.125,1.125,1.1041669845581055,1.1145830154418945,7773600
1985-04-12,1.1354169845581055,1.15625,1.125,1.1354169845581055,451200
1985-04-15,1.1510419845581055,1.1614580154418945,1.1458330154418945,1.1510419845581055,559200
1985-04-16,1.125,1.1510419845581055,1.1145830154418945,1.1510419845581055,422400
1985-04-17,1.1302080154418945,1.140625,1.1197919845581055,1.1302080154418945,840000
1985-04-18,1.125,1.1458330154418945,1.1197919845581055,1.1354169845581055,4262400
1985-04-19,1.0989580154418945,1.1354169845581055,1.0989580154418945,1.1354169845581055,4010400
1985-04-22,1.1041669845581055,1.109375,1.09375,1.09375,324000
1985-04-23,1.109375,1.1145830154418945,1.1041669845581055,1.109375,223200
1985-04-24,1.109375,1.109375,1.1041669845581055,1.1041669845581055,290400
1985-04-25,1.1041669845581055,1.109375,1.1041669845581055,1.1041669845581055,1202400
1985-04-26,1.0989580154418945,1.1145830154418945,1.0989580154418945,1.1145830154418945,1430400
1985-04-29,1.078125,1.0989580154418945,1.0729169845581055,1.0989580154418945,333600
1985-04-30,1.0729169845581055,1.0833330154418945,1.0625,1.0833330154418945,710400
1985-05-01,1.0572919845581055,1.0729169845581055,1.046875,1.0729169845581055,338400
1985-05-02,1.0625,1.0625,1.046875,1.0572919845581055,1039200
1985-05-03,1.0625,1.0729169845581055,1.0416669845581055,1.0625,3748800
1985-05-06,1.0520830154418945,1.0572919845581055,1.046875,1.0520830154418945,688800
1985-05-07,1.0416669845581055,1.0625,1.0416669845581055,1.0520830154418945,4588800
1985-05-08,1.0520830154418945,1.0572919845581055,1.046875,1.0572919845581055,345600
1985-05-09,1.0520830154418945,1.0729169845581055,1.046875,1.0625,492000
1985-05-10,1.046875,1.0677080154418945,1.046875,1.0572919845581055,3403200
1985-05-13,1.0625,1.0625,1.0520830154418945,1.0572919845581055,2179200
1985-05-14,1.0625,1.0833330154418945,1.0520830154418945,1.078125,895200
1985-05-15,1.078125,1.078125,1.0572919845581055,1.0572919845581055,1324800
1985-05-16,1.0729169845581055,1.0885419845581055,1.0729169845581055,1.0885419845581055,381600
1985-05-17,1.0989580154418945,1.0989580154418945,1.078125,1.0833330154418945,631200
1985-05-20,1.1145830154418945,1.1145830154418945,1.0885419845581055,1.1041669845581055,2083200
1985-05-21,1.109375,1.1145830154418945,1.0833330154418945,1.1145830154418945,544800
1985-05-22,1.0885419845581055,1.0989580154418945,1.0729169845581055,1.0989580154418945,1348800
1985-05-23,1.0729169845581055,1.0989580154418945,1.0677080154418945,1.0833330154418945,4670400
1985-05-24,1.0729169845581055,1.078125,1.0677080154418945,1.0677080154418945,312000
1985-05-28,1.0729169845581055,1.0833330154418945,1.0677080154418945,1.078125,489600
1985-05-29,1.0729169845581055,1.078125,1.0677080154418945,1.0729169845581055,1406400
1985-05-30,1.078125,1.0833330154418945,1.0677080154418945,1.0677080154418945,1891200
1985-05-31,1.0729169845581055,1.0729169845581055,1.0625,1.0677080154418945,950400
1985-06-03,1.0729169845581055,1.0729169845581055,1.0625,1.0677080154418945,2755200
1985-06-04,1.078125,1.0833330154418945,1.0729169845581055,1.0729169845581055,1903200
1985-06-05,1.0833330154418945,1.0989580154418945,1.078125,1.078125,3520800
1985-06-06,1.078125,1.0885419845581055,1.078125,1.0833330154418945,1634400
1985-06-07,1.0677080154418945,1.078125,1.0625,1.0677080154418945,1387200
1985-06-10,1.0833330154418945,1.1614580154418945,1.0729169845581055,1.078125,1173600
1985-06-11,1.109375,1.1145830154418945,1.0989580154418945,1.0989580154418945,789600
1985-06-12,1.109375,1.125,1.109375,1.109375,4984800
1985-06-13,1.1041669845581055,1.109375,1.0989580154418945,1.1041669845581055,660000
1985-06-14,1.1197919845581055,1.1197919845581055,1.1041669845581055,1.1145830154418945,691200
1985-06-17,1.109375,1.1302080154418945,1.109375,1.1197919845581055,1039200
1985-06-18,1.109375,1.125,1.1041669845581055,1.1145830154418945,655200
1985-06-19,1.1197919845581055,1.125,1.1041669845581055,1.125,631200
1985-06-20,1.125,1.125,1.1041669845581055,1.125,772800
1985-06-21,1.1354169845581055,1.1354169845581055,1.109375,1.125,1176000
1985-06-24,1.125,1.1354169845581055,1.1197919845581055,1.1354169845581055,412800
1985-06-25,1.1302080154418945,1.1302080154418945,1.1197919845581055,1.1197919845581055,614400
1985-06-26,1.125,1.1354169845581055,1.125,1.125,2390400
1985-06-27,1.125,1.1354169845581055,1.1197919845581055,1.1197919845581055,691200
1985-06-28,1.1354169845581055,1.1354169845581055,1.1197919845581055,1.1302080154418945,456000
1985-07-01,1.125,1.140625,1.125,1.1354169845581055,1936800
1985-07-02,1.140625,1.1458330154418945,1.125,1.125,556800
1985-07-03,1.1614580154418945,1.1666669845581055,1.1510419845581055,1.1614580154418945,974400
1985-07-05,1.1614580154418945,1.1875,1.1510419845581055,1.1614580154418945,777600
1985-07-08,1.15625,1.1666669845581055,1.1458330154418945,1.1666669845581055,1029600
1985-07-09,1.1354169845581055,1.1510419845581055,1.125,1.1510419845581055,424800
1985-07-10,1.1458330154418945,1.1458330154418945,1.125,1.125,4495200
1985-07-11,1.1510419845581055,1.1510419845581055,1.1354169845581055,1.1510419845581055,4610400
1985-07-12,1.1666669845581055,1.1666669845581055,1.1510419845581055,1.1510419845581055,4862400
1985-07-15,1.1822919845581055,1.1875,1.15625,1.15625,1159200
1985-07-16,1.1770830154418945,1.1822919845581055,1.1666669845581055,1.171875,916800
1985-07-17,1.1458330154418945,1.1822919845581055,1.140625,1.1770830154418945,4394400
1985-07-18,1.1666669845581055,1.171875,1.140625,1.1510419845581055,5978400
1985-07-19,1.1822919845581055,1.1875,1.1666669845581055,1.1666669845581055,3722400
1985-07-22,1.171875,1.1770830154418945,1.1666669845581055,1.1770830154418945,2004000
1985-07-23,1.1770830154418945,1.1875,1.171875,1.1770830154418945,3468000
1985-07-24,1.1822919845581055,1.1822919845581055,1.171875,1.1770830154418945,4557600
1985-07-25,1.1822919845581055,1.1927080154418945,1.171875,1.1822919845581055,5265600
1985-07-26,1.15625,1.1822919845581055,1.15625,1.1822919845581055,2260800
1985-07-29,1.15625,1.1614580154418945,1.1510419845581055,1.15625,777600
1985-07-30,1.1666669845581055,1.1666669845581055,1.1510419845581055,1.1510419845581055,1646400
1985-07-31,1.1770830154418945,1.1822919845581055,1.171875,1.1770830154418945,5512800
1985-08-01,1.1875,1.1875,1.1666669845581055,1.1770830154418945,4236000
1985-08-02,1.1979169845581055,1.1979169845581055,1.1770830154418945,1.1770830154418945,2028000
1985-08-05,1.1822919845581055,1.1875,1.1666669845581055,1.1822919845581055,554400
1985-08-06,1.1614580154418945,1.1822919845581055,1.1458330154418945,1.1822919845581055,1368000
1985-08-07,1.1458330154418945,1.1614580154418945,1.140625,1.15625,1809600
1985-08-08,1.1510419845581055,1.1510419845581055,1.1458330154418945,1.1510419845581055,3840000
1985-08-09,1.1510419845581055,1.1510419845581055,1.140625,1.1510419845581055,504000
1985-08-12,1.1510419845581055,1.1510419845581055,1.1458330154418945,1.1510419845581055,552000
1985-08-13,1.1458330154418945,1.15625,1.1458330154418945,1.1510419845581055,367200
1985-08-14,1.1510419845581055,1.1666669845581055,1.1458330154418945,1.1458330154418945,868800
1985-08-15,1.1614580154418945,1.1614580154418945,1.140625,1.1614580154418945,357600
1985-08-16,1.1354169845581055,1.1614580154418945,1.1302080154418945,1.1510419845581055,499200
1985-08-19,1.09375,1.140625,1.09375,1.140625,2121600
1985-08-20,1.1041669845581055,1.1145830154418945,1.0989580154418945,1.0989580154418945,1024800
1985-08-21,1.09375,1.125,1.09375,1.1145830154418945,609600
1985-08-22,1.0885419845581055,1.1041669845581055,1.0677080154418945,1.1041669845581055,374400
1985-08-23,1.078125,1.078125,1.0625,1.078125,916800
1985-08-26,1.078125,1.078125,1.0677080154418945,1.078125,472800
1985-08-27,1.0729169845581055,1.0833330154418945,1.0677080154418945,1.0677080154418945,386400
1985-08-28,1.0677080154418945,1.0833330154418945,1.0677080154418945,1.0729169845581055,662400
1985-08-29,1.078125,1.078125,1.0677080154418945,1.0729169845581055,861600
1985-08-30,1.0416669845581055,1.0729169845581055,1.0416669845581055,1.0416669845581055,1255200
1985-09-03,1.0677080154418945,1.0677080154418945,1.0416669845581055,1.046875,2073600
1985-09-04,1.0625,1.078125,1.046875,1.078125,1358400
1985-09-05,1.0520830154418945,1.0729169845581055,1.0520830154418945,1.0729169845581055,3657600
1985-09-06,1.0625,1.0625,1.046875,1.0572919845581055,772800
1985-09-09,1.03125,1.0625,1.03125,1.0520830154418945,840000
1985-09-10,1.03125,1.0520830154418945,1.0208330154418945,1.0416669845581055,336000
1985-09-11,1.0,1.0364580154418945,1.0,1.03125,444000
1985-09-12,0.9947919845581055,1.0104169845581055,0.9895830154418945,1.0,242400
1985-09-13,0.9947919845581055,1.0,0.9791669845581055,1.0,3981600
1985-09-16,1.0104169845581055,1.0208330154418945,0.9895830154418945,1.0,4255200
1985-09-17,1.0208330154418945,1.0208330154418945,1.0,1.015625,1240800
1985-09-18,0.9947919845581055,1.0208330154418945,0.9895830154418945,1.0208330154418945,780000
1985-09-19,1.0,1.0104169845581055,0.9895830154418945,0.9895830154418945,1065600
1985-09-20,1.0,1.0104169845581055,0.9947919845581055,1.0104169845581055,4123200
1985-09-23,1.0104169845581055,1.015625,1.0,1.0104169845581055,4353600
1985-09-24,1.0052080154418945,1.0208330154418945,1.0,1.015625,708000
1985-09-25,0.9947919845581055,1.0,0.9947919845581055,1.0,336000
1985-09-26,1.0,1.0104169845581055,1.0,1.0052080154418945,561600
1985-09-30,1.0052080154418945,1.0052080154418945,1.0,1.0,4461600
1985-10-01,0.984375,1.0052080154418945,0.984375,1.0,4658400
1985-10-02,1.0104169845581055,1.0104169845581055,0.9791669845581055,0.9791669845581055,540000
1985-10-03,1.0104169845581055,1.0104169845581055,0.9947919845581055,1.0,681600
1985-10-04,1.0052080154418945,1.0104169845581055,0.9947919845581055,1.0,384000
1985-10-07,1.0104169845581055,1.0104169845581055,0.9947919845581055,0.9947919845581055,5104800
1985-10-08,1.0052080154418945,1.015625,1.0,1.0052080154418945,3873600
1985-10-09,0.9791669845581055,1.0104169845581055,0.9791669845581055,1.0104169845581055,1192800
1985-10-10,0.9791669845581055,0.9895830154418945,0.9635419845581055,0.9895830154418945,513600
1985-10-11,0.953125,0.984375,0.9322919845581055,0.984375,1291200
1985-10-14,0.9739580154418945,0.9791669845581055,0.953125,0.953125,734400
1985-10-15,0.9791669845581055,0.9895830154418945,0.9791669845581055,0.984375,1291200
1985-10-16,0.9947919845581055,1.0,0.9791669845581055,0.9895830154418945,724800
1985-10-17,1.0104169845581055,1.0104169845581055,0.984375,1.0,1624800
1985-10-18,1.0572919845581055,1.0572919845581055,1.0104169845581055,1.0208330154418945,768000
1985-10-21,1.0416669845581055,1.0520830154418945,1.0364580154418945,1.046875,7363200
1985-10-22,1.0364580154418945,1.046875,1.03125,1.046875,436800
1985-10-23,1.0208330154418945,1.03125,1.0104169845581055,1.0260419845581055,1382400
1985-10-24,0.9947919845581055,1.03125,0.9895830154418945,1.03125,1190400
1985-10-25,1.0104169845581055,1.0104169845581055,1.0,1.0052080154418945,470400
1985-10-28,1.0052080154418945,1.015625,1.0,1.015625,592800
1985-10-29,1.0,1.015625,0.9947919845581055,1.0052080154418945,1824000
1985-10-30,1.0364580154418945,1.0364580154418945,1.0,1.0104169845581055,420000
1985-10-31,1.0416669845581055,1.0625,1.0364580154418945,1.0416669845581055,362400
1985-11-01,1.0104169845581055,1.0572919845581055,1.0052080154418945,1.0104169845581055,1411200
1985-11-04,1.0260419845581055,1.03125,0.9947919845581055,1.0260419845581055,1140000
1985-11-05,1.0520830154418945,1.0572919845581055,1.0364580154418945,1.0364580154418945,544800
1985-11-06,1.0833330154418945,1.09375,1.0729169845581055,1.09375,2858400
1985-11-07,1.0885419845581055,1.09375,1.0833330154418945,1.0885419845581055,1488000
1985-11-08,1.09375,1.0989580154418945,1.0885419845581055,1.0885419845581055,429600
1985-11-11,1.109375,1.109375,1.0885419845581055,1.09375,1084800
1985-11-12,1.125,1.1354169845581055,1.1041669845581055,1.1041669845581055,1776000
1985-11-13,1.125,1.140625,1.1145830154418945,1.1302080154418945,4519200
1985-11-14,1.1197919845581055,1.1302080154418945,1.109375,1.125,1504800
1985-11-15,1.1197919845581055,1.1197919845581055,1.09375,1.1197919845581055,818400
1985-11-18,1.09375,1.1197919845581055,1.0833330154418945,1.1197919845581055,1552800
1985-11-19,1.109375,1.1145830154418945,1.1041669845581055,1.109375,1401600
1985-11-20,1.1302080154418945,1.1302080154418945,1.109375,1.1145830154418945,1089600
1985-11-21,1.1666669845581055,1.1666669845581055,1.1354169845581055,1.1354169845581055,712800
1985-11-22,1.1614580154418945,1.171875,1.1510419845581055,1.15625,499200
1985-11-25,1.15625,1.1770830154418945,1.15625,1.171875,470400
1985-11-26,1.171875,1.1822919845581055,1.15625,1.1614580154418945,304800
1985-11-27,1.1666669845581055,1.1822919845581055,1.15625,1.1822919845581055,1356000
1985-11-29,1.15625,1.171875,1.1510419845581055,1.1666669845581055,1159200
1985-12-02,1.140625,1.15625,1.140625,1.15625,1164000
1985-12-03,1.15625,1.1614580154418945,1.1458330154418945,1.1510419845581055,559200
1985-12-04,1.1666669845581055,1.1666669845581055,1.1510419845581055,1.15625,532800
1985-12-05,1.171875,1.1822919845581055,1.1666669845581055,1.1666669845581055,1320000
1985-12-06,1.171875,1.1770830154418945,1.1510419845581055,1.1614580154418945,2467200
1985-12-09,1.1875,1.1875,1.1666669845581055,1.171875,1135200
1985-12-10,1.1875,1.1979169845581055,1.1822919845581055,1.1875,602400
1985-12-11,1.1822919845581055,1.203125,1.171875,1.1979169845581055,806400
1985-12-12,1.1875,1.1927080154418945,1.1770830154418945,1.1927080154418945,501600
1985-12-13,1.25,1.25,1.1875,1.1875,1653600
1985-12-16,1.2708330154418945,1.3125,1.2395830154418945,1.2395830154418945,2253600
1985-12-17,1.2552080154418945,1.2864580154418945,1.25,1.2760419845581055,3902400
1985-12-18,1.2604169845581055,1.265625,1.2552080154418945,1.2552080154418945,1284000
1985-12-19,1.2604169845581055,1.265625,1.2552080154418945,1.2604169845581055,2313600
1985-12-20,1.2708330154418945,1.2708330154418945,1.2552080154418945,1.2552080154418945,3225600
1985-12-23,1.2708330154418945,1.28125,1.265625,1.265625,4536000
1985-12-24,1.2708330154418945,1.2708330154418945,1.2604169845581055,1.2708330154418945,4096800
1985-12-26,1.2708330154418945,1.2864580154418945,1.2708330154418945,1.2760419845581055,367200
1985-12-27,1.2916669845581055,1.296875,1.2708330154418945,1.2760419845581055,285600
1985-12-30,1.2916669845581055,1.3020830154418945,1.2760419845581055,1.2864580154418945,794400
1985-12-31,1.3020830154418945,1.3020830154418945,1.2760419845581055,1.2916669845581055,4497600
1986-01-02,1.3072919845581055,1.3072919845581055,1.28125,1.2864580154418945,6028800
1986-01-03,1.3229169845581055,1.3385419845581055,1.3072919845581055,1.3072919845581055,1128000
1986-01-06,1.3333330154418945,1.3385419845581055,1.3229169845581055,1.3333330154418945,1207200
1986-01-07,1.34375,1.3489580154418945,1.3333330154418945,1.34375,864000
1986-01-08,1.3333330154418945,1.3541669845581055,1.3333330154418945,1.3541669845581055,4603200
1986-01-09,1.3125,1.3229169845581055,1.2916669845581055,1.3229169845581055,5311200
1986-01-10,1.3072919845581055,1.3125,1.296875,1.3125,662400
1986-01-13,1.3020830154418945,1.3125,1.2760419845581055,1.3072919845581055,717600
1986-01-14,1.2447919845581055,1.296875,1.2395830154418945,1.2916669845581055,2090400
1986-01-15,1.25,1.2604169845581055,1.2395830154418945,1.2447919845581055,5272800
1986-01-16,1.2291669845581055,1.2604169845581055,1.2291669845581055,1.2552080154418945,4977600
1986-01-17,1.2135419845581055,1.234375,1.1979169845581055,1.2291669845581055,770400
1986-01-20,1.2239580154418945,1.2291669845581055,1.2135419845581055,1.2239580154418945,470400
1986-01-21,1.203125,1.234375,1.203125,1.2291669845581055,1084800
1986-01-22,1.1822919845581055,1.203125,1.1666669845581055,1.203125,2164800
1986-01-23,1.1875,1.1979169845581055,1.171875,1.171875,595200
1986-01-24,1.2291669845581055,1.2291669845581055,1.1875,1.1927080154418945,736800
1986-01-27,1.2395830154418945,1.2395830154418945,1.2291669845581055,1.2291669845581055,295200
1986-01-28,1.25,1.25,1.2291669845581055,1.2291669845581055,703200
1986-01-29,1.265625,1.2708330154418945,1.2447919845581055,1.25,996000
1986-01-30,1.2447919845581055,1.2864580154418945,1.234375,1.2604169845581055,2445600
1986-01-31,1.2760419845581055,1.2760419845581055,1.2395830154418945,1.25,600000
1986-02-03,1.265625,1.2708330154418945,1.2447919845581055,1.265625,916800
1986-02-04,1.2447919845581055,1.2708330154418945,1.2395830154418945,1.265625,1752000
1986-02-05,1.25,1.2604169845581055,1.2395830154418945,1.25,4732800
1986-02-06,1.2447919845581055,1.25,1.234375,1.25,4540800
1986-02-07,1.234375,1.2447919845581055,1.2291669845581055,1.2447919845581055,890400
1986-02-10,1.2395830154418945,1.2447919845581055,1.2239580154418945,1.2291669845581055,2251200
1986-02-11,1.2604169845581055,1.2604169845581055,1.234375,1.2395830154418945,2025600
1986-02-12,1.2552080154418945,1.265625,1.25,1.25,619200
1986-02-13,1.3020830154418945,1.3020830154418945,1.25,1.2552080154418945,2608800
1986-02-14,1.328125,1.328125,1.2916669845581055,1.2916669845581055,1293600
1986-02-18,1.34375,1.3489580154418945,1.3125,1.3229169845581055,1180800
1986-02-19,1.3645830154418945,1.3645830154418945,1.3385419845581055,1.3385419845581055,1101600
1986-02-20,1.3958330154418945,1.3958330154418945,1.34375,1.359375,1089600
1986-02-21,1.3802080154418945,1.4114580154418945,1.3645830154418945,1.3958330154418945,1977600
1986-02-24,1.375,1.3958330154418945,1.3645830154418945,1.375,1941600
1986-02-25,1.3802080154418945,1.3854169845581055,1.3645830154418945,1.3802080154418945,1432800
1986-02-26,1.34375,1.3854169845581055,1.3229169845581055,1.375,1425600
1986-02-27,1.3802080154418945,1.3958330154418945,1.328125,1.3333330154418945,4447200
1986-02-28,1.3541669845581055,1.375,1.3229169845581055,1.375,14236800
1986-03-03,1.390625,1.390625,1.3541669845581055,1.375,5220000
1986-03-04,1.421875,1.4583330154418945,1.3802080154418945,1.3958330154418945,4932000
1986-03-05,1.3802080154418945,1.4166669845581055,1.375,1.4114580154418945,3859200
1986-03-06,1.421875,1.4322919845581055,1.390625,1.390625,3014400
1986-03-07,1.421875,1.4427080154418945,1.421875,1.4322919845581055,2128800
1986-03-10,1.46875,1.46875,1.421875,1.421875,4046400
1986-03-11,1.53125,1.5729169845581055,1.5,1.5,4555200
1986-03-12,1.5625,1.5833330154418945,1.53125,1.5416669845581055,3304800
1986-03-13,1.5677080154418945,1.5729169845581055,1.5520830154418945,1.5729169845581055,2757600
1986-03-14,1.546875,1.5677080154418945,1.5104169845581055,1.5677080154418945,3412800
1986-03-17,1.5,1.5364580154418945,1.5,1.5364580154418945,1639200
1986-03-18,1.5364580154418945,1.5416669845581055,1.5,1.5,1276800
1986-03-19,1.5260419845581055,1.5364580154418945,1.515625,1.5364580154418945,1939200
1986-03-20,1.53125,1.53125,1.5104169845581055,1.515625,3088800
1986-03-21,1.5208330154418945,1.5364580154418945,1.5,1.53125,2085600
1986-03-24,1.5104169845581055,1.53125,1.5104169845581055,1.5208330154418945,5152800
1986-03-25,1.4895830154418945,1.5208330154418945,1.4895830154418945,1.5104169845581055,4826400
1986-03-26,1.5052080154418945,1.53125,1.4635419845581055,1.5,1639200
1986-03-27,1.515625,1.53125,1.5,1.5104169845581055,2241600
1986-03-31,1.5364580154418945,1.5364580154418945,1.4895830154418945,1.5,1404000
1986-04-01,1.5208330154418945,1.5416669845581055,1.5104169845581055,1.5416669845581055,5445600
1986-04-02,1.515625,1.5260419845581055,1.5104169845581055,1.515625,5301600
1986-04-03,1.5208330154418945,1.5364580154418945,1.515625,1.515625,979200
1986-04-04,1.5208330154418945,1.53125,1.5208330154418945,1.5208330154418945,1005600
1986-04-07,1.5208330154418945,1.5260419845581055,1.515625,1.5208330154418945,1125600
1986-04-08,1.53125,1.53125,1.4895830154418945,1.5104169845581055,4368000
1986-04-09,1.4895830154418945,1.5364580154418945,1.375,1.5260419845581055,4250400
1986-04-10,1.5052080154418945,1.5208330154418945,1.4895830154418945,1.4947919845581055,307200
1986-04-11,1.5364580154418945,1.546875,1.5,1.5052080154418945,2073600
1986-04-14,1.53125,1.5364580154418945,1.5260419845581055,1.53125,463200
1986-04-15,1.5208330154418945,1.5520830154418945,1.5208330154418945,1.5520830154418945,5107200
1986-04-16,1.5208330154418945,1.5416669845581055,1.5104169845581055,1.53125,4497600
1986-04-17,1.5520830154418945,1.5520830154418945,1.53125,1.5416669845581055,1255200
1986-04-18,1.546875,1.5625,1.5364580154418945,1.5416669845581055,1624800
1986-04-21,1.5625,1.5625,1.5364580154418945,1.5416669845581055,1557600
1986-04-22,1.578125,1.6041669845581055,1.5572919845581055,1.5572919845581055,5647200
1986-04-23,1.59375,1.6041669845581055,1.5729169845581055,1.5833330154418945,5150400
1986-04-24,1.5885419845581055,1.609375,1.5729169845581055,1.5833330154418945,964800
1986-04-25,1.5833330154418945,1.6041669845581055,1.5677080154418945,1.5833330154418945,2707200
1986-04-28,1.578125,1.59375,1.578125,1.59375,758400
1986-04-29,1.5625,1.5885419845581055,1.5520830154418945,1.5833330154418945,4742400
1986-04-30,1.5677080154418945,1.5833330154418945,1.5572919845581055,1.5729169845581055,4912800
1986-05-01,1.546875,1.5677080154418945,1.5416669845581055,1.5572919845581055,398400
1986-05-02,1.5052080154418945,1.546875,1.5,1.5416669845581055,691200
1986-05-05,1.4791669845581055,1.5104169845581055,1.4791669845581055,1.4791669845581055,374400
1986-05-06,1.4583330154418945,1.484375,1.4375,1.484375,864000
1986-05-07,1.4583330154418945,1.4583330154418945,1.4322919845581055,1.4479169845581055,537600
1986-05-08,1.4375,1.4635419845581055,1.4322919845581055,1.4635419845581055,4176000
1986-05-09,1.4427080154418945,1.453125,1.421875,1.453125,1214400
1986-05-12,1.4479169845581055,1.4583330154418945,1.4375,1.4583330154418945,854400
1986-05-13,1.453125,1.453125,1.4375,1.4427080154418945,1365600
1986-05-14,1.46875,1.4739580154418945,1.4479169845581055,1.453125,1032000
1986-05-15,1.4583330154418945,1.4739580154418945,1.4479169845581055,1.4739580154418945,1632000
1986-05-16,1.4583330154418945,1.4583330154418945,1.4427080154418945,1.4583330154418945,592800
1986-05-19,1.4895830154418945,1.4895830154418945,1.4583330154418945,1.46875,1096800
1986-05-20,1.5416669845581055,1.5416669845581055,1.4791669845581055,1.4895830154418945,1176000
1986-05-21,1.5104169845581055,1.5364580154418945,1.5104169845581055,1.53125,501600
1986-05-22,1.5416669845581055,1.5416669845581055,1.5104169845581055,1.5104169845581055,472800
1986-05-23,1.5729169845581055,1.59375,1.5520830154418945,1.5625,919200
1986-05-27,1.59375,1.6145830154418945,1.5677080154418945,1.5729169845581055,986400
1986-05-28,1.625,1.625,1.59375,1.6145830154418945,1017600
1986-05-29,1.625,1.625,1.5833330154418945,1.625,861600
1986-05-30,1.5729169845581055,1.59375,1.5677080154418945,1.59375,1142400
1986-06-02,1.5625,1.59375,1.5625,1.5833330154418945,2152800
1986-06-03,1.5729169845581055,1.578125,1.5625,1.5677080154418945,777600
1986-06-04,1.53125,1.578125,1.5208330154418945,1.578125,794400
1986-06-05,1.5520830154418945,1.5520830154418945,1.53125,1.5416669845581055,1360800
1986-06-06,1.5729169845581055,1.5729169845581055,1.53125,1.5416669845581055,595200
1986-06-09,1.5520830154418945,1.578125,1.5520830154418945,1.5729169845581055,892800
1986-06-10,1.5208330154418945,1.5416669845581055,1.5104169845581055,1.5416669845581055,1070400
1986-06-11,1.5260419845581055,1.53125,1.5052080154418945,1.5208330154418945,484800
1986-06-12,1.5208330154418945,1.53125,1.5052080154418945,1.515625,588000
1986-06-13,1.5260419845581055,1.53125,1.5,1.5052080154418945,1394400
1986-06-16,1.5625,1.5625,1.5208330154418945,1.5364580154418945,1298400
1986-06-17,1.5104169845581055,1.5729169845581055,1.5,1.5625,823200
1986-06-18,1.5416669845581055,1.546875,1.5052080154418945,1.5104169845581055,386400
1986-06-19,1.5104169845581055,1.5520830154418945,1.5104169845581055,1.5416669845581055,772800
1986-06-20,1.5208330154418945,1.5208330154418945,1.4895830154418945,1.515625,909600
1986-06-23,1.53125,1.5364580154418945,1.5104169845581055,1.5208330154418945,4687200
1986-06-24,1.53125,1.53125,1.5104169845581055,1.5208330154418945,4764000
1986-06-25,1.53125,1.546875,1.53125,1.53125,1404000
1986-06-26,1.5364580154418945,1.5416669845581055,1.5208330154418945,1.53125,379200
1986-06-27,1.5625,1.5625,1.5364580154418945,1.546875,902400
1986-06-30,1.5677080154418945,1.5833330154418945,1.5416669845581055,1.5625,4684800
1986-07-01,1.6666669845581055,1.6875,1.6510419845581055,1.6875,8580000
1986-07-02,1.6614580154418945,1.6666669845581055,1.6510419845581055,1.65625,1094400
1986-07-03,1.6458330154418945,1.65625,1.640625,1.6458330154418945,1017600
1986-07-07,1.6145830154418945,1.6510419845581055,1.6041669845581055,1.6510419845581055,700800
1986-07-08,1.5885419845581055,1.6041669845581055,1.5572919845581055,1.6041669845581055,4464000
1986-07-09,1.5885419845581055,1.6041669845581055,1.5833330154418945,1.59375,4459200
1986-07-10,1.6041669845581055,1.6041669845581055,1.5833330154418945,1.5989580154418945,1737600
1986-07-11,1.6302080154418945,1.6354169845581055,1.6041669845581055,1.6041669845581055,938400
1986-07-14,1.6041669845581055,1.6197919845581055,1.6041669845581055,1.6197919845581055,854400
1986-07-15,1.5520830154418945,1.6145830154418945,1.546875,1.609375,5145600
1986-07-16,1.546875,1.5625,1.5416669845581055,1.5520830154418945,4363200
1986-07-17,1.5885419845581055,1.625,1.5729169845581055,1.5729169845581055,859200
1986-07-18,1.5833330154418945,1.59375,1.5729169845581055,1.5885419845581055,1545600
1986-07-21,1.609375,1.609375,1.578125,1.578125,969600
1986-07-22,1.6197919845581055,1.6354169845581055,1.609375,1.6145830154418945,4653600
1986-07-23,1.5729169845581055,1.6302080154418945,1.5729169845581055,1.625,4507200
1986-07-24,1.5885419845581055,1.609375,1.5833330154418945,1.5833330154418945,2316000
1986-07-25,1.6197919845581055,1.625,1.5885419845581055,1.5989580154418945,1190400
1986-07-28,1.6041669845581055,1.6354169845581055,1.59375,1.6197919845581055,2236800
1986-07-29,1.609375,1.609375,1.59375,1.5989580154418945,1454400
1986-07-30,1.59375,1.6041669845581055,1.5833330154418945,1.6041669845581055,1123200
1986-07-31,1.5989580154418945,1.6041669845581055,1.5885419845581055,1.6041669845581055,460800
1986-08-01,1.59375,1.6145830154418945,1.59375,1.5989580154418945,907200
1986-08-04,1.5833330154418945,1.59375,1.5729169845581055,1.5833330154418945,24720000
1986-08-05,1.5833330154418945,1.59375,1.5729169845581055,1.59375,1111200
1986-08-06,1.5885419845581055,1.609375,1.5885419845581055,1.59375,1024800
1986-08-07,1.59375,1.6145830154418945,1.5885419845581055,1.5989580154418945,892800
1986-08-08,1.5833330154418945,1.5989580154418945,1.5729169845581055,1.5885419845581055,2212800
1986-08-11,1.578125,1.59375,1.5729169845581055,1.5833330154418945,559200
1986-08-12,1.5677080154418945,1.5885419845581055,1.5625,1.578125,1228800
1986-08-13,1.6145830154418945,1.6145830154418945,1.5416669845581055,1.5416669845581055,996000
1986-08-14,1.6458330154418945,1.6458330154418945,1.6145830154418945,1.6197919845581055,696000
1986-08-15,1.6458330154418945,1.6458330154418945,1.6354169845581055,1.6458330154418945,568800
1986-08-18,1.625,1.6458330154418945,1.625,1.6458330154418945,302400
1986-08-19,1.5989580154418945,1.625,1.5729169845581055,1.625,928800
1986-08-20,1.6041669845581055,1.6197919845581055,1.5885419845581055,1.5885419845581055,705600
1986-08-21,1.609375,1.625,1.6041669845581055,1.6145830154418945,580800
1986-08-22,1.6666669845581055,1.6666669845581055,1.6145830154418945,1.6145830154418945,1569600
1986-08-25,1.6614580154418945,1.671875,1.6197919845581055,1.6666669845581055,712800
1986-08-26,1.671875,1.6770830154418945,1.6666669845581055,1.6666669845581055,1212000
1986-08-27,1.671875,1.6770830154418945,1.6666669845581055,1.6770830154418945,1701600
1986-08-28,1.6666669845581055,1.671875,1.65625,1.6614580154418945,955200
1986-08-29,1.6458330154418945,1.6666669845581055,1.6458330154418945,1.65625,734400
1986-09-02,1.6354169845581055,1.6666669845581055,1.6354169845581055,1.6666669845581055,1075200
1986-09-03,1.65625,1.65625,1.625,1.6458330154418945,1176000
1986-09-04,1.7135419845581055,1.71875,1.6458330154418945,1.6510419845581055,1867200
1986-09-05,1.6875,1.7239580154418945,1.6875,1.7135419845581055,4528800
1986-09-08,1.6614580154418945,1.6875,1.6354169845581055,1.6770830154418945,883200
1986-09-09,1.65625,1.6770830154418945,1.6510419845581055,1.6510419845581055,1816800
1986-09-10,1.6354169845581055,1.65625,1.625,1.65625,1888800
1986-09-11,1.4895830154418945,1.625,1.4895830154418945,1.625,2241600
1986-09-12,1.4375,1.5,1.421875,1.5,2704800
1986-09-15,1.4583330154418945,1.4635419845581055,1.4375,1.453125,1303200
1986-09-16,1.4583330154418945,1.4739580154418945,1.4375,1.453125,1624800
1986-09-17,1.4739580154418945,1.484375,1.4583330154418945,1.4635419845581055,2364000
1986-09-18,1.4739580154418945,1.4947919845581055,1.46875,1.4895830154418945,2613600
1986-09-19,1.5416669845581055,1.5520830154418945,1.484375,1.4895830154418945,1305600
1986-09-22,1.5520830154418945,1.5520830154418945,1.515625,1.53125,741600
1986-09-23,1.5416669845581055,1.5520830154418945,1.5260419845581055,1.5416669845581055,1056000
1986-09-24,1.5416669845581055,1.546875,1.5364580154418945,1.5416669845581055,549600
1986-09-25,1.5260419845581055,1.5416669845581055,1.5052080154418945,1.5416669845581055,770400
1986-09-26,1.5260419845581055,1.5520830154418945,1.5260419845581055,1.5260419845581055,818400
1986-09-29,1.5208330154418945,1.53125,1.515625,1.5260419845581055,4108800
1986-09-30,1.5208330154418945,1.5260419845581055,1.4947919845581055,1.5104169845581055,4773600
1986-10-01,1.5104169845581055,1.53125,1.5104169845581055,1.515625,480000
1986-10-02,1.4739580154418945,1.5,1.46875,1.5,410400
1986-10-03,1.484375,1.4895830154418945,1.4635419845581055,1.4791669845581055,549600
1986-10-06,1.4635419845581055,1.4739580154418945,1.4583330154418945,1.4739580154418945,4080000
1986-10-07,1.4479169845581055,1.4635419845581055,1.40625,1.4635419845581055,5815200
1986-10-08,1.4322919845581055,1.453125,1.4166669845581055,1.4479169845581055,854400
1986-10-09,1.4583330154418945,1.4635419845581055,1.421875,1.421875,1956000
1986-10-10,1.4479169845581055,1.4583330154418945,1.4427080154418945,1.4583330154418945,573600
1986-10-13,1.453125,1.4583330154418945,1.4375,1.4427080154418945,1120800
1986-10-14,1.4322919845581055,1.453125,1.4322919845581055,1.453125,2234400
1986-10-15,1.4479169845581055,1.4479169845581055,1.421875,1.4322919845581055,4713600
1986-10-16,1.4791669845581055,1.4895830154418945,1.46875,1.4739580154418945,4252800
1986-10-17,1.46875,1.4895830154418945,1.4427080154418945,1.4791669845581055,1428000
1986-10-20,1.4270830154418945,1.4791669845581055,1.4270830154418945,1.4791669845581055,890400
1986-10-21,1.4479169845581055,1.4479169845581055,1.4166669845581055,1.4375,1728000
1986-10-22,1.4375,1.4479169845581055,1.4375,1.4479169845581055,4101600
1986-10-23,1.4583330154418945,1.46875,1.4479169845581055,1.4479169845581055,4413600
1986-10-24,1.484375,1.484375,1.4583330154418945,1.4583330154418945,964800
1986-10-27,1.46875,1.484375,1.4583330154418945,1.4739580154418945,453600
1986-10-28,1.5052080154418945,1.5208330154418945,1.4635419845581055,1.4635419845581055,792000
1986-10-29,1.53125,1.546875,1.5104169845581055,1.5104169845581055,1459200
1986-10-30,1.5260419845581055,1.5416669845581055,1.5208330154418945,1.5416669845581055,1442400
1986-10-31,1.5260419845581055,1.53125,1.5208330154418945,1.5208330154418945,1488000
1986-11-03,1.5208330154418945,1.53125,1.5,1.5208330154418945,556800
1986-11-04,1.5572919845581055,1.5572919845581055,1.5,1.515625,3064800
1986-11-05,1.5625,1.5729169845581055,1.546875,1.546875,1000800
1986-11-06,1.5625,1.5625,1.5520830154418945,1.5520830154418945,3091200
1986-11-07,1.5833330154418945,1.5833330154418945,1.5625,1.5677080154418945,895200
1986-11-10,1.5833330154418945,1.5833330154418945,1.5520830154418945,1.5729169845581055,439200
1986-11-11,1.5833330154418945,1.5885419845581055,1.5729169845581055,1.5833330154418945,273600
1986-11-12,1.625,1.625,1.5729169845581055,1.5833330154418945,2431200
1986-11-13,1.5729169845581055,1.640625,1.5729169845581055,1.625,1912800
1986-11-14,1.578125,1.578125,1.5677080154418945,1.578125,283200
1986-11-17,1.5833330154418945,1.609375,1.5625,1.5729169845581055,388800
1986-11-18,1.5,1.59375,1.4635419845581055,1.59375,1214400
1986-11-19,1.5,1.515625,1.4947919845581055,1.515625,849600
1986-11-20,1.546875,1.546875,1.5052080154418945,1.5208330154418945,1708800
1986-11-21,1.6145830154418945,1.6145830154418945,1.5416669845581055,1.5416669845581055,1204800
1986-11-24,1.6041669845581055,1.6197919845581055,1.5833330154418945,1.6041669845581055,957600
1986-11-25,1.6354169845581055,1.6458330154418945,1.5833330154418945,1.59375,1137600
1986-11-26,1.6041669845581055,1.6458330154418945,1.6041669845581055,1.625,439200
1986-11-28,1.6197919845581055,1.6197919845581055,1.5833330154418945,1.5885419845581055,468000
1986-12-01,1.625,1.625,1.5833330154418945,1.609375,849600
1986-12-02,1.6458330154418945,1.6822919845581055,1.6197919845581055,1.625,2352000
1986-12-03,1.6666669845581055,1.671875,1.6458330154418945,1.6458330154418945,1022400
1986-12-04,1.65625,1.671875,1.6354169845581055,1.65625,1524000
1986-12-05,1.6458330154418945,1.671875,1.6354169845581055,1.6614580154418945,1713600
1986-12-08,1.6510419845581055,1.6614580154418945,1.625,1.640625,703200
1986-12-09,1.6197919845581055,1.6458330154418945,1.609375,1.640625,1281600
1986-12-10,1.625,1.625,1.5833330154418945,1.609375,1490400
1986-12-11,1.59375,1.6145830154418945,1.5833330154418945,1.6145830154418945,1092000
1986-12-12,1.5989580154418945,1.6041669845581055,1.5833330154418945,1.5833330154418945,1711200
1986-12-15,1.640625,1.640625,1.578125,1.5989580154418945,3038400
1986-12-16,1.6666669845581055,1.6666669845581055,1.6197919845581055,1.6302080154418945,1689600
1986-12-17,1.6041669845581055,1.65625,1.6041669845581055,1.65625,1173600
1986-12-18,1.6041669845581055,1.625,1.5729169845581055,1.6041669845581055,1490400
1986-12-19,1.6145830154418945,1.625,1.5833330154418945,1.59375,2704800
1986-12-22,1.6510419845581055,1.6510419845581055,1.6145830154418945,1.6145830154418945,1884000
1986-12-23,1.578125,1.6510419845581055,1.5625,1.6510419845581055,3679200
1986-12-24,1.6041669845581055,1.6145830154418945,1.5833330154418945,1.5833330154418945,1771200
1986-12-26,1.59375,1.6041669845581055,1.5833330154418945,1.6041669845581055,98400
1986-12-29,1.5625,1.5989580154418945,1.5625,1.5989580154418945,2923200
1986-12-30,1.5416669845581055,1.5572919845581055,1.5364580154418945,1.5572919845581055,388800
1986-12-31,1.515625,1.546875,1.5,1.546875,588000
1987-01-02,1.53125,1.546875,1.5260419845581055,1.5260419845581055,331200
1987-01-05,1.5989580154418945,1.6041669845581055,1.5729169845581055,1.59375,1756800
1987-01-06,1.5520830154418945,1.609375,1.5416669845581055,1.5989580154418945,955200
1987-01-07,1.5989580154418945,1.609375,1.5625,1.5625,2193600
1987-01-08,1.6458330154418945,1.65625,1.609375,1.6145830154418945,974400
1987-01-09,1.6614580154418945,1.6666669845581055,1.6458330154418945,1.65625,1492800
1987-01-12,1.6979169845581055,1.6979169845581055,1.6510419845581055,1.6614580154418945,1603200
1987-01-13,1.6822919845581055,1.6979169845581055,1.65625,1.6875,588000
1987-01-14,1.7291669845581055,1.7291669845581055,1.671875,1.671875,2157600
1987-01-15,1.78125,1.78125,1.7083330154418945,1.7291669845581055,1994400
1987-01-16,1.734375,1.7708330154418945,1.734375,1.7708330154418945,1795200
1987-01-19,1.71875,1.7239580154418945,1.6770830154418945,1.7239580154418945,681600
1987-01-20,1.71875,1.7239580154418945,1.6875,1.7135419845581055,1968000
1987-01-21,1.6875,1.75,1.6875,1.7291669845581055,868800
1987-01-22,1.6979169845581055,1.7239580154418945,1.6458330154418945,1.6979169845581055,1233600
1987-01-23,1.6354169845581055,1.7395830154418945,1.59375,1.6979169845581055,2205600
1987-01-26,1.6666669845581055,1.6666669845581055,1.625,1.6458330154418945,1344000
1987-01-27,1.7239580154418945,1.7291669845581055,1.6666669845581055,1.6666669845581055,12084000
1987-01-28,1.734375,1.75,1.7291669845581055,1.7447919845581055,1881600
1987-01-29,1.734375,1.7447919845581055,1.71875,1.7447919845581055,595200
1987-01-30,1.7395830154418945,1.7395830154418945,1.7083330154418945,1.734375,444000
1987-02-02,1.6875,1.7291669845581055,1.6770830154418945,1.6875,888000
1987-02-03,1.6927080154418945,1.7083330154418945,1.6822919845581055,1.6875,619200
1987-02-04,1.71875,1.7291669845581055,1.6875,1.6979169845581055,4156800
1987-02-05,1.7083330154418945,1.7395830154418945,1.65625,1.7291669845581055,1850400
1987-02-06,1.7083330154418945,1.7083330154418945,1.6875,1.7083330154418945,549600
1987-02-09,1.671875,1.7083330154418945,1.6666669845581055,1.7083330154418945,331200
1987-02-10,1.6666669845581055,1.6770830154418945,1.65625,1.6666669845581055,3283200
1987-02-11,1.6979169845581055,1.6979169845581055,1.6510419845581055,1.6666669845581055,756000
1987-02-12,1.6614580154418945,1.6875,1.6458330154418945,1.6875,1106400
1987-02-13,1.6770830154418945,1.6770830154418945,1.65625,1.6666669845581055,2347200
1987-02-17,1.703125,1.703125,1.6666669845581055,1.6875,1939200
1987-02-18,1.6927080154418945,1.7135419845581055,1.6875,1.7083330154418945,1507200
1987-02-19,1.734375,1.75,1.7083330154418945,1.7083330154418945,1358400
1987-02-20,1.7604169845581055,1.7604169845581055,1.7395830154418945,1.7395830154418945,3840000
1987-02-23,1.7604169845581055,1.765625,1.7447919845581055,1.7604169845581055,1742400
1987-02-24,1.7604169845581055,1.7708330154418945,1.75,1.7604169845581055,1245600
1987-02-25,1.75,1.7604169845581055,1.7447919845581055,1.7604169845581055,904800
1987-02-26,1.71875,1.7395830154418945,1.6770830154418945,1.7395830154418945,796800
1987-02-27,1.6875,1.7239580154418945,1.6822919845581055,1.7239580154418945,393600
1987-03-02,1.7395830154418945,1.7447919845581055,1.71875,1.7291669845581055,1276800
1987-03-03,1.734375,1.75,1.7291669845581055,1.75,1269600
1987-03-04,1.7395830154418945,1.7447919845581055,1.7083330154418945,1.7447919845581055,1411200
1987-03-05,1.734375,1.7604169845581055,1.7291669845581055,1.734375,592800
1987-03-06,1.7395830154418945,1.75,1.71875,1.734375,487200
1987-03-09,1.71875,1.75,1.6979169845581055,1.7395830154418945,566400
1987-03-10,1.7291669845581055,1.7291669845581055,1.7083330154418945,1.7083330154418945,698400
1987-03-11,1.6822919845581055,1.71875,1.671875,1.71875,902400
1987-03-12,1.6927080154418945,1.6979169845581055,1.671875,1.6927080154418945,561600
1987-03-13,1.6614580154418945,1.6875,1.6510419845581055,1.6875,940800
1987-03-16,1.671875,1.671875,1.6458330154418945,1.6666669845581055,432000
1987-03-17,1.6666669845581055,1.6666669845581055,1.6510419845581055,1.6614580154418945,960000
1987-03-18,1.65625,1.6822919845581055,1.6302080154418945,1.6614580154418945,986400
1987-03-19,1.6510419845581055,1.6666669845581055,1.6458330154418945,1.6458330154418945,508800
1987-03-20,1.7083330154418945,1.71875,1.6666669845581055,1.6666669845581055,2006400
1987-03-23,1.6979169845581055,1.7239580154418945,1.6979169845581055,1.7135419845581055,645600
1987-03-24,1.6979169845581055,1.7135419845581055,1.6927080154418945,1.6927080154418945,1341600
1987-03-25,1.6927080154418945,1.703125,1.6875,1.6979169845581055,2289600
1987-03-26,1.6927080154418945,1.7083330154418945,1.6927080154418945,1.6979169845581055,2647200
1987-03-27,1.6614580154418945,1.703125,1.6510419845581055,1.703125,1039200
1987-03-30,1.5989580154418945,1.6458330154418945,1.5989580154418945,1.6354169845581055,2383200
1987-03-31,1.6458330154418945,1.65625,1.59375,1.609375,1488000
1987-04-01,1.6458330154418945,1.6458330154418945,1.6197919845581055,1.6354169845581055,1716000
1987-04-02,1.6614580154418945,1.6666669845581055,1.640625,1.640625,2208000
1987-04-03,1.6875,1.6875,1.6354169845581055,1.6510419845581055,2138400
1987-04-06,1.6979169845581055,1.6979169845581055,1.6770830154418945,1.6770830154418945,909600
1987-04-07,1.6822919845581055,1.7083330154418945,1.671875,1.6927080154418945,998400
1987-04-08,1.65625,1.6770830154418945,1.6354169845581055,1.6770830154418945,996000
1987-04-09,1.5416669845581055,1.6458330154418945,1.5416669845581055,1.6458330154418945,2388000
1987-04-10,1.5729169845581055,1.5729169845581055,1.546875,1.5520830154418945,1711200
1987-04-13,1.5416669845581055,1.609375,1.53125,1.59375,1060800
1987-04-14,1.4375,1.5520830154418945,1.3958330154418945,1.5520830154418945,2119200
1987-04-15,1.4791669845581055,1.4895830154418945,1.4479169845581055,1.4635419845581055,1454400
1987-04-16,1.5520830154418945,1.5520830154418945,1.4947919845581055,1.5,2174400
1987-04-20,1.5833330154418945,1.5833330154418945,1.5625,1.5833330154418945,900000
1987-04-21,1.5833330154418945,1.5833330154418945,1.5416669845581055,1.5729169845581055,1365600
1987-04-22,1.5208330154418945,1.59375,1.5104169845581055,1.578125,895200
1987-04-23,1.5104169845581055,1.5208330154418945,1.4583330154418945,1.5052080154418945,1324800
1987-04-24,1.5,1.5208330154418945,1.5,1.5208330154418945,1483200
1987-04-27,1.515625,1.5260419845581055,1.5,1.5104169845581055,1072800
1987-04-28,1.5260419845581055,1.5364580154418945,1.515625,1.5260419845581055,1012800
1987-04-29,1.5520830154418945,1.5520830154418945,1.53125,1.5364580154418945,684000
1987-04-30,1.5625,1.5729169845581055,1.5416669845581055,1.5520830154418945,3381600
1987-05-01,1.5520830154418945,1.59375,1.5520830154418945,1.5625,1588800
1987-05-04,1.546875,1.5729169845581055,1.546875,1.546875,3501600
1987-05-05,1.5677080154418945,1.5677080154418945,1.5416669845581055,1.546875,4752000
1987-05-06,1.5729169845581055,1.5885419845581055,1.5729169845581055,1.5729169845581055,1569600
1987-05-07,1.5677080154418945,1.5833330154418945,1.5625,1.5677080154418945,496800
1987-05-08,1.5729169845581055,1.59375,1.5625,1.5729169845581055,580800
1987-05-11,1.5989580154418945,1.640625,1.5833330154418945,1.5833330154418945,3072000
1987-05-12,1.59375,1.59375,1.5729169845581055,1.59375,986400
1987-05-13,1.609375,1.625,1.59375,1.59375,794400
1987-05-14,1.609375,1.625,1.59375,1.6145830154418945,1286400
1987-05-15,1.609375,1.609375,1.59375,1.5989580154418945,756000
1987-05-18,1.625,1.6510419845581055,1.6041669845581055,1.609375,1718400
1987-05-19,1.5989580154418945,1.625,1.59375,1.625,1308000
1987-05-20,1.5885419845581055,1.5989580154418945,1.5885419845581055,1.5989580154418945,1521600
1987-05-21,1.5989580154418945,1.609375,1.59375,1.5989580154418945,520800
1987-05-22,1.6197919845581055,1.6302080154418945,1.5989580154418945,1.5989580154418945,530400
1987-05-26,1.6302080154418945,1.6458330154418945,1.6145830154418945,1.625,1180800
1987-05-27,1.6666669845581055,1.6979169845581055,1.6354169845581055,1.6666669845581055,3072000
1987-05-28,1.65625,1.6822919845581055,1.65625,1.6822919845581055,1360800
1987-05-29,1.6614580154418945,1.6770830154418945,1.65625,1.6666669845581055,984000
1987-06-01,1.6770830154418945,1.6875,1.6614580154418945,1.671875,1353600
1987-06-02,1.6927080154418945,1.703125,1.6666669845581055,1.6875,1012800
1987-06-03,1.7552080154418945,1.7552080154418945,1.703125,1.7083330154418945,1651200
1987-06-04,1.75,1.7708330154418945,1.7447919845581055,1.765625,1255200
1987-06-05,1.7395830154418945,1.7604169845581055,1.7395830154418945,1.75,1411200
1987-06-08,1.75,1.75,1.7135419845581055,1.7395830154418945,501600
1987-06-09,1.765625,1.7916669845581055,1.7395830154418945,1.75,1300800
1987-06-10,1.7760419845581055,1.8229169845581055,1.7552080154418945,1.765625,614400
1987-06-11,1.8072919845581055,1.8229169845581055,1.7760419845581055,1.7760419845581055,549600
1987-06-12,1.8229169845581055,1.828125,1.7916669845581055,1.8125,960000
1987-06-15,1.8177080154418945,1.859375,1.8020830154418945,1.828125,1464000
1987-06-16,1.84375,1.8489580154418945,1.8020830154418945,1.8125,763200
1987-06-17,1.8541669845581055,1.8645830154418945,1.8385419845581055,1.8489580154418945,393600
1987-06-18,1.8541669845581055,1.859375,1.84375,1.8541669845581055,1876800
1987-06-19,1.8645830154418945,1.875,1.8541669845581055,1.875,1617600
1987-06-22,1.8541669845581055,1.8697919845581055,1.84375,1.859375,770400
1987-06-23,1.828125,1.8645830154418945,1.8072919845581055,1.8645830154418945,1048800
1987-06-24,1.78125,1.828125,1.78125,1.828125,700800
1987-06-25,1.8072919845581055,1.8333330154418945,1.7916669845581055,1.7916669845581055,1159200
1987-06-26,1.796875,1.8072919845581055,1.796875,1.8020830154418945,578400
1987-06-29,1.8125,1.8177080154418945,1.8020830154418945,1.8072919845581055,1401600
1987-06-30,1.7708330154418945,1.8229169845581055,1.765625,1.8072919845581055,1156800
1987-07-01,1.7552080154418945,1.7760419845581055,1.7395830154418945,1.7760419845581055,588000
1987-07-02,1.7604169845581055,1.7760419845581055,1.75,1.7604169845581055,355200
1987-07-06,1.7083330154418945,1.765625,1.6979169845581055,1.765625,955200
1987-07-07,1.7604169845581055,1.7604169845581055,1.71875,1.71875,1017600
1987-07-08,1.765625,1.7760419845581055,1.7604169845581055,1.765625,1164000
1987-07-09,1.765625,1.7760419845581055,1.765625,1.765625,854400
1987-07-10,1.7604169845581055,1.78125,1.7604169845581055,1.765625,643200
1987-07-13,1.7239580154418945,1.75,1.7135419845581055,1.75,657600
1987-07-14,1.75,1.75,1.7135419845581055,1.7239580154418945,1430400
1987-07-15,1.7708330154418945,1.7708330154418945,1.7447919845581055,1.75,897600
1987-07-16,1.78125,1.8020830154418945,1.78125,1.8020830154418945,1089600
1987-07-17,1.7864580154418945,1.7916669845581055,1.7604169845581055,1.7916669845581055,566400
1987-07-20,1.78125,1.78125,1.765625,1.7760419845581055,924000
1987-07-21,1.7552080154418945,1.8125,1.7552080154418945,1.78125,638400
1987-07-22,1.7760419845581055,1.7760419845581055,1.7604169845581055,1.7708330154418945,595200
1987-07-23,1.8020830154418945,1.8020830154418945,1.7864580154418945,1.7864580154418945,364800
1987-07-24,1.78125,1.8072919845581055,1.7708330154418945,1.8020830154418945,4576800
1987-07-27,1.8020830154418945,1.8020830154418945,1.7708330154418945,1.7708330154418945,1180800
1987-07-28,1.7760419845581055,1.8020830154418945,1.7604169845581055,1.8020830154418945,705600
1987-07-29,1.7604169845581055,1.7864580154418945,1.75,1.7864580154418945,1334400
1987-07-30,1.796875,1.796875,1.7604169845581055,1.7708330154418945,1677600
1987-07-31,1.7552080154418945,1.8020830154418945,1.7552080154418945,1.7864580154418945,820800
1987-08-03,1.6770830154418945,1.734375,1.6770830154418945,1.6770830154418945,1759200
1987-08-04,1.703125,1.7135419845581055,1.6875,1.6875,1648800
1987-08-05,1.734375,1.75,1.703125,1.7135419845581055,700800
1987-08-06,1.796875,1.8125,1.7239580154418945,1.7291669845581055,1660800
1987-08-07,1.78125,1.8333330154418945,1.78125,1.8333330154418945,1876800
1987-08-10,1.859375,1.859375,1.8020830154418945,1.8020830154418945,1994400
1987-08-11,1.875,1.8958330154418945,1.84375,1.84375,6794400
1987-08-12,1.9166669845581055,1.9375,1.8645830154418945,1.8854169845581055,2236800
1987-08-13,1.9583330154418945,1.9791669845581055,1.921875,1.9270830154418945,1024800
1987-08-14,1.953125,1.9583330154418945,1.9427080154418945,1.9583330154418945,993600
1987-08-17,2.0,2.0,1.9583330154418945,1.9583330154418945,1512000
1987-08-18,1.96875,1.9947919845581055,1.9479169845581055,1.9895830154418945,2376000
1987-08-19,1.984375,1.9895830154418945,1.9583330154418945,1.96875,1214400
1987-08-20,1.984375,1.9947919845581055,1.9583330154418945,1.984375,1288800
1987-08-21,1.9895830154418945,1.9947919845581055,1.9635419845581055,1.984375,1497600
1987-08-24,1.9583330154418945,1.9895830154418945,1.9375,1.9895830154418945,540000
1987-08-25,1.9791669845581055,1.9895830154418945,1.9635419845581055,1.96875,1298400
1987-08-26,1.9583330154418945,1.9791669845581055,1.9375,1.9791669845581055,304800
1987-08-27,1.9270830154418945,1.953125,1.8958330154418945,1.953125,1490400
1987-08-28,1.8645830154418945,1.9166669845581055,1.8541669845581055,1.9166669845581055,1106400
1987-08-31,1.8958330154418945,1.8958330154418945,1.84375,1.875,1348800
1987-09-01,1.8645830154418945,1.9479169845581055,1.8645830154418945,1.9166669845581055,1288800
1987-09-02,1.859375,1.859375,1.8125,1.8541669845581055,1356000
1987-09-03,1.890625,1.8958330154418945,1.875,1.8854169845581055,2220000
1987-09-04,1.9114580154418945,1.9166669845581055,1.8958330154418945,1.9010419845581055,1468800
1987-09-08,1.9166669845581055,1.9270830154418945,1.90625,1.9114580154418945,1682400
1987-09-09,1.921875,1.9322919845581055,1.9114580154418945,1.9166669845581055,852000
1987-09-10,1.9166669845581055,1.9270830154418945,1.9166669845581055,1.921875,4708800
1987-09-11,1.921875,1.9375,1.9166669845581055,1.9166669845581055,468000
1987-09-14,1.9270830154418945,1.9270830154418945,1.90625,1.921875,765600
1987-09-15,1.9270830154418945,1.9270830154418945,1.90625,1.9270830154418945,1886400
1987-09-16,1.921875,1.9270830154418945,1.9166669845581055,1.9166669845581055,1228800
1987-09-17,1.9270830154418945,1.9270830154418945,1.921875,1.9270830154418945,1303200
1987-09-18,1.8958330154418945,1.9270830154418945,1.8958330154418945,1.9166669845581055,782400
1987-09-21,1.8854169845581055,1.90625,1.8854169845581055,1.8854169845581055,3132000
1987-09-22,1.9270830154418945,1.9375,1.8645830154418945,1.8958330154418945,2013600
1987-09-23,1.9166669845581055,1.9270830154418945,1.9010419845581055,1.9270830154418945,3410400
1987-09-24,1.9010419845581055,1.9166669845581055,1.9010419845581055,1.90625,1975200
1987-09-25,1.8854169845581055,1.8958330154418945,1.875,1.8958330154418945,2066400
1987-09-28,1.9375,1.9583330154418945,1.8958330154418945,1.8958330154418945,1958400
1987-09-29,1.9427080154418945,1.953125,1.9375,1.953125,1406400
1987-09-30,1.9427080154418945,1.9427080154418945,1.9010419845581055,1.9375,5248800
1987-10-01,1.9635419845581055,1.9635419845581055,1.9375,1.9427080154418945,475200
1987-10-02,1.9479169845581055,1.9791669845581055,1.9375,1.96875,513600
1987-10-05,1.9375,1.9583330154418945,1.9375,1.9583330154418945,660000
1987-10-06,1.8854169845581055,1.953125,1.875,1.9375,789600
1987-10-07,1.9166669845581055,1.9270830154418945,1.9010419845581055,1.9166669845581055,818400
1987-10-08,1.8697919845581055,1.9166669845581055,1.8645830154418945,1.90625,852000
1987-10-09,1.8645830154418945,1.8854169845581055,1.859375,1.8645830154418945,468000
1987-10-12,1.875,1.8854169845581055,1.8541669845581055,1.8645830154418945,432000
1987-10-13,1.9375,1.9479169845581055,1.8802080154418945,1.8854169845581055,410400
1987-10-14,1.8854169845581055,1.9270830154418945,1.8854169845581055,1.9270830154418945,1298400
1987-10-15,1.8489580154418945,1.859375,1.8125,1.8541669845581055,1684800
1987-10-16,1.84375,1.84375,1.765625,1.84375,2440800
1987-10-19,1.6145830154418945,1.8333330154418945,1.5729169845581055,1.8333330154418945,6374400
1987-10-20,1.4270830154418945,1.65625,1.375,1.609375,2090400
1987-10-21,1.6458330154418945,1.6458330154418945,1.4375,1.4375,1308000
1987-10-22,1.6458330154418945,1.6770830154418945,1.5572919845581055,1.6354169845581055,1893600
1987-10-23,1.5520830154418945,1.6197919845581055,1.5416669845581055,1.6197919845581055,2395200
1987-10-26,1.3229169845581055,1.53125,1.3229169845581055,1.53125,688800
1987-10-27,1.40625,1.4479169845581055,1.375,1.40625,1828800
1987-10-28,1.3958330154418945,1.4166669845581055,1.3645830154418945,1.40625,1334400
1987-10-29,1.4583330154418945,1.4583330154418945,1.3958330154418945,1.3958330154418945,271200
1987-10-30,1.5,1.5520830154418945,1.5,1.5,602400
1987-11-02,1.5,1.5208330154418945,1.46875,1.4791669845581055,3542400
1987-11-03,1.4739580154418945,1.4791669845581055,1.4479169845581055,1.46875,3600000
1987-11-04,1.5,1.5,1.4635419845581055,1.4635419845581055,962400
1987-11-05,1.5208330154418945,1.5208330154418945,1.4791669845581055,1.4791669845581055,2090400
1987-11-06,1.5104169845581055,1.5520830154418945,1.5,1.5208330154418945,1764000
1987-11-09,1.4791669845581055,1.5104169845581055,1.46875,1.5104169845581055,847200
1987-11-10,1.4427080154418945,1.46875,1.4166669845581055,1.4635419845581055,1536000
1987-11-11,1.453125,1.4635419845581055,1.4479169845581055,1.453125,427200
1987-11-12,1.5,1.5,1.4427080154418945,1.4427080154418945,3530400
1987-11-13,1.46875,1.5,1.46875,1.5,832800
1987-11-16,1.4739580154418945,1.484375,1.46875,1.46875,429600
1987-11-17,1.46875,1.4739580154418945,1.4583330154418945,1.46875,1015200
1987-11-18,1.4791669845581055,1.4791669845581055,1.4635419845581055,1.4739580154418945,2042400
1987-11-19,1.4947919845581055,1.5104169845581055,1.4791669845581055,1.4895830154418945,170400
1987-11-20,1.4895830154418945,1.4947919845581055,1.4791669845581055,1.4947919845581055,595200
1987-11-23,1.5416669845581055,1.5416669845581055,1.4895830154418945,1.5,516000
1987-11-24,1.5729169845581055,1.5729169845581055,1.5416669845581055,1.5416669845581055,844800
1987-11-25,1.5833330154418945,1.5833330154418945,1.5625,1.5625,355200
1987-11-27,1.5520830154418945,1.59375,1.5520830154418945,1.59375,957600
1987-11-30,1.4895830154418945,1.5416669845581055,1.46875,1.5416669845581055,2047200
1987-12-01,1.53125,1.5416669845581055,1.5,1.5,780000
1987-12-02,1.5416669845581055,1.5416669845581055,1.5208330154418945,1.5208330154418945,1569600
1987-12-03,1.46875,1.53125,1.4583330154418945,1.53125,1269600
1987-12-04,1.4375,1.46875,1.40625,1.4583330154418945,1125600
1987-12-07,1.4947919845581055,1.4947919845581055,1.4479169845581055,1.4479169845581055,1132800
1987-12-08,1.5520830154418945,1.5520830154418945,1.484375,1.484375,619200
1987-12-09,1.5520830154418945,1.5625,1.5416669845581055,1.5416669845581055,1125600
1987-12-10,1.5520830154418945,1.5520830154418945,1.53125,1.5416669845581055,537600
1987-12-11,1.5416669845581055,1.5625,1.53125,1.5625,506400
1987-12-14,1.5416669845581055,1.5416669845581055,1.5104169845581055,1.5104169845581055,948000
1987-12-15,1.5416669845581055,1.5833330154418945,1.5208330154418945,1.53125,585600
1987-12-16,1.5833330154418945,1.5833330154418945,1.53125,1.53125,374400
1987-12-17,1.5625,1.6145830154418945,1.5625,1.5833330154418945,1886400
1987-12-18,1.609375,1.625,1.5833330154418945,1.625,2383200
1987-12-21,1.6145830154418945,1.625,1.6041669845581055,1.609375,1161600
1987-12-22,1.6458330154418945,1.6458330154418945,1.6041669845581055,1.6197919845581055,350400
1987-12-23,1.6354169845581055,1.65625,1.6145830154418945,1.65625,1917600
1987-12-24,1.6197919845581055,1.640625,1.5833330154418945,1.640625,1303200
1987-12-28,1.5885419845581055,1.6041669845581055,1.5729169845581055,1.5885419845581055,235200
1987-12-29,1.578125,1.59375,1.578125,1.5833330154418945,141600
1987-12-30,1.5729169845581055,1.5989580154418945,1.5572919845581055,1.5572919845581055,1819200
1987-12-31,1.5416669845581055,1.59375,1.5416669845581055,1.5833330154418945,700800
1988-01-04,1.625,1.6458330154418945,1.5625,1.5625,710400
1988-01-05,1.6354169845581055,1.6666669845581055,1.6354169845581055,1.6354169845581055,1046400
1988-01-06,1.6770830154418945,1.6927080154418945,1.6145830154418945,1.6302080154418945,1908000
1988-01-07,1.6770830154418945,1.6770830154418945,1.6354169845581055,1.6458330154418945,1312800
1988-01-08,1.5520830154418945,1.671875,1.5520830154418945,1.6666669845581055,667200
1988-01-11,1.578125,1.5833330154418945,1.53125,1.546875,1358400
1988-01-12,1.5885419845581055,1.5885419845581055,1.5364580154418945,1.5677080154418945,940800
1988-01-13,1.5729169845581055,1.5989580154418945,1.5520830154418945,1.5885419845581055,424800
1988-01-14,1.6145830154418945,1.6145830154418945,1.5625,1.5625,2061600
1988-01-15,1.6458330154418945,1.6770830154418945,1.625,1.625,684000
1988-01-18,1.6197919845581055,1.640625,1.6041669845581055,1.6354169845581055,1077600
1988-01-19,1.65625,1.6875,1.6145830154418945,1.6197919845581055,3314400
1988-01-20,1.6666669845581055,1.6666669845581055,1.6510419845581055,1.6614580154418945,1502400
1988-01-21,1.640625,1.65625,1.6354169845581055,1.65625,974400
1988-01-22,1.6875,1.6979169845581055,1.6458330154418945,1.6458330154418945,8104800
1988-01-25,1.7604169845581055,1.78125,1.6927080154418945,1.6927080154418945,722400
1988-01-26,1.7447919845581055,1.7604169845581055,1.7395830154418945,1.75,424800
1988-01-27,1.7291669845581055,1.7916669845581055,1.71875,1.7708330154418945,1238400
1988-01-28,1.7395830154418945,1.7447919845581055,1.71875,1.7291669845581055,4752000
1988-01-29,1.7395830154418945,1.7395830154418945,1.7239580154418945,1.7291669845581055,2692800
1988-02-01,1.7291669845581055,1.734375,1.7083330154418945,1.71875,5260800
1988-02-02,1.734375,1.734375,1.7135419845581055,1.7291669845581055,8181600
1988-02-03,1.7291669845581055,1.7604169845581055,1.7135419845581055,1.734375,5076000
1988-02-04,1.7760419845581055,1.7864580154418945,1.7291669845581055,1.7291669845581055,1807200
1988-02-05,1.8229169845581055,1.8229169845581055,1.7760419845581055,1.7760419845581055,1732800
1988-02-08,1.8333330154418945,1.8333330154418945,1.796875,1.8125,2464800
1988-02-09,1.8333330154418945,1.8333330154418945,1.8229169845581055,1.828125,856800
1988-02-10,1.875,1.8854169845581055,1.8333330154418945,1.8333330154418945,2016000
1988-02-11,1.8385419845581055,1.875,1.8333330154418945,1.8697919845581055,2596800
1988-02-12,1.8333330154418945,1.8645830154418945,1.8229169845581055,1.84375,1800000
1988-02-16,1.8125,1.8385419845581055,1.8072919845581055,1.8385419845581055,211200
1988-02-17,1.7604169845581055,1.8125,1.7604169845581055,1.8072919845581055,655200
1988-02-18,1.7447919845581055,1.78125,1.7447919845581055,1.7708330154418945,1024800
1988-02-19,1.7708330154418945,1.7708330154418945,1.7395830154418945,1.75,1490400
1988-02-22,1.78125,1.7916669845581055,1.75,1.765625,2642400
1988-02-23,1.8020830154418945,1.8177080154418945,1.7708330154418945,1.78125,3465600
1988-02-24,1.8020830154418945,1.8072919845581055,1.796875,1.8020830154418945,3456000
1988-02-25,1.8229169845581055,1.8541669845581055,1.8020830154418945,1.8020830154418945,967200
1988-02-26,1.8541669845581055,1.859375,1.8229169845581055,1.8229169845581055,590400
1988-02-29,1.8541669845581055,1.859375,1.8489580154418945,1.859375,434400
1988-03-01,1.828125,1.875,1.8125,1.8645830154418945,2356800
1988-03-02,1.7916669845581055,1.8385419845581055,1.78125,1.8385419845581055,1653600
1988-03-03,1.796875,1.8020830154418945,1.7604169845581055,1.7916669845581055,4077600
1988-03-04,1.8229169845581055,1.8229169845581055,1.8020830154418945,1.8125,2637600
1988-03-07,1.8125,1.8229169845581055,1.8125,1.8177080154418945,1574400
1988-03-08,1.8333330154418945,1.8333330154418945,1.8177080154418945,1.8229169845581055,2740800
1988-03-09,1.8177080154418945,1.8333330154418945,1.8020830154418945,1.8333330154418945,2020800
1988-03-10,1.765625,1.8072919845581055,1.7604169845581055,1.8072919845581055,748800
1988-03-11,1.7447919845581055,1.765625,1.71875,1.765625,902400
1988-03-14,1.765625,1.78125,1.7552080154418945,1.7552080154418945,650400
1988-03-15,1.7604169845581055,1.7708330154418945,1.75,1.7708330154418945,619200
1988-03-16,1.765625,1.7708330154418945,1.7552080154418945,1.7708330154418945,523200
1988-03-17,1.7864580154418945,1.7916669845581055,1.7552080154418945,1.7604169845581055,376800
1988-03-18,1.8072919845581055,1.8125,1.78125,1.7916669845581055,1485600
1988-03-21,1.765625,1.796875,1.765625,1.796875,842400
1988-03-22,1.7760419845581055,1.7760419845581055,1.7604169845581055,1.7604169845581055,578400
1988-03-23,1.8333330154418945,1.84375,1.78125,1.7864580154418945,1584000
1988-03-24,1.8489580154418945,1.8645830154418945,1.84375,1.8645830154418945,3172800
1988-03-25,1.8489580154418945,1.859375,1.84375,1.8489580154418945,876000
1988-03-28,1.8177080154418945,1.8333330154418945,1.8177080154418945,1.8333330154418945,784800
1988-03-29,1.8072919845581055,1.8125,1.8020830154418945,1.8125,936000
1988-03-30,1.7708330154418945,1.8072919845581055,1.7708330154418945,1.8072919845581055,244800
1988-03-31,1.7604169845581055,1.765625,1.75,1.7604169845581055,492000
1988-04-04,1.71875,1.7552080154418945,1.7083330154418945,1.75,772800
1988-04-05,1.75,1.75,1.7083330154418945,1.7083330154418945,1663200
1988-04-06,1.8020830154418945,1.8020830154418945,1.734375,1.7447919845581055,2575200
1988-04-07,1.8020830154418945,1.8125,1.796875,1.8020830154418945,1255200
1988-04-08,1.8125,1.8177080154418945,1.7864580154418945,1.796875,1219200
1988-04-11,1.8125,1.8177080154418945,1.7916669845581055,1.8125,760800
1988-04-12,1.8072919845581055,1.8125,1.7916669845581055,1.8020830154418945,1838400
1988-04-13,1.8072919845581055,1.8125,1.8020830154418945,1.8072919845581055,266400
1988-04-14,1.7395830154418945,1.8020830154418945,1.7395830154418945,1.796875,1058400
1988-04-15,1.7604169845581055,1.7604169845581055,1.71875,1.7239580154418945,765600
1988-04-18,1.7395830154418945,1.7447919845581055,1.7291669845581055,1.7447919845581055,854400
1988-04-19,1.7291669845581055,1.7552080154418945,1.7291669845581055,1.7395830154418945,2294400
1988-04-20,1.71875,1.7395830154418945,1.71875,1.71875,1286400
1988-04-21,1.71875,1.75,1.7083330154418945,1.75,926400
1988-04-22,1.7291669845581055,1.7291669845581055,1.7135419845581055,1.71875,1029600
1988-04-25,1.75,1.75,1.7239580154418945,1.7239580154418945,1917600
1988-04-26,1.75,1.7552080154418945,1.7291669845581055,1.7291669845581055,535200
1988-04-27,1.7447919845581055,1.75,1.7447919845581055,1.75,532800
1988-04-28,1.7552080154418945,1.7552080154418945,1.7447919845581055,1.7447919845581055,266400
1988-04-29,1.734375,1.7447919845581055,1.7291669845581055,1.7447919845581055,4116000
1988-05-02,1.71875,1.7395830154418945,1.7083330154418945,1.7135419845581055,343200
1988-05-03,1.7552080154418945,1.7552080154418945,1.7291669845581055,1.7291669845581055,496800
1988-05-04,1.7395830154418945,1.7552080154418945,1.7395830154418945,1.75,955200
1988-05-05,1.71875,1.7395830154418945,1.71875,1.7395830154418945,645600
1988-05-06,1.7447919845581055,1.75,1.7239580154418945,1.7239580154418945,595200
1988-05-09,1.7552080154418945,1.7604169845581055,1.734375,1.7395830154418945,1202400
1988-05-10,1.7604169845581055,1.7708330154418945,1.75,1.765625,1202400
1988-05-11,1.7395830154418945,1.7604169845581055,1.7291669845581055,1.7604169845581055,662400
1988-05-12,1.7239580154418945,1.7395830154418945,1.7239580154418945,1.7291669845581055,324000
1988-05-13,1.7604169845581055,1.7604169845581055,1.7239580154418945,1.7239580154418945,516000
1988-05-16,1.7395830154418945,1.7552080154418945,1.734375,1.75,1380000
1988-05-17,1.7239580154418945,1.7447919845581055,1.7239580154418945,1.7395830154418945,444000
1988-05-18,1.7239580154418945,1.7291669845581055,1.71875,1.7291669845581055,880800
1988-05-19,1.7395830154418945,1.7395830154418945,1.7083330154418945,1.71875,984000
1988-05-20,1.7083330154418945,1.7291669845581055,1.6979169845581055,1.7291669845581055,1516800
1988-05-23,1.7083330154418945,1.7135419845581055,1.6979169845581055,1.7083330154418945,1771200
1988-05-24,1.7083330154418945,1.7083330154418945,1.6927080154418945,1.6979169845581055,1411200
1988-05-25,1.7239580154418945,1.7291669845581055,1.7083330154418945,1.7083330154418945,2191200
1988-05-26,1.7291669845581055,1.734375,1.7239580154418945,1.7239580154418945,3369600
1988-05-27,1.7291669845581055,1.734375,1.7239580154418945,1.734375,957600
1988-05-31,1.7604169845581055,1.7604169845581055,1.7395830154418945,1.7395830154418945,3628800
1988-06-01,1.796875,1.8020830154418945,1.7604169845581055,1.7604169845581055,3595200
1988-06-02,1.7864580154418945,1.796875,1.78125,1.796875,1027200
1988-06-03,1.8072919845581055,1.8072919845581055,1.7864580154418945,1.7864580154418945,1860000
1988-06-06,1.8125,1.8177080154418945,1.8072919845581055,1.8125,1996800
1988-06-07,1.7916669845581055,1.8229169845581055,1.7916669845581055,1.8125,597600
1988-06-08,1.8645830154418945,1.8645830154418945,1.7916669845581055,1.7916669845581055,3223200
1988-06-09,1.8645830154418945,1.8802080154418945,1.8541669845581055,1.8541669845581055,2443200
1988-06-10,1.9010419845581055,1.9166669845581055,1.859375,1.8645830154418945,1252800
1988-06-13,1.9166669845581055,1.9322919845581055,1.9010419845581055,1.9010419845581055,2184000
1988-06-14,1.953125,1.96875,1.9270830154418945,1.9270830154418945,2292000
1988-06-15,1.9322919845581055,1.9427080154418945,1.921875,1.9427080154418945,1920000
1988-06-16,1.9166669845581055,1.9322919845581055,1.8854169845581055,1.9322919845581055,1293600
1988-06-17,1.8958330154418945,1.9270830154418945,1.8958330154418945,1.9270830154418945,3108000
1988-06-20,1.8645830154418945,1.8854169845581055,1.8541669845581055,1.8854169845581055,969600
1988-06-21,1.8802080154418945,1.8854169845581055,1.8489580154418945,1.8645830154418945,1464000
1988-06-22,1.9270830154418945,1.9375,1.875,1.8854169845581055,3336000
1988-06-23,1.9322919845581055,1.9375,1.9270830154418945,1.9375,2373600
1988-06-24,1.9583330154418945,1.9895830154418945,1.9427080154418945,1.9427080154418945,5671200
1988-06-27,1.9166669845581055,1.9583330154418945,1.9166669845581055,1.9427080154418945,2244000
1988-06-28,1.90625,1.921875,1.890625,1.90625,1084800
1988-06-29,1.9375,1.9427080154418945,1.90625,1.9166669845581055,2224800
1988-06-30,1.9791669845581055,1.9947919845581055,1.9375,1.9375,1144800
1988-07-01,1.9375,1.9921879768371582,1.90625,1.9765629768371582,715200
1988-07-05,1.96875,1.96875,1.9140629768371582,1.921875,1035200
1988-07-06,1.9375,1.96875,1.921875,1.96875,3724800
1988-07-07,1.921875,1.9453129768371582,1.921875,1.921875,1478400
1988-07-08,1.90625,1.921875,1.90625,1.921875,1569600
1988-07-11,1.9296879768371582,1.9375,1.9140629768371582,1.921875,806400
1988-07-12,1.921875,1.9375,1.90625,1.9296879768371582,836800
1988-07-13,1.921875,1.9296879768371582,1.9140629768371582,1.9296879768371582,1105600
1988-07-14,1.953125,1.953125,1.921875,1.921875,1745600
1988-07-15,1.9609379768371582,1.96875,1.9453129768371582,1.953125,1052800
1988-07-18,1.9375,1.96875,1.9296879768371582,1.9609379768371582,376000
1988-07-19,1.984375,1.984375,1.9375,1.9375,699200
1988-07-20,1.9921879768371582,1.9921879768371582,1.9609379768371582,1.984375,843200
1988-07-21,1.984375,2.0,1.984375,1.9921879768371582,753600
1988-07-22,1.9765629768371582,2.0,1.9765629768371582,1.984375,793600
1988-07-25,1.984375,1.984375,1.953125,1.9765629768371582,347200
1988-07-26,1.9609379768371582,1.984375,1.9609379768371582,1.984375,876800
1988-07-27,1.9375,1.9609379768371582,1.9375,1.9609379768371582,1792000
1988-07-28,1.9921879768371582,1.9921879768371582,1.9375,1.9375,788800
1988-07-29,2.015625,2.0625,2.0,2.0,2428800
1988-08-01,2.046875,2.054687976837158,1.984375,1.9921879768371582,419200
1988-08-02,2.015625,2.0625,2.015625,2.046875,1646400
1988-08-03,2.0625,2.078125,2.03125,2.046875,1379200
1988-08-04,2.15625,2.15625,2.070312976837158,2.070312976837158,4064000
1988-08-05,2.1875,2.203125,2.15625,2.15625,3545600
1988-08-08,2.179687976837158,2.203125,2.171875,2.1875,3524800
1988-08-09,2.09375,2.1875,2.078125,2.1875,1574400
1988-08-10,2.03125,2.085937976837158,2.023437976837158,2.085937976837158,536000
1988-08-11,2.054687976837158,2.0625,2.039062976837158,2.046875,1206400
1988-08-12,2.054687976837158,2.0625,2.03125,2.0625,1689600
1988-08-15,2.015625,2.054687976837158,2.015625,2.046875,1140800
1988-08-16,2.039062976837158,2.054687976837158,1.984375,2.0,2884800
1988-08-17,2.054687976837158,2.0625,2.039062976837158,2.046875,2449600
1988-08-18,2.054687976837158,2.070312976837158,2.046875,2.046875,1593600
1988-08-19,2.070312976837158,2.070312976837158,2.046875,2.0625,1070400
1988-08-22,2.054687976837158,2.070312976837158,2.054687976837158,2.070312976837158,654400
1988-08-23,2.0625,2.0625,2.054687976837158,2.054687976837158,1736000
1988-08-24,2.09375,2.09375,2.0625,2.0625,1024000
1988-08-25,2.085937976837158,2.085937976837158,2.0625,2.085937976837158,1747200
1988-08-26,2.09375,2.101562976837158,2.085937976837158,2.085937976837158,2724800
1988-08-29,2.125,2.140625,2.101562976837158,2.101562976837158,2035200
1988-08-30,2.132812976837158,2.140625,2.109375,2.109375,3836800
1988-08-31,2.117187976837158,2.148437976837158,2.117187976837158,2.140625,2272000
1988-09-01,2.078125,2.109375,2.054687976837158,2.109375,2078400
1988-09-02,2.125,2.125,2.0625,2.0625,2504000
1988-09-06,2.140625,2.148437976837158,2.125,2.125,1870400
1988-09-07,2.125,2.15625,2.117187976837158,2.148437976837158,787200
1988-09-08,2.148437976837158,2.148437976837158,2.125,2.125,3121600
1988-09-09,2.164062976837158,2.171875,2.125,2.140625,1996800
1988-09-12,2.171875,2.1875,2.164062976837158,2.179687976837158,892800
1988-09-13,2.179687976837158,2.179687976837158,2.164062976837158,2.164062976837158,1492800
1988-09-14,2.203125,2.203125,2.171875,2.179687976837158,1459200
1988-09-15,2.195312976837158,2.203125,2.179687976837158,2.1875,1403200
1988-09-16,2.1875,2.1875,2.171875,2.1875,1520000
1988-09-19,2.1875,2.1875,2.15625,2.179687976837158,864000
1988-09-20,2.179687976837158,2.203125,2.164062976837158,2.203125,1020800
1988-09-21,2.148437976837158,2.164062976837158,2.148437976837158,2.164062976837158,715200
1988-09-22,2.070312976837158,2.132812976837158,2.054687976837158,2.132812976837158,1720000
1988-09-23,2.078125,2.109375,2.039062976837158,2.054687976837158,2380800
1988-09-26,2.09375,2.109375,2.070312976837158,2.085937976837158,721600
1988-09-27,2.101562976837158,2.117187976837158,2.09375,2.09375,1017600
1988-09-28,2.125,2.125,2.109375,2.109375,1300800
1988-09-29,2.078125,2.132812976837158,2.078125,2.109375,1867200
1988-09-30,2.109375,2.125,2.085937976837158,2.09375,1590400
1988-10-03,2.09375,2.125,2.078125,2.125,979200
1988-10-04,2.117187976837158,2.132812976837158,2.078125,2.101562976837158,630400
1988-10-05,2.15625,2.164062976837158,2.117187976837158,2.132812976837158,1272000
1988-10-06,2.140625,2.148437976837158,2.125,2.140625,436800
1988-10-07,2.148437976837158,2.148437976837158,2.125,2.140625,1134400
1988-10-10,2.117187976837158,2.148437976837158,2.117187976837158,2.148437976837158,934400
1988-10-11,2.125,2.125,2.078125,2.109375,569600
1988-10-12,2.046875,2.117187976837158,2.039062976837158,2.117187976837158,2472000
1988-10-13,2.054687976837158,2.0625,2.023437976837158,2.03125,2241600
1988-10-14,2.0625,2.078125,2.046875,2.046875,1534400
1988-10-17,2.054687976837158,2.070312976837158,2.054687976837158,2.070312976837158,657600
1988-10-18,2.039062976837158,2.070312976837158,2.03125,2.070312976837158,1856000
1988-10-19,2.023437976837158,2.046875,1.984375,2.039062976837158,2257600
1988-10-20,2.023437976837158,2.03125,2.007812976837158,2.023437976837158,1520000
1988-10-21,2.015625,2.03125,2.007812976837158,2.023437976837158,4926400
1988-10-24,2.0,2.007812976837158,1.9765629768371582,1.9765629768371582,1824000
1988-10-25,2.015625,2.023437976837158,2.0,2.007812976837158,2947200
1988-10-26,2.03125,2.03125,2.007812976837158,2.015625,7107200
1988-10-27,2.0,2.039062976837158,1.9921879768371582,2.023437976837158,2366400
1988-10-28,2.015625,2.015625,1.9921879768371582,2.0,849600
1988-10-31,2.007812976837158,2.015625,1.984375,1.9921879768371582,2182400
1988-11-01,2.070312976837158,2.078125,2.0,2.0,2555200
1988-11-02,2.039062976837158,2.0625,2.039062976837158,2.054687976837158,1755200
1988-11-03,2.03125,2.054687976837158,2.03125,2.046875,888000
1988-11-04,2.03125,2.0625,2.03125,2.03125,2752000
1988-11-07,2.015625,2.03125,2.007812976837158,2.03125,980800
1988-11-08,2.023437976837158,2.039062976837158,2.015625,2.03125,2488000
1988-11-09,2.023437976837158,2.046875,2.015625,2.03125,1113600
1988-11-10,2.046875,2.054687976837158,2.015625,2.023437976837158,769600
1988-11-11,2.0,2.039062976837158,1.984375,2.03125,470400
1988-11-14,2.007812976837158,2.015625,1.984375,2.0,1825600
1988-11-15,2.015625,2.023437976837158,2.007812976837158,2.007812976837158,1684800
1988-11-16,1.9921879768371582,2.015625,1.984375,2.007812976837158,1443200
1988-11-17,1.96875,2.0,1.9609379768371582,2.0,1388800
1988-11-18,1.9921879768371582,1.9921879768371582,1.9765629768371582,1.984375,872000
1988-11-21,2.0,2.0,1.984375,1.984375,1153600
1988-11-22,1.9921879768371582,2.0,1.9765629768371582,2.0,761600
1988-11-23,2.0,2.0,1.9765629768371582,2.0,2019200
1988-11-25,2.007812976837158,2.007812976837158,1.9921879768371582,2.0,763200
1988-11-28,2.007812976837158,2.015625,2.0,2.0,731200
1988-11-29,2.007812976837158,2.015625,2.007812976837158,2.007812976837158,848000
1988-11-30,2.023437976837158,2.03125,2.0,2.007812976837158,1528000
1988-12-01,2.0,2.03125,1.9921879768371582,2.023437976837158,2288000
1988-12-02,1.9921879768371582,2.0,1.984375,2.0,2252800
1988-12-05,1.9921879768371582,2.0,1.984375,1.9921879768371582,1462400
1988-12-06,2.0,2.023437976837158,1.9921879768371582,1.9921879768371582,3035200
1988-12-07,2.023437976837158,2.03125,2.007812976837158,2.007812976837158,1907200
1988-12-08,2.054687976837158,2.054687976837158,2.015625,2.015625,1460800
1988-12-09,2.0625,2.0625,2.046875,2.046875,1305600
1988-12-12,2.0625,2.078125,2.054687976837158,2.0625,1966400
1988-12-13,2.070312976837158,2.078125,2.0625,2.078125,1611200
1988-12-14,2.039062976837158,2.078125,2.023437976837158,2.078125,632000
1988-12-15,2.015625,2.039062976837158,2.0,2.039062976837158,1910400
1988-12-16,2.023437976837158,2.023437976837158,1.9921879768371582,2.0,1566400
1988-12-19,2.046875,2.046875,2.007812976837158,2.007812976837158,856000
1988-12-20,1.9921879768371582,2.046875,1.9921879768371582,2.046875,3150400
1988-12-21,1.9609379768371582,2.0,1.9609379768371582,2.0,2948800
1988-12-22,1.9765629768371582,1.9765629768371582,1.9609379768371582,1.9609379768371582,3444800
1988-12-23,1.9921879768371582,2.0,1.984375,1.984375,230400
1988-12-27,2.0,2.015625,2.0,2.007812976837158,1468800
1988-12-28,1.9921879768371582,2.007812976837158,1.9765629768371582,2.007812976837158,232000
1988-12-29,2.0,2.015625,2.0,2.0,1947200
1988-12-30,2.007812976837158,2.015625,2.0,2.0,411200
1989-01-03,2.0,2.007812976837158,1.9921879768371582,2.007812976837158,363200
1989-01-04,2.03125,2.03125,2.0,2.0,2483200
1989-01-05,2.03125,2.039062976837158,2.023437976837158,2.039062976837158,1984000
1989-01-06,2.046875,2.046875,2.03125,2.03125,1617600
1989-01-09,2.054687976837158,2.054687976837158,2.039062976837158,2.046875,884800
1989-01-10,2.054687976837158,2.078125,2.046875,2.054687976837158,1289600
1989-01-11,2.039062976837158,2.039062976837158,2.015625,2.039062976837158,1372800
1989-01-12,2.054687976837158,2.0625,2.046875,2.054687976837158,1268800
1989-01-13,2.078125,2.078125,2.054687976837158,2.0625,1209600
1989-01-16,2.070312976837158,2.078125,2.0625,2.078125,1214400
1989-01-17,2.085937976837158,2.085937976837158,2.0625,2.070312976837158,1195200
1989-01-18,2.09375,2.09375,2.0625,2.085937976837158,1187200
1989-01-19,2.15625,2.15625,2.085937976837158,2.085937976837158,846400
1989-01-20,2.15625,2.15625,2.132812976837158,2.15625,1366400
1989-01-23,2.15625,2.179687976837158,2.15625,2.171875,2752000
1989-01-24,2.171875,2.171875,2.15625,2.164062976837158,1163200
1989-01-25,2.203125,2.203125,2.164062976837158,2.179687976837158,1908800
1989-01-26,2.203125,2.21875,2.195312976837158,2.195312976837158,1257600
1989-01-27,2.210937976837158,2.226562976837158,2.195312976837158,2.21875,2174400
1989-01-30,2.21875,2.21875,2.1875,2.1875,1182400
1989-01-31,2.25,2.265625,2.1875,2.203125,4129600
1989-02-01,2.265625,2.265625,2.25,2.265625,1465600
1989-02-02,2.242187976837158,2.273437976837158,2.242187976837158,2.25,2164800
1989-02-03,2.234375,2.257812976837158,2.234375,2.25,1078400
1989-02-06,2.242187976837158,2.25,2.234375,2.242187976837158,955200
1989-02-07,2.25,2.25,2.234375,2.25,5296000
1989-02-08,2.25,2.265625,2.234375,2.242187976837158,1068800
1989-02-09,2.25,2.25,2.234375,2.234375,2166400
1989-02-10,2.25,2.257812976837158,2.242187976837158,2.242187976837158,932800
1989-02-13,2.257812976837158,2.273437976837158,2.234375,2.265625,899200
1989-02-14,2.234375,2.265625,2.234375,2.25,352000
1989-02-15,2.242187976837158,2.242187976837158,2.21875,2.226562976837158,2864000
1989-02-16,2.226562976837158,2.25,2.21875,2.242187976837158,1040000
1989-02-17,2.25,2.257812976837158,2.226562976837158,2.226562976837158,1324800
1989-02-21,2.234375,2.25,2.234375,2.242187976837158,1958400
1989-02-22,2.210937976837158,2.234375,2.210937976837158,2.234375,987200
1989-02-23,2.210937976837158,2.21875,2.210937976837158,2.210937976837158,728000
1989-02-24,2.21875,2.226562976837158,2.210937976837158,2.21875,1286400
1989-02-27,2.195312976837158,2.21875,2.1875,2.21875,576000
1989-02-28,2.210937976837158,2.210937976837158,2.171875,2.1875,1836800
1989-03-01,2.203125,2.21875,2.203125,2.21875,1294400
1989-03-02,2.234375,2.234375,2.1875,2.210937976837158,11139200
1989-03-03,2.21875,2.226562976837158,2.203125,2.21875,385600
1989-03-06,2.265625,2.265625,2.226562976837158,2.234375,14528000
1989-03-07,2.226562976837158,2.265625,2.226562976837158,2.265625,1118400
1989-03-08,2.21875,2.25,2.21875,2.226562976837158,654400
1989-03-09,2.25,2.25,2.242187976837158,2.25,976000
1989-03-10,2.25,2.25,2.226562976837158,2.25,622400
1989-03-13,2.257812976837158,2.273437976837158,2.242187976837158,2.25,584000
1989-03-14,2.242187976837158,2.257812976837158,2.226562976837158,2.257812976837158,547200
1989-03-15,2.242187976837158,2.25,2.21875,2.25,563200
1989-03-16,2.265625,2.28125,2.242187976837158,2.25,1323200
1989-03-17,2.242187976837158,2.257812976837158,2.203125,2.203125,2204800
1989-03-20,2.25,2.25,2.21875,2.226562976837158,1761600
1989-03-21,2.28125,2.28125,2.25,2.265625,1787200
1989-03-22,2.28125,2.289062976837158,2.273437976837158,2.28125,1632000
1989-03-23,2.28125,2.289062976837158,2.28125,2.289062976837158,1988800
1989-03-27,2.328125,2.328125,2.273437976837158,2.273437976837158,1598400
1989-03-28,2.3125,2.34375,2.3125,2.328125,2203200
1989-03-29,2.296875,2.328125,2.296875,2.3125,537600
1989-03-30,2.28125,2.304687976837158,2.28125,2.296875,2598400
1989-03-31,2.296875,2.320312976837158,2.289062976837158,2.289062976837158,2483200
1989-04-03,2.304687976837158,2.328125,2.28125,2.296875,1080000
1989-04-04,2.296875,2.320312976837158,2.296875,2.304687976837158,651200
1989-04-05,2.296875,2.320312976837158,2.296875,2.304687976837158,468800
1989-04-06,2.296875,2.3125,2.257812976837158,2.273437976837158,652800
1989-04-07,2.3125,2.3125,2.273437976837158,2.28125,512000
1989-04-10,2.335937976837158,2.335937976837158,2.3125,2.3125,902400
1989-04-11,2.351562976837158,2.351562976837158,2.34375,2.351562976837158,928000
1989-04-12,2.304687976837158,2.351562976837158,2.289062976837158,2.351562976837158,841600
1989-04-13,2.265625,2.304687976837158,2.242187976837158,2.304687976837158,1067200
1989-04-14,2.28125,2.28125,2.265625,2.28125,736000
1989-04-17,2.304687976837158,2.304687976837158,2.273437976837158,2.273437976837158,2276800
1989-04-18,2.34375,2.34375,2.296875,2.296875,1660800
1989-04-19,2.359375,2.359375,2.335937976837158,2.335937976837158,494400
1989-04-20,2.34375,2.359375,2.335937976837158,2.34375,1329600
1989-04-21,2.390625,2.398437976837158,2.34375,2.34375,873600
1989-04-24,2.382812976837158,2.390625,2.375,2.390625,2144000
1989-04-25,2.34375,2.382812976837158,2.34375,2.382812976837158,678400
1989-04-26,2.375,2.382812976837158,2.34375,2.34375,707200
1989-04-27,2.367187976837158,2.375,2.359375,2.375,891200
1989-04-28,2.375,2.375,2.34375,2.367187976837158,547200
1989-05-01,2.351562976837158,2.351562976837158,2.328125,2.34375,867200
1989-05-02,2.320312976837158,2.359375,2.320312976837158,2.359375,620800
1989-05-03,2.296875,2.3125,2.28125,2.3125,2304000
1989-05-04,2.296875,2.3125,2.28125,2.304687976837158,1014400
1989-05-05,2.28125,2.3125,2.28125,2.3125,886400
1989-05-08,2.289062976837158,2.289062976837158,2.265625,2.289062976837158,448000
1989-05-09,2.289062976837158,2.289062976837158,2.28125,2.289062976837158,1545600
1989-05-10,2.28125,2.289062976837158,2.257812976837158,2.28125,1435200
1989-05-11,2.273437976837158,2.28125,2.265625,2.28125,3867200
1989-05-12,2.304687976837158,2.304687976837158,2.28125,2.28125,3718400
1989-05-15,2.359375,2.367187976837158,2.304687976837158,2.3125,3001600
1989-05-16,2.34375,2.359375,2.34375,2.359375,1046400
1989-05-17,2.351562976837158,2.351562976837158,2.34375,2.351562976837158,544000
1989-05-18,2.398437976837158,2.398437976837158,2.34375,2.351562976837158,7670400
1989-05-19,2.421875,2.421875,2.40625,2.40625,2728000
1989-05-22,2.4375,2.46875,2.429687976837158,2.453125,1430400
1989-05-23,2.398437976837158,2.46875,2.390625,2.46875,1054400
1989-05-24,2.453125,2.484375,2.382812976837158,2.398437976837158,1827200
1989-05-25,2.429687976837158,2.46875,2.421875,2.460937976837158,558400
1989-05-26,2.445312976837158,2.453125,2.421875,2.421875,942400
1989-05-30,2.40625,2.453125,2.390625,2.445312976837158,472000
1989-05-31,2.421875,2.445312976837158,2.40625,2.414062976837158,414400
1989-06-01,2.46875,2.484375,2.429687976837158,2.4375,1708800
1989-06-02,2.507812976837158,2.507812976837158,2.476562976837158,2.476562976837158,1153600
1989-06-05,2.507812976837158,2.53125,2.5,2.507812976837158,504000
1989-06-06,2.523437976837158,2.5625,2.507812976837158,2.523437976837158,1008000
1989-06-07,2.570312976837158,2.570312976837158,2.523437976837158,2.53125,382400
1989-06-08,2.59375,2.59375,2.5625,2.570312976837158,489600
1989-06-09,2.601562976837158,2.617187976837158,2.578125,2.59375,582400
1989-06-12,2.601562976837158,2.601562976837158,2.570312976837158,2.59375,608000
1989-06-13,2.59375,2.601562976837158,2.578125,2.585937976837158,932800
1989-06-14,2.617187976837158,2.625,2.59375,2.59375,937600
1989-06-15,2.609375,2.640625,2.609375,2.617187976837158,2376000
1989-06-16,2.648437976837158,2.664062976837158,2.601562976837158,2.601562976837158,2363200
1989-06-19,2.648437976837158,2.664062976837158,2.625,2.648437976837158,528000
1989-06-20,2.65625,2.671875,2.632812976837158,2.632812976837158,1670400
1989-06-21,2.648437976837158,2.6875,2.648437976837158,2.65625,2291200
1989-06-22,2.71875,2.734375,2.640625,2.648437976837158,2811200
1989-06-23,2.78125,2.804687976837158,2.71875,2.71875,3646400
1989-06-26,2.84375,2.84375,2.757812976837158,2.765625,2996800
1989-06-27,2.8125,2.851562976837158,2.773437976837158,2.828125,3406400
1989-06-28,2.703125,2.8125,2.703125,2.8125,1806400
1989-06-29,2.625,2.703125,2.625,2.703125,1587200
1989-06-30,2.632812976837158,2.632812976837158,2.5625,2.609375,1940800
1989-07-03,2.625,2.632812976837158,2.617187976837158,2.625,670400
1989-07-05,2.671875,2.671875,2.617187976837158,2.625,2300800
1989-07-06,2.703125,2.71875,2.679687976837158,2.679687976837158,3116800
1989-07-07,2.703125,2.765625,2.65625,2.710937976837158,2697600
1989-07-10,2.71875,2.726562976837158,2.703125,2.703125,1136000
1989-07-11,2.703125,2.742187976837158,2.703125,2.726562976837158,1056000
1989-07-12,2.71875,2.71875,2.695312976837158,2.710937976837158,584000
1989-07-13,2.6875,2.734375,2.671875,2.734375,833600
1989-07-14,2.726562976837158,2.726562976837158,2.671875,2.703125,1336000
1989-07-17,2.671875,2.742187976837158,2.671875,2.742187976837158,739200
1989-07-18,2.640625,2.679687976837158,2.625,2.671875,1504000
1989-07-19,2.648437976837158,2.65625,2.617187976837158,2.640625,908800
1989-07-20,2.648437976837158,2.65625,2.625,2.65625,2328000
1989-07-21,2.671875,2.671875,2.609375,2.632812976837158,2529600
1989-07-24,2.640625,2.71875,2.625,2.6875,1463200
1989-07-25,2.640625,2.65625,2.609375,2.65625,391200
1989-07-26,2.65625,2.671875,2.640625,2.65625,1108800
1989-07-27,2.671875,2.671875,2.640625,2.671875,924800
1989-07-28,2.640625,2.671875,2.625,2.671875,1020000
1989-07-31,2.65625,2.6875,2.625,2.625,1544000
1989-08-01,2.671875,2.75,2.625,2.671875,3108000
1989-08-02,2.703125,2.71875,2.671875,2.671875,1193600
1989-08-03,2.703125,2.78125,2.703125,2.71875,1906400
1989-08-04,2.703125,2.71875,2.65625,2.71875,1295200
1989-08-07,2.8125,2.8125,2.703125,2.71875,2254400
1989-08-08,2.828125,2.84375,2.765625,2.8125,1487200
1989-08-09,2.78125,2.875,2.78125,2.796875,1081600
1989-08-10,2.8125,2.90625,2.78125,2.796875,1139200
1989-08-11,2.71875,2.859375,2.65625,2.796875,2299200
1989-08-14,2.734375,2.765625,2.71875,2.71875,1246400
1989-08-15,2.734375,2.78125,2.71875,2.765625,610400
1989-08-16,2.75,2.78125,2.71875,2.71875,1277600
1989-08-17,2.703125,2.796875,2.6875,2.75,624800
1989-08-18,2.703125,2.703125,2.671875,2.703125,1447200
1989-08-21,2.65625,2.703125,2.65625,2.6875,838400
1989-08-22,2.671875,2.6875,2.625,2.671875,684800
1989-08-23,2.609375,2.65625,2.609375,2.640625,2121600
1989-08-24,2.734375,2.734375,2.640625,2.640625,998400
1989-08-25,2.75,2.78125,2.75,2.765625,748000
1989-08-28,2.8125,2.8125,2.75,2.75,813600
1989-08-29,2.78125,2.8125,2.765625,2.8125,1361600
1989-08-30,2.765625,2.796875,2.765625,2.765625,918400
1989-08-31,2.78125,2.78125,2.75,2.765625,1393600
1989-09-01,2.8125,2.8125,2.75,2.75,812800
1989-09-05,2.8125,2.84375,2.765625,2.78125,1727200
1989-09-06,2.765625,2.8125,2.71875,2.8125,633600
1989-09-07,2.71875,2.75,2.71875,2.734375,507200
1989-09-08,2.796875,2.8125,2.703125,2.75,573600
1989-09-11,2.796875,2.8125,2.75,2.78125,594400
1989-09-12,2.796875,2.828125,2.78125,2.78125,435200
1989-09-13,2.78125,2.828125,2.765625,2.765625,1691200
1989-09-14,2.78125,2.796875,2.765625,2.765625,430400
1989-09-15,2.78125,2.8125,2.78125,2.78125,1354400
1989-09-18,2.8125,2.8125,2.78125,2.796875,530400
1989-09-19,2.796875,2.8125,2.78125,2.8125,784000
1989-09-20,2.84375,2.84375,2.78125,2.78125,1242400
1989-09-21,2.8125,2.859375,2.8125,2.84375,491200
1989-09-22,2.828125,2.84375,2.8125,2.828125,400000
1989-09-25,2.828125,2.859375,2.8125,2.84375,585600
1989-09-26,2.828125,2.90625,2.828125,2.828125,1336000
1989-09-27,2.828125,2.84375,2.796875,2.8125,747200
1989-09-28,2.859375,2.875,2.796875,2.828125,2688000
1989-09-29,2.875,2.875,2.8125,2.875,694400
1989-10-02,2.984375,3.0,2.84375,2.859375,611200
1989-10-03,2.953125,2.984375,2.953125,2.984375,1121600
1989-10-04,2.875,2.96875,2.875,2.96875,755200
1989-10-05,2.921875,2.921875,2.890625,2.90625,820800
1989-10-06,2.890625,2.921875,2.875,2.921875,1229600
1989-10-09,2.921875,2.921875,2.859375,2.921875,705600
1989-10-10,2.984375,3.015625,2.9375,2.9375,627200
1989-10-11,2.921875,2.984375,2.875,2.96875,646400
1989-10-12,2.875,2.90625,2.8125,2.890625,940800
1989-10-13,2.8125,2.90625,2.734375,2.890625,1639200
1989-10-16,2.8125,2.859375,2.6875,2.703125,2220800
1989-10-17,2.859375,2.890625,2.8125,2.828125,816000
1989-10-18,2.828125,2.859375,2.828125,2.859375,590400
1989-10-19,2.84375,2.875,2.828125,2.859375,1014400
1989-10-20,2.84375,2.875,2.8125,2.84375,1185600
1989-10-23,2.78125,2.828125,2.765625,2.828125,1600000
1989-10-24,2.75,2.8125,2.71875,2.75,1263200
1989-10-25,2.8125,2.828125,2.765625,2.765625,402400
1989-10-26,2.8125,2.859375,2.765625,2.8125,778400
1989-10-27,2.75,2.828125,2.734375,2.828125,2308800
1989-10-30,2.71875,2.71875,2.65625,2.6875,731200
1989-10-31,2.71875,2.71875,2.671875,2.71875,573600
1989-11-01,2.71875,2.75,2.703125,2.734375,896800
1989-11-02,2.65625,2.71875,2.625,2.71875,672800
1989-11-03,2.65625,2.6875,2.640625,2.640625,330400
1989-11-06,2.65625,2.6875,2.625,2.6875,3476800
1989-11-07,2.65625,2.671875,2.59375,2.65625,1814400
1989-11-08,2.671875,2.6875,2.640625,2.65625,1450400
1989-11-09,2.59375,2.671875,2.59375,2.671875,1206400
1989-11-10,2.59375,2.625,2.578125,2.609375,493600
1989-11-13,2.65625,2.65625,2.578125,2.59375,700000
1989-11-14,2.640625,2.6875,2.609375,2.6875,704000
1989-11-15,2.6875,2.703125,2.59375,2.609375,458400
1989-11-16,2.65625,2.71875,2.640625,2.71875,547200
1989-11-17,2.609375,2.671875,2.59375,2.640625,592800
1989-11-20,2.609375,2.625,2.578125,2.59375,172800
1989-11-21,2.625,2.625,2.59375,2.625,324800
1989-11-22,2.671875,2.671875,2.59375,2.609375,440800
1989-11-24,2.625,2.640625,2.59375,2.640625,422400
1989-11-27,2.625,2.671875,2.609375,2.625,1066400
1989-11-28,2.640625,2.65625,2.59375,2.609375,522400
1989-11-29,2.6875,2.703125,2.625,2.65625,658400
1989-11-30,2.703125,2.734375,2.640625,2.6875,674400
1989-12-01,2.796875,2.9375,2.734375,2.734375,1637600
1989-12-04,2.78125,2.84375,2.78125,2.84375,489600
1989-12-05,2.75,2.796875,2.71875,2.796875,844000
1989-12-06,2.609375,2.75,2.59375,2.75,1399200
1989-12-07,2.65625,2.671875,2.609375,2.640625,824800
1989-12-08,2.640625,2.703125,2.59375,2.6875,892800
1989-12-11,2.65625,2.6875,2.59375,2.625,816000
1989-12-12,2.671875,2.6875,2.625,2.65625,925600
1989-12-13,2.5625,2.671875,2.5625,2.65625,1072000
1989-12-14,2.46875,2.5625,2.46875,2.546875,1086400
1989-12-15,2.40625,2.53125,2.359375,2.53125,1794400
1989-12-18,2.375,2.4375,2.375,2.421875,1657600
1989-12-19,2.40625,2.46875,2.375,2.390625,1809600
1989-12-20,2.5,2.546875,2.421875,2.4375,4448800
1989-12-21,2.59375,2.609375,2.515625,2.53125,3148000
1989-12-22,2.640625,2.65625,2.578125,2.578125,1098400
1989-12-26,2.734375,2.75,2.625,2.625,914400
1989-12-27,2.796875,2.828125,2.734375,2.734375,840800
1989-12-28,2.859375,2.875,2.8125,2.8125,503200
1989-12-29,2.8125,2.859375,2.796875,2.859375,255200
1990-01-02,2.828125,2.828125,2.75,2.8125,1236000
1990-01-03,2.703125,2.828125,2.671875,2.828125,1460000
1990-01-04,2.671875,2.71875,2.578125,2.71875,2081600
1990-01-05,2.59375,2.71875,2.59375,2.703125,701600
1990-01-08,2.671875,2.671875,2.578125,2.578125,904000
1990-01-09,2.59375,2.671875,2.59375,2.671875,1457600
1990-01-10,2.625,2.65625,2.5625,2.625,1818400
1990-01-11,2.625,2.65625,2.59375,2.625,970400
1990-01-12,2.578125,2.59375,2.515625,2.578125,612000
1990-01-15,2.5625,2.5625,2.5,2.53125,718400
1990-01-16,2.59375,2.59375,2.53125,2.53125,407200
1990-01-17,2.640625,2.671875,2.578125,2.625,811200
1990-01-18,2.640625,2.703125,2.609375,2.640625,856000
1990-01-19,2.640625,2.671875,2.625,2.625,855200
1990-01-22,2.578125,2.703125,2.578125,2.671875,696800
1990-01-23,2.578125,2.640625,2.546875,2.609375,436800
1990-01-24,2.546875,2.5625,2.4375,2.5,1344800
1990-01-25,2.5625,2.625,2.546875,2.578125,874400
1990-01-26,2.609375,2.609375,2.484375,2.546875,1131200
1990-01-29,2.578125,2.609375,2.546875,2.59375,1144800
1990-01-30,2.515625,2.578125,2.484375,2.578125,707200
1990-01-31,2.59375,2.59375,2.484375,2.484375,1205600
1990-02-01,2.546875,2.5625,2.5,2.5625,582400
1990-02-02,2.546875,2.5625,2.515625,2.546875,353600
1990-02-05,2.46875,2.578125,2.46875,2.578125,479200
1990-02-06,2.359375,2.484375,2.359375,2.484375,868800
1990-02-07,2.375,2.390625,2.359375,2.375,2052800
1990-02-08,2.375,2.375,2.265625,2.359375,2019200
1990-02-09,2.421875,2.4375,2.390625,2.40625,501600
1990-02-12,2.359375,2.40625,2.34375,2.40625,2667200
1990-02-13,2.375,2.375,2.328125,2.34375,1977600
1990-02-14,2.375,2.390625,2.359375,2.375,894400
1990-02-15,2.46875,2.46875,2.375,2.375,884800
1990-02-16,2.46875,2.46875,2.4375,2.46875,1166400
1990-02-20,2.375,2.4375,2.359375,2.4375,551200
1990-02-21,2.359375,2.390625,2.3125,2.34375,1487200
1990-02-22,2.390625,2.4375,2.34375,2.34375,912000
1990-02-23,2.390625,2.40625,2.34375,2.359375,640800
1990-02-26,2.4375,2.4375,2.375,2.375,345600
1990-02-27,2.4375,2.453125,2.40625,2.4375,789600
1990-02-28,2.4375,2.453125,2.421875,2.4375,368800
1990-03-01,2.40625,2.421875,2.375,2.421875,1470400
1990-03-02,2.40625,2.4375,2.375,2.40625,1444800
1990-03-05,2.390625,2.4375,2.390625,2.390625,600000
1990-03-06,2.40625,2.421875,2.390625,2.390625,1964000
1990-03-07,2.390625,2.40625,2.359375,2.375,1704800
1990-03-08,2.421875,2.421875,2.390625,2.390625,446400
1990-03-09,2.4375,2.453125,2.421875,2.4375,970400
1990-03-12,2.484375,2.484375,2.421875,2.421875,2607200
1990-03-13,2.484375,2.484375,2.453125,2.46875,1587200
1990-03-14,2.46875,2.484375,2.453125,2.484375,832000
1990-03-15,2.46875,2.484375,2.453125,2.484375,1306400
1990-03-16,2.5,2.5,2.4375,2.4375,1838400
1990-03-19,2.453125,2.46875,2.4375,2.46875,1504000
1990-03-20,2.453125,2.46875,2.421875,2.453125,1930400
1990-03-21,2.421875,2.453125,2.421875,2.4375,822400
1990-03-22,2.359375,2.40625,2.34375,2.40625,2044800
1990-03-23,2.4375,2.4375,2.359375,2.359375,1048000
1990-03-26,2.453125,2.453125,2.40625,2.40625,940000
1990-03-27,2.515625,2.515625,2.4375,2.4375,1013600
1990-03-28,2.578125,2.578125,2.515625,2.515625,2592800
1990-03-29,2.484375,2.578125,2.453125,2.5625,790400
1990-03-30,2.46875,2.484375,2.421875,2.46875,1043200
1990-04-02,2.375,2.421875,2.375,2.40625,656000
1990-04-03,2.4375,2.453125,2.375,2.375,1364000
1990-04-04,2.421875,2.4375,2.390625,2.4375,1122400
1990-04-05,2.390625,2.421875,2.390625,2.421875,3284000
1990-04-06,2.328125,2.40625,2.296875,2.390625,3757600
1990-04-09,2.296875,2.328125,2.265625,2.328125,9525600
1990-04-10,2.359375,2.359375,2.28125,2.296875,2980800
1990-04-11,2.390625,2.390625,2.328125,2.328125,1959200
1990-04-12,2.359375,2.421875,2.359375,2.40625,1835200
1990-04-16,2.375,2.40625,2.375,2.375,2680800
1990-04-17,2.4375,2.4375,2.359375,2.375,1186400
1990-04-18,2.359375,2.4375,2.359375,2.4375,1343200
1990-04-19,2.359375,2.453125,2.359375,2.359375,2536800
1990-04-20,2.34375,2.375,2.296875,2.359375,1968800
1990-04-23,2.359375,2.375,2.34375,2.34375,761600
1990-04-24,2.328125,2.375,2.3125,2.359375,867200
1990-04-25,2.3125,2.359375,2.3125,2.34375,1279200
1990-04-26,2.296875,2.34375,2.28125,2.328125,1782400
1990-04-27,2.234375,2.296875,2.234375,2.28125,1111200
1990-04-30,2.25,2.265625,2.203125,2.21875,780000
1990-05-01,2.28125,2.296875,2.234375,2.25,1776000
1990-05-02,2.34375,2.34375,2.265625,2.28125,810400
1990-05-03,2.375,2.390625,2.34375,2.359375,1643200
1990-05-04,2.390625,2.4375,2.359375,2.390625,1152000
1990-05-07,2.40625,2.421875,2.375,2.390625,1051200
1990-05-08,2.4375,2.4375,2.40625,2.40625,542400
1990-05-09,2.453125,2.46875,2.421875,2.4375,1708000
1990-05-10,2.453125,2.484375,2.4375,2.4375,1539200
1990-05-11,2.5625,2.5625,2.46875,2.484375,1532000
1990-05-14,2.671875,2.671875,2.546875,2.5625,2942400
1990-05-15,2.75,2.78125,2.640625,2.640625,1345600
1990-05-16,2.734375,2.734375,2.65625,2.6875,1216800
1990-05-17,2.703125,2.75,2.703125,2.734375,1329600
1990-05-18,2.6875,2.703125,2.671875,2.703125,2372000
1990-05-21,2.703125,2.703125,2.671875,2.671875,1764000
1990-05-22,2.65625,2.734375,2.625,2.703125,1133600
1990-05-23,2.640625,2.65625,2.609375,2.65625,1049600
1990-05-24,2.671875,2.671875,2.625,2.640625,1503200
1990-05-25,2.671875,2.6875,2.640625,2.65625,1549600
1990-05-29,2.734375,2.734375,2.65625,2.6875,2258400
1990-05-30,2.84375,2.84375,2.75,2.765625,2001600
1990-05-31,2.796875,2.859375,2.796875,2.828125,1849600
1990-06-01,2.859375,2.875,2.8125,2.84375,1334400
1990-06-04,2.859375,2.90625,2.859375,2.875,1808800
1990-06-05,2.921875,2.953125,2.859375,2.875,2535200
1990-06-06,2.859375,2.921875,2.859375,2.921875,2169600
1990-06-07,2.859375,2.90625,2.84375,2.890625,1948800
1990-06-08,2.8125,2.859375,2.78125,2.84375,570400
1990-06-11,2.8125,2.84375,2.78125,2.796875,1016800
1990-06-12,2.828125,2.828125,2.765625,2.765625,624000
1990-06-13,2.8125,2.828125,2.78125,2.828125,276800
1990-06-14,2.796875,2.8125,2.75,2.796875,1923200
1990-06-15,2.75,2.796875,2.734375,2.78125,2339200
1990-06-18,2.6875,2.78125,2.6875,2.78125,722400
1990-06-19,2.703125,2.734375,2.625,2.671875,2532000
1990-06-20,2.6875,2.71875,2.625,2.6875,712000
1990-06-21,2.6875,2.703125,2.640625,2.6875,799200
1990-06-22,2.609375,2.6875,2.578125,2.6875,1204000
1990-06-25,2.609375,2.625,2.53125,2.625,1339200
1990-06-26,2.65625,2.703125,2.609375,2.65625,2577600
1990-06-27,2.71875,2.71875,2.640625,2.671875,1666400
1990-06-28,2.71875,2.734375,2.671875,2.703125,377600
1990-06-29,2.71875,2.71875,2.703125,2.71875,1339200
1990-07-02,2.65625,2.71875,2.625,2.71875,1008000
1990-07-03,2.71875,2.71875,2.65625,2.6875,3272000
1990-07-05,2.71875,2.734375,2.6875,2.703125,1539200
1990-07-06,2.734375,2.765625,2.703125,2.703125,1830400
1990-07-09,2.765625,2.765625,2.75,2.765625,521600
1990-07-10,2.640625,2.78125,2.640625,2.765625,2440800
1990-07-11,2.53125,2.59375,2.5,2.59375,2352800
1990-07-12,2.546875,2.546875,2.4375,2.515625,1804000
1990-07-13,2.609375,2.625,2.53125,2.53125,1237600
1990-07-16,2.625,2.65625,2.59375,2.59375,1533600
1990-07-17,2.609375,2.625,2.578125,2.625,504000
1990-07-18,2.5,2.609375,2.5,2.59375,3139200
1990-07-19,2.484375,2.5,2.484375,2.5,3241600
1990-07-20,2.53125,2.59375,2.46875,2.484375,1793600
1990-07-23,2.5,2.546875,2.4375,2.5,1054400
1990-07-24,2.484375,2.5,2.4375,2.46875,894400
1990-07-25,2.546875,2.546875,2.46875,2.46875,676800
1990-07-26,2.4375,2.5,2.40625,2.5,3113600
1990-07-27,2.484375,2.484375,2.453125,2.46875,1673600
1990-07-30,2.484375,2.484375,2.453125,2.46875,560000
1990-07-31,2.484375,2.484375,2.4375,2.46875,1788800
1990-08-01,2.4375,2.46875,2.375,2.46875,3044000
1990-08-02,2.421875,2.4375,2.390625,2.40625,2852000
1990-08-03,2.34375,2.40625,2.328125,2.40625,3350400
1990-08-06,2.234375,2.25,2.1875,2.25,1841600
1990-08-07,2.328125,2.375,2.25,2.265625,3251200
1990-08-08,2.375,2.421875,2.328125,2.359375,2186400
1990-08-09,2.359375,2.390625,2.328125,2.390625,1488000
1990-08-10,2.3125,2.359375,2.3125,2.34375,1326400
1990-08-13,2.34375,2.34375,2.3125,2.34375,1470400
1990-08-14,2.328125,2.359375,2.3125,2.3125,1514400
1990-08-15,2.296875,2.328125,2.296875,2.3125,1622400
1990-08-16,2.21875,2.328125,2.21875,2.296875,1380800
1990-08-17,2.28125,2.28125,2.125,2.15625,1946400
1990-08-20,2.28125,2.296875,2.265625,2.265625,1379200
1990-08-21,2.234375,2.25,2.203125,2.25,546400
1990-08-22,2.21875,2.28125,2.21875,2.265625,1654400
1990-08-23,2.140625,2.21875,2.125,2.1875,1627200
1990-08-24,2.171875,2.171875,2.125,2.171875,1144800
1990-08-27,2.203125,2.25,2.1875,2.21875,1325600
1990-08-28,2.203125,2.21875,2.1875,2.21875,1005600
1990-08-29,2.296875,2.3125,2.171875,2.1875,1775200
1990-08-30,2.1875,2.265625,2.1875,2.265625,440800
1990-08-31,2.21875,2.28125,2.15625,2.15625,567200
1990-09-04,2.21875,2.25,2.171875,2.21875,533600
1990-09-05,2.203125,2.234375,2.203125,2.21875,804800
1990-09-06,2.1875,2.203125,2.171875,2.203125,831200
1990-09-07,2.203125,2.234375,2.1875,2.1875,588000
1990-09-10,2.21875,2.265625,2.21875,2.21875,424800
1990-09-11,2.203125,2.234375,2.203125,2.234375,540000
1990-09-12,2.203125,2.21875,2.15625,2.203125,1177600
1990-09-13,2.15625,2.203125,2.140625,2.203125,704000
1990-09-14,2.09375,2.15625,2.09375,2.140625,1023200
1990-09-17,2.109375,2.125,2.078125,2.109375,896800
1990-09-18,2.109375,2.125,2.09375,2.09375,565600
1990-09-19,2.09375,2.109375,2.078125,2.109375,1070400
1990-09-20,2.0,2.0625,1.953125,2.0625,1916800
1990-09-21,1.96875,2.0,1.90625,1.96875,1328800
1990-09-24,1.890625,1.96875,1.828125,1.96875,1019200
1990-09-25,1.953125,1.953125,1.90625,1.921875,1502400
1990-09-26,1.9375,2.0,1.890625,1.9375,2620000
1990-09-27,1.859375,1.9375,1.84375,1.9375,2134400
1990-09-28,1.859375,1.859375,1.765625,1.765625,3204800
1990-10-01,1.890625,1.9375,1.828125,1.875,1653600
1990-10-02,1.875,1.9375,1.875,1.90625,2286400
1990-10-03,1.765625,1.875,1.765625,1.875,1443200
1990-10-04,1.8125,1.8125,1.6875,1.75,1629600
1990-10-05,1.875,1.890625,1.71875,1.75,2249600
1990-10-08,1.875,1.90625,1.875,1.890625,151200
1990-10-09,1.828125,1.875,1.8125,1.875,463200
1990-10-10,1.796875,1.84375,1.78125,1.828125,1744000
1990-10-11,1.765625,1.796875,1.75,1.78125,1077600
1990-10-12,1.890625,1.921875,1.796875,1.828125,1376000
1990-10-15,1.921875,1.9375,1.875,1.90625,1098400
1990-10-16,1.84375,1.96875,1.84375,1.90625,1639200
1990-10-17,1.9375,1.953125,1.84375,1.859375,1538400
1990-10-18,1.984375,2.0,1.96875,1.96875,1502400
1990-10-19,2.0,2.03125,1.984375,2.0,1285600
1990-10-22,2.046875,2.046875,1.984375,2.0,927200
1990-10-23,2.0,2.03125,1.984375,2.03125,2197600
1990-10-24,1.96875,2.0,1.953125,1.96875,1723200
1990-10-25,2.015625,2.015625,1.953125,1.96875,2236000
1990-10-26,2.03125,2.046875,2.0,2.0,888000
1990-10-29,1.90625,2.0,1.890625,1.984375,484000
1990-10-30,1.984375,2.0,1.890625,1.90625,948800
1990-10-31,1.890625,2.0,1.890625,1.96875,804800
1990-11-01,1.984375,1.984375,1.90625,1.90625,756800
1990-11-02,2.078125,2.078125,1.984375,1.984375,1411200
1990-11-05,2.15625,2.15625,2.109375,2.125,1706400
1990-11-06,2.125,2.21875,2.125,2.140625,1850400
1990-11-07,2.109375,2.171875,2.09375,2.109375,934400
1990-11-08,2.125,2.15625,2.0625,2.140625,4228000
1990-11-09,2.171875,2.1875,2.09375,2.09375,1882400
1990-11-12,2.25,2.25,2.1875,2.1875,1602400
1990-11-13,2.25,2.25,2.203125,2.234375,950400
1990-11-14,2.28125,2.3125,2.21875,2.25,2991200
1990-11-15,2.25,2.28125,2.234375,2.234375,2024000
1990-11-16,2.25,2.296875,2.21875,2.25,1189600
1990-11-19,2.3125,2.3125,2.265625,2.28125,1474400
1990-11-20,2.1875,2.3125,2.1875,2.3125,3547200
1990-11-21,2.171875,2.171875,2.09375,2.09375,1280000
1990-11-23,2.15625,2.1875,2.140625,2.140625,169600
1990-11-26,2.25,2.25,2.09375,2.125,1132800
1990-11-27,2.34375,2.359375,2.28125,2.28125,2412000
1990-11-28,2.3125,2.375,2.28125,2.3125,3883200
1990-11-29,2.265625,2.328125,2.25,2.3125,1698400
1990-11-30,2.296875,2.328125,2.25,2.265625,1784800
1990-12-03,2.28125,2.3125,2.25,2.296875,859200
1990-12-04,2.40625,2.40625,2.296875,2.296875,3047200
1990-12-05,2.640625,2.640625,2.359375,2.40625,4174400
1990-12-06,2.59375,2.75,2.578125,2.671875,3826400
1990-12-07,2.65625,2.65625,2.53125,2.59375,1901600
1990-12-10,2.578125,2.625,2.5625,2.609375,714400
1990-12-11,2.5,2.578125,2.484375,2.578125,1284000
1990-12-12,2.5,2.515625,2.453125,2.5,1248800
1990-12-13,2.484375,2.546875,2.453125,2.5,629600
1990-12-14,2.375,2.484375,2.3125,2.484375,1710400
1990-12-17,2.375,2.390625,2.328125,2.34375,363200
1990-12-18,2.421875,2.4375,2.375,2.390625,1194400
1990-12-19,2.546875,2.546875,2.484375,2.5,2431200
1990-12-20,2.59375,2.59375,2.5,2.515625,1431200
1990-12-21,2.65625,2.71875,2.578125,2.71875,2232800
1990-12-24,2.59375,2.625,2.578125,2.625,369600
1990-12-26,2.671875,2.6875,2.625,2.625,556800
1990-12-27,2.640625,2.6875,2.5625,2.671875,661600
1990-12-28,2.640625,2.640625,2.546875,2.609375,1323200
1990-12-31,2.59375,2.640625,2.578125,2.640625,254400
1991-01-02,2.546875,2.59375,2.546875,2.59375,1085600
1991-01-03,2.546875,2.5625,2.53125,2.53125,912800
1991-01-04,2.546875,2.59375,2.53125,2.53125,1030400
1991-01-07,2.4375,2.53125,2.421875,2.453125,858400
1991-01-08,2.453125,2.46875,2.421875,2.453125,740800
1991-01-09,2.375,2.515625,2.375,2.453125,1496000
1991-01-10,2.453125,2.46875,2.375,2.40625,1133600
1991-01-11,2.453125,2.46875,2.40625,2.453125,423200
1991-01-14,2.40625,2.4375,2.34375,2.40625,1362400
1991-01-15,2.4375,2.453125,2.390625,2.390625,944800
1991-01-16,2.5,2.515625,2.40625,2.40625,1880800
1991-01-17,2.59375,2.65625,2.578125,2.609375,3204000
1991-01-18,2.625,2.625,2.546875,2.59375,1864800
1991-01-21,2.609375,2.625,2.5625,2.609375,1770400
1991-01-22,2.609375,2.65625,2.59375,2.609375,2428000
1991-01-23,2.671875,2.6875,2.609375,2.609375,2847200
1991-01-24,2.65625,2.6875,2.625,2.671875,1600000
1991-01-25,2.71875,2.71875,2.65625,2.65625,2383200
1991-01-28,2.703125,2.71875,2.6875,2.6875,849600
1991-01-29,2.71875,2.734375,2.6875,2.71875,2020000
1991-01-30,2.75,2.875,2.71875,2.71875,3882400
1991-01-31,2.78125,2.8125,2.75,2.75,2217600
1991-02-01,2.8125,2.8125,2.703125,2.796875,2744800
1991-02-04,3.046875,3.046875,2.84375,2.84375,4720800
1991-02-05,3.109375,3.1875,3.03125,3.046875,6456000
1991-02-06,3.09375,3.109375,3.0625,3.09375,2640800
1991-02-07,3.0625,3.125,3.03125,3.109375,5860000
1991-02-08,3.0625,3.078125,3.03125,3.0625,1639200
1991-02-11,3.15625,3.15625,3.0625,3.09375,4059200
1991-02-12,3.15625,3.1875,3.140625,3.1875,3865600
1991-02-13,3.0,3.171875,2.90625,3.15625,4432000
1991-02-14,3.015625,3.0625,2.96875,3.015625,5727200
1991-02-15,3.03125,3.046875,2.984375,3.015625,2277600
1991-02-19,3.03125,3.0625,2.984375,3.03125,1782400
1991-02-20,3.0,3.046875,2.984375,3.046875,1879200
1991-02-21,3.140625,3.140625,2.96875,3.03125,3540000
1991-02-22,3.1875,3.234375,3.140625,3.15625,2827200
1991-02-25,3.109375,3.203125,3.109375,3.171875,1705600
1991-02-26,3.09375,3.125,3.046875,3.109375,14552000
1991-02-27,3.15625,3.15625,3.078125,3.09375,2649600
1991-02-28,3.140625,3.171875,3.125,3.171875,2338400
1991-03-01,3.21875,3.21875,3.125,3.125,3138400
1991-03-04,3.21875,3.25,3.1875,3.25,2040000
1991-03-05,3.25,3.296875,3.21875,3.21875,3026400
1991-03-06,3.171875,3.296875,3.15625,3.265625,1996800
1991-03-07,3.171875,3.171875,3.125,3.171875,1907200
1991-03-08,3.15625,3.171875,3.140625,3.140625,2265600
1991-03-11,3.15625,3.171875,3.140625,3.15625,2643200
1991-03-12,3.03125,3.15625,3.03125,3.140625,1877600
1991-03-13,3.09375,3.09375,3.03125,3.03125,2058400
1991-03-14,3.078125,3.109375,3.0625,3.109375,1336000
1991-03-15,3.03125,3.078125,3.0,3.078125,3042400
1991-03-18,3.015625,3.03125,3.0,3.015625,1687200
1991-03-19,3.0,3.03125,3.0,3.015625,1072000
1991-03-20,3.03125,3.046875,3.0,3.0,1457600
1991-03-21,3.0625,3.0625,3.03125,3.046875,996800
1991-03-22,3.046875,3.046875,3.015625,3.046875,908000
1991-03-25,3.03125,3.078125,3.03125,3.078125,1124800
1991-03-26,3.140625,3.140625,3.03125,3.03125,4910400
1991-03-27,3.265625,3.3125,3.234375,3.265625,3801600
1991-03-28,3.21875,3.28125,3.203125,3.25,2252800
1991-04-01,3.1875,3.234375,3.1875,3.203125,1003200
1991-04-02,3.1875,3.234375,3.171875,3.203125,2067200
1991-04-03,3.265625,3.265625,3.171875,3.1875,2889600
1991-04-04,3.25,3.28125,3.21875,3.265625,3437600
1991-04-05,3.15625,3.28125,3.15625,3.234375,1952000
1991-04-08,3.21875,3.21875,3.171875,3.171875,706400
1991-04-09,3.140625,3.203125,3.140625,3.1875,1828800
1991-04-10,3.1875,3.1875,3.109375,3.140625,1176000
1991-04-11,3.359375,3.359375,3.265625,3.3125,6512000
1991-04-12,3.359375,3.53125,3.359375,3.53125,3044800
1991-04-15,3.390625,3.421875,3.359375,3.375,2928000
1991-04-16,3.453125,3.453125,3.359375,3.40625,2589600
1991-04-17,3.703125,3.84375,3.453125,3.46875,4368800
1991-04-18,3.5,3.640625,3.453125,3.640625,2344000
1991-04-19,3.40625,3.546875,3.40625,3.53125,1446400
1991-04-22,3.328125,3.375,3.3125,3.359375,4514400
1991-04-23,3.328125,3.390625,3.296875,3.359375,3258400
1991-04-24,3.3125,3.375,3.296875,3.359375,2836000
1991-04-25,3.421875,3.4375,3.28125,3.3125,2609600
1991-04-26,3.390625,3.40625,3.359375,3.40625,1523200
1991-04-29,3.28125,3.4375,3.28125,3.421875,1401600
1991-04-30,3.296875,3.4375,3.265625,3.390625,2460800
1991-05-01,3.421875,3.453125,3.375,3.390625,2560000
1991-05-02,3.546875,3.625,3.453125,3.515625,3790400
1991-05-03,3.515625,3.609375,3.453125,3.578125,1080000
1991-05-06,3.5,3.515625,3.40625,3.453125,2859200
1991-05-07,3.53125,3.53125,3.46875,3.5,2380000
1991-05-08,3.578125,3.609375,3.484375,3.53125,2047200
1991-05-09,3.609375,3.703125,3.5625,3.5625,2506400
1991-05-10,3.484375,3.625,3.484375,3.609375,895200
1991-05-13,3.578125,3.59375,3.4375,3.515625,1422400
1991-05-14,3.46875,3.578125,3.453125,3.578125,1124800
1991-05-15,3.546875,3.5625,3.46875,3.46875,2780000
1991-05-16,3.53125,3.59375,3.515625,3.578125,1738400
1991-05-17,3.46875,3.53125,3.453125,3.515625,1328800
1991-05-20,3.515625,3.515625,3.484375,3.515625,763200
1991-05-21,3.515625,3.53125,3.453125,3.53125,1365600
1991-05-22,3.53125,3.59375,3.515625,3.546875,1715200
1991-05-23,3.546875,3.59375,3.515625,3.53125,1308800
1991-05-24,3.625,3.625,3.53125,3.546875,1568000
1991-05-28,3.609375,3.640625,3.59375,3.59375,2522400
1991-05-29,3.6875,3.703125,3.609375,3.640625,2279200
1991-05-30,3.671875,3.703125,3.640625,3.703125,1615200
1991-05-31,3.625,3.671875,3.515625,3.671875,4676800
1991-06-03,3.640625,3.65625,3.609375,3.640625,1204000
1991-06-04,3.6875,3.71875,3.609375,3.625,1378400
1991-06-05,3.75,3.78125,3.703125,3.71875,3292000
1991-06-06,3.71875,3.765625,3.71875,3.765625,1154400
1991-06-07,3.640625,3.71875,3.59375,3.6875,1492000
1991-06-10,3.703125,3.703125,3.625,3.671875,776000
1991-06-11,3.734375,3.796875,3.703125,3.75,1910400
1991-06-12,3.625,3.734375,3.5625,3.734375,2617600
1991-06-13,3.59375,3.65625,3.5625,3.65625,1740800
1991-06-14,3.5625,3.625,3.53125,3.609375,2984800
1991-06-17,3.5,3.5625,3.484375,3.5625,1535200
1991-06-18,3.546875,3.609375,3.46875,3.5625,2276800
1991-06-19,3.5625,3.578125,3.515625,3.546875,1118400
1991-06-20,3.578125,3.625,3.5625,3.59375,3108000
1991-06-21,3.59375,3.609375,3.5625,3.609375,1813600
1991-06-24,3.5625,3.578125,3.5,3.5625,1664000
1991-06-25,3.53125,3.609375,3.515625,3.609375,1328800
1991-06-26,3.5,3.546875,3.484375,3.546875,2320000
1991-06-27,3.46875,3.5625,3.46875,3.5,2567200
1991-06-28,3.4375,3.484375,3.34375,3.484375,3206400
1991-07-01,3.453125,3.625,3.390625,3.390625,1864000
1991-07-02,3.546875,3.546875,3.4375,3.453125,1875200
1991-07-03,3.453125,3.515625,3.4375,3.515625,1540800
1991-07-05,3.453125,3.5,3.421875,3.421875,504000
1991-07-08,3.421875,3.5,3.359375,3.4375,1482400
1991-07-09,3.546875,3.609375,3.484375,3.53125,2524000
1991-07-10,3.578125,3.625,3.53125,3.5625,1678400
1991-07-11,3.53125,3.625,3.5,3.59375,1837600
1991-07-12,3.53125,3.59375,3.515625,3.53125,2168800
1991-07-15,3.625,3.640625,3.546875,3.546875,1713600
1991-07-16,3.59375,3.6875,3.546875,3.671875,3892000
1991-07-17,3.734375,3.734375,3.609375,3.609375,2987200
1991-07-18,3.84375,3.84375,3.6875,3.734375,2785600
1991-07-19,3.8125,3.8125,3.75,3.78125,2396800
1991-07-22,3.6875,3.859375,3.6875,3.828125,932000
1991-07-23,3.65625,3.6875,3.578125,3.6875,1995200
1991-07-24,3.546875,3.640625,3.546875,3.625,1452800
1991-07-25,3.609375,3.625,3.5625,3.609375,2487200
1991-07-26,3.671875,3.671875,3.578125,3.578125,1750400
1991-07-29,3.640625,3.703125,3.640625,3.6875,1088000
1991-07-30,3.75,3.765625,3.6875,3.6875,2147200
1991-07-31,3.875,3.875,3.71875,3.765625,1897600
1991-08-01,3.734375,3.8125,3.734375,3.8125,2481600
1991-08-02,3.78125,3.796875,3.75,3.765625,1634400
1991-08-05,3.71875,3.78125,3.703125,3.75,1361600
1991-08-06,3.796875,3.8125,3.625,3.703125,2424000
1991-08-07,3.75,3.875,3.6875,3.8125,2244800
1991-08-08,3.734375,3.734375,3.6875,3.703125,1951200
1991-08-09,3.703125,3.734375,3.6875,3.71875,2233600
1991-08-12,3.78125,3.78125,3.6875,3.71875,1058400
1991-08-13,3.828125,3.859375,3.75,3.78125,4174400
1991-08-14,3.96875,4.09375,3.859375,3.859375,5288000
1991-08-15,4.03125,4.046875,3.9375,3.9375,4164800
1991-08-16,4.078125,4.09375,3.984375,4.0625,4473600
1991-08-19,3.90625,4.0,3.78125,3.953125,2165600
1991-08-20,4.015625,4.015625,3.9375,4.0,2406400
1991-08-21,4.109375,4.1875,4.0625,4.09375,3636000
1991-08-22,4.03125,4.09375,3.953125,4.09375,2557600
1991-08-23,4.09375,4.109375,3.984375,4.015625,1967200
1991-08-26,4.0625,4.0625,3.953125,4.0,892000
1991-08-27,3.96875,4.0625,3.96875,4.015625,1608000
1991-08-28,3.984375,4.0,3.953125,3.96875,1154400
1991-08-29,4.0,4.0625,3.96875,4.015625,1572800
1991-08-30,3.984375,4.015625,3.9375,4.0,622400
1991-09-03,3.96875,4.03125,3.9375,3.96875,1902400
1991-09-04,3.8125,3.953125,3.796875,3.9375,1172000
1991-09-05,3.828125,3.875,3.796875,3.828125,1853600
1991-09-06,3.875,3.875,3.78125,3.8125,1364800
1991-09-09,3.875,3.875,3.84375,3.875,500000
1991-09-10,3.8125,3.875,3.796875,3.875,532800
1991-09-11,3.84375,3.90625,3.84375,3.84375,2138400
1991-09-12,3.9375,3.96875,3.859375,3.875,1511200
1991-09-13,3.953125,4.0625,3.9375,3.9375,1433600
1991-09-16,3.96875,4.0,3.9375,3.9375,1331200
1991-09-17,3.96875,4.0,3.953125,3.96875,1744800
1991-09-18,4.0,4.03125,3.953125,3.96875,1561600
1991-09-19,4.1875,4.1875,4.0,4.015625,3288800
1991-09-20,4.21875,4.25,4.15625,4.1875,3830400
1991-09-23,4.0625,4.15625,4.0625,4.140625,1311200
1991-09-24,4.125,4.140625,4.0625,4.078125,1620800
1991-09-25,4.09375,4.140625,4.078125,4.140625,702400
1991-09-26,4.09375,4.140625,4.0625,4.078125,1028800
1991-09-27,4.09375,4.109375,4.0625,4.109375,1410400
1991-09-30,4.1875,4.1875,4.0625,4.09375,1978400
1991-10-01,4.234375,4.25,4.1875,4.1875,695200
1991-10-02,4.234375,4.265625,4.203125,4.234375,1304800
1991-10-03,4.203125,4.234375,4.1875,4.203125,414400
1991-10-04,4.09375,4.171875,4.09375,4.171875,640000
1991-10-07,4.0625,4.125,4.03125,4.125,583200
1991-10-08,4.03125,4.109375,3.984375,4.09375,1385600
1991-10-09,3.953125,4.03125,3.890625,4.03125,2115200
1991-10-10,3.984375,3.984375,3.890625,3.96875,1744800
1991-10-11,4.046875,4.0625,3.984375,3.984375,1222400
1991-10-14,4.09375,4.109375,4.046875,4.046875,791200
1991-10-15,4.109375,4.125,4.0625,4.125,2520800
1991-10-16,4.1875,4.234375,4.109375,4.125,2058400
1991-10-17,4.25,4.296875,4.1875,4.203125,1909600
1991-10-18,4.25,4.28125,4.234375,4.28125,1214400
1991-10-21,4.25,4.265625,4.21875,4.265625,262400
1991-10-22,4.203125,4.25,4.1875,4.234375,721600
1991-10-23,4.1875,4.21875,4.140625,4.203125,991200
1991-10-24,4.1875,4.203125,4.15625,4.171875,1589600
1991-10-25,4.046875,4.1875,4.03125,4.171875,896800
1991-10-28,4.171875,4.171875,4.078125,4.078125,1128800
1991-10-29,4.1875,4.234375,4.15625,4.171875,1764000
1991-10-30,4.203125,4.21875,4.171875,4.21875,500000
1991-10-31,4.21875,4.25,4.1875,4.203125,1557600
1991-11-01,4.234375,4.3125,4.15625,4.203125,1070400
1991-11-04,4.265625,4.265625,4.171875,4.265625,535200
1991-11-05,4.265625,4.28125,4.21875,4.28125,1262400
1991-11-06,4.234375,4.28125,4.1875,4.28125,1550400
1991-11-07,4.21875,4.234375,4.171875,4.21875,1780000
1991-11-08,4.21875,4.234375,4.203125,4.234375,1200000
1991-11-11,4.21875,4.234375,4.203125,4.21875,735200
1991-11-12,4.234375,4.25,4.1875,4.21875,1090400
1991-11-13,4.203125,4.234375,4.1875,4.234375,690400
1991-11-14,4.296875,4.296875,4.1875,4.234375,968800
1991-11-15,4.0,4.28125,4.0,4.21875,1269600
1991-11-18,3.984375,4.015625,3.953125,4.0,1602400
1991-11-19,3.8125,3.921875,3.796875,3.921875,1940000
1991-11-20,3.734375,3.859375,3.703125,3.84375,2722400
1991-11-21,3.8125,3.859375,3.6875,3.703125,1704000
1991-11-22,3.875,3.890625,3.765625,3.8125,1244000
1991-11-25,3.796875,3.84375,3.765625,3.84375,919200
1991-11-26,3.8125,3.875,3.6875,3.828125,2035200
1991-11-27,3.8125,3.875,3.765625,3.8125,1513600
1991-11-29,3.75,3.75,3.625,3.71875,1996000
1991-12-02,3.78125,3.78125,3.59375,3.671875,2223200
1991-12-03,3.8125,3.8125,3.75,3.75,1236000
1991-12-04,3.828125,3.84375,3.765625,3.8125,2084000
1991-12-05,3.8125,3.828125,3.765625,3.828125,1188800
1991-12-06,3.796875,3.859375,3.734375,3.75,1794400
1991-12-09,3.90625,4.0,3.796875,3.796875,1491200
1991-12-10,4.03125,4.0625,3.90625,3.90625,2252000
1991-12-11,4.015625,4.0625,4.0,4.046875,1508000
1991-12-12,4.09375,4.125,4.0,4.0,1772000
1991-12-13,4.171875,4.21875,4.125,4.125,1741600
1991-12-16,4.125,4.171875,4.125,4.15625,1661600
1991-12-17,4.21875,4.265625,4.09375,4.109375,1785600
1991-12-18,4.1875,4.296875,4.1875,4.25,4115200
1991-12-19,4.109375,4.1875,4.078125,4.1875,2746400
1991-12-20,4.25,4.28125,4.1875,4.21875,3230400
1991-12-23,4.34375,4.359375,4.21875,4.328125,1844800
1991-12-24,4.453125,4.609375,4.375,4.375,1536000
1991-12-26,4.5625,4.5625,4.484375,4.5,2161600
1991-12-27,4.5,4.609375,4.46875,4.59375,2819200
1991-12-30,4.5625,4.5625,4.484375,4.484375,1548800
1991-12-31,4.5625,4.5625,4.484375,4.484375,1209600
1992-01-02,4.5625,4.5625,4.390625,4.515625,1843200
1992-01-03,4.53125,4.5625,4.46875,4.546875,2675200
1992-01-06,4.484375,4.546875,4.46875,4.53125,1779200
1992-01-07,4.453125,4.484375,4.390625,4.453125,1700800
1992-01-08,4.390625,4.421875,4.328125,4.421875,2988000
1992-01-09,4.34375,4.375,4.3125,4.359375,2807200
1992-01-10,4.234375,4.3125,4.15625,4.3125,1972000
1992-01-13,4.296875,4.328125,4.203125,4.203125,1471200
1992-01-14,4.390625,4.390625,4.234375,4.25,2323200
1992-01-15,4.4375,4.4375,4.28125,4.375,2378400
1992-01-16,4.40625,4.46875,4.359375,4.46875,1638400
1992-01-17,4.328125,4.390625,4.28125,4.359375,1508800
1992-01-20,4.390625,4.421875,4.328125,4.390625,1297600
1992-01-21,4.3125,4.515625,4.3125,4.375,3755200
1992-01-22,4.390625,4.40625,4.28125,4.34375,3696800
1992-01-23,4.3125,4.375,4.3125,4.375,2161600
1992-01-24,4.375,4.375,4.3125,4.359375,1729600
1992-01-27,4.328125,4.328125,4.28125,4.28125,1047200
1992-01-28,4.328125,4.359375,4.296875,4.328125,1877600
1992-01-29,4.375,4.421875,4.3125,4.3125,2960800
1992-01-30,4.359375,4.40625,4.34375,4.359375,1688800
1992-01-31,4.3125,4.375,4.28125,4.359375,1848800
1992-02-03,4.359375,4.375,4.234375,4.25,999200
1992-02-04,4.40625,4.421875,4.328125,4.328125,1032000
1992-02-05,4.484375,4.484375,4.40625,4.421875,2466400
1992-02-06,4.53125,4.53125,4.453125,4.453125,3128800
1992-02-07,4.53125,4.609375,4.484375,4.578125,1510400
1992-02-10,4.546875,4.5625,4.5,4.546875,1529600
1992-02-11,4.53125,4.546875,4.515625,4.546875,1458400
1992-02-12,4.546875,4.578125,4.5,4.53125,3440000
1992-02-13,4.53125,4.5625,4.515625,4.515625,1239200
1992-02-14,4.625,4.671875,4.5,4.515625,1862400
1992-02-18,4.6875,4.703125,4.609375,4.625,1944000
1992-02-19,4.546875,4.6875,4.546875,4.671875,2132000
1992-02-20,4.71875,4.71875,4.515625,4.53125,3567200
1992-02-21,4.65625,4.765625,4.640625,4.703125,2965600
1992-02-24,4.71875,4.75,4.6875,4.6875,1210400
1992-02-25,4.625,4.6875,4.578125,4.671875,797600
1992-02-26,4.671875,4.671875,4.53125,4.59375,1476800
1992-02-27,4.59375,4.6875,4.578125,4.671875,312000
1992-02-28,4.703125,4.71875,4.625,4.6875,1568800
1992-03-02,4.703125,4.71875,4.640625,4.703125,1053600
1992-03-03,4.6875,4.734375,4.65625,4.671875,899200
1992-03-04,4.625,4.75,4.625,4.71875,1556000
1992-03-05,4.515625,4.609375,4.5,4.609375,1313600
1992-03-06,4.40625,4.578125,4.34375,4.515625,2376800
1992-03-09,4.390625,4.453125,4.375,4.4375,2208800
1992-03-10,4.390625,4.421875,4.375,4.40625,3079200
1992-03-11,4.40625,4.421875,4.359375,4.375,1658400
1992-03-12,4.328125,4.40625,4.28125,4.40625,2174400
1992-03-13,4.34375,4.375,4.296875,4.375,1347200
1992-03-16,4.328125,4.359375,4.3125,4.359375,1424000
1992-03-17,4.390625,4.40625,4.34375,4.34375,1414400
1992-03-18,4.53125,4.546875,4.390625,4.390625,1616000
1992-03-19,4.515625,4.5625,4.5,4.546875,1691200
1992-03-20,4.46875,4.5,4.421875,4.484375,2163200
1992-03-23,4.390625,4.46875,4.390625,4.46875,936000
1992-03-24,4.375,4.484375,4.375,4.453125,1135200
1992-03-25,4.484375,4.5,4.40625,4.453125,1420800
1992-03-26,4.546875,4.546875,4.46875,4.5,2548000
1992-03-27,4.484375,4.53125,4.46875,4.53125,1699200
1992-03-30,4.421875,4.5,4.421875,4.484375,1089600
1992-03-31,4.546875,4.546875,4.40625,4.40625,2243200
1992-04-01,4.59375,4.59375,4.46875,4.546875,2168800
1992-04-02,4.453125,4.546875,4.390625,4.484375,1392800
1992-04-03,4.4375,4.453125,4.40625,4.4375,1612000
1992-04-06,4.5,4.5,4.4375,4.4375,2540000
1992-04-07,4.4375,4.515625,4.421875,4.515625,1378400
1992-04-08,4.375,4.453125,4.34375,4.40625,2715200
1992-04-09,4.46875,4.46875,4.375,4.46875,2040000
1992-04-10,4.5,4.53125,4.484375,4.484375,2470400
1992-04-13,4.5,4.53125,4.453125,4.53125,1140000
1992-04-14,4.734375,4.765625,4.5,4.515625,3319200
1992-04-15,4.75,4.78125,4.671875,4.734375,4564800
1992-04-16,4.71875,4.78125,4.65625,4.6875,3401600
1992-04-20,4.71875,4.75,4.5625,4.5625,2130400
1992-04-21,4.75,4.765625,4.71875,4.71875,1769600
1992-04-22,4.8125,4.9375,4.71875,4.78125,4072000
1992-04-23,4.828125,4.84375,4.75,4.8125,2917600
1992-04-24,4.6875,4.84375,4.6875,4.828125,1702400
1992-04-27,4.6875,4.71875,4.5625,4.65625,2380000
1992-04-28,4.6875,4.6875,4.625,4.6875,846400
1992-04-29,4.828125,4.828125,4.671875,4.71875,2008000
1992-04-30,4.84375,4.84375,4.796875,4.84375,2264000
1992-05-01,4.75,4.84375,4.6875,4.84375,3326400
1992-05-04,4.75,4.765625,4.71875,4.71875,1024000
1992-05-05,4.75,4.78125,4.71875,4.75,2052800
1992-05-06,4.859375,4.875,4.765625,4.765625,2042400
1992-05-07,4.828125,4.84375,4.765625,4.84375,1311200
1992-05-08,4.796875,4.875,4.78125,4.84375,1300800
1992-05-11,4.9375,4.96875,4.78125,4.796875,1279200
1992-05-12,4.859375,4.96875,4.828125,4.875,1694400
1992-05-13,4.875,4.9375,4.84375,4.9375,1883200
1992-05-14,4.765625,4.84375,4.734375,4.84375,1635200
1992-05-15,4.65625,4.75,4.65625,4.734375,1832000
1992-05-18,4.75,4.765625,4.65625,4.671875,1118400
1992-05-19,4.796875,4.828125,4.765625,4.765625,1565600
1992-05-20,4.734375,4.828125,4.734375,4.796875,2770400
1992-05-21,4.703125,4.75,4.703125,4.734375,1143200
1992-05-22,4.75,4.796875,4.71875,4.71875,1662400
1992-05-26,4.65625,4.703125,4.59375,4.703125,1717600
1992-05-27,4.703125,4.734375,4.65625,4.65625,1718400
1992-05-28,4.6875,4.703125,4.671875,4.703125,2771200
1992-05-29,4.671875,4.703125,4.671875,4.6875,1784000
1992-06-01,4.671875,4.671875,4.578125,4.640625,1485600
1992-06-02,4.640625,4.703125,4.640625,4.6875,1390400
1992-06-03,4.671875,4.6875,4.640625,4.671875,2390400
1992-06-04,4.625,4.671875,4.609375,4.65625,2012000
1992-06-05,4.71875,4.71875,4.640625,4.65625,1804800
1992-06-08,4.671875,4.71875,4.640625,4.65625,1415200
1992-06-09,4.5625,4.671875,4.5625,4.671875,1614400
1992-06-10,4.625,4.625,4.53125,4.5625,1271200
1992-06-11,4.578125,4.609375,4.5625,4.59375,2267200
1992-06-12,4.609375,4.640625,4.59375,4.609375,3087200
1992-06-15,4.59375,4.625,4.5625,4.5625,3265600
1992-06-16,4.625,4.6875,4.59375,4.59375,1785600
1992-06-17,4.59375,4.6875,4.59375,4.609375,2525600
1992-06-18,4.625,4.65625,4.5625,4.59375,2360800
1992-06-19,4.59375,4.671875,4.578125,4.640625,1905600
1992-06-22,4.609375,4.625,4.578125,4.625,2150400
1992-06-23,4.625,4.671875,4.59375,4.59375,1378400
1992-06-24,4.59375,4.640625,4.59375,4.625,1530400
1992-06-25,4.640625,4.640625,4.609375,4.609375,2916800
1992-06-26,4.671875,4.671875,4.625,4.625,2088800
1992-06-29,4.6875,4.703125,4.65625,4.671875,2526400
1992-06-30,4.75,4.75,4.71875,4.734375,566400
1992-07-01,4.796875,4.796875,4.71875,4.75,2328800
1992-07-02,4.828125,4.84375,4.78125,4.8125,1724800
1992-07-06,4.8125,4.84375,4.765625,4.828125,1109600
1992-07-07,4.6875,4.84375,4.671875,4.8125,1604000
1992-07-08,4.734375,4.78125,4.6875,4.6875,2916800
1992-07-09,4.765625,4.796875,4.703125,4.71875,1853600
1992-07-10,4.84375,4.875,4.78125,4.78125,1168000
1992-07-13,4.84375,4.9375,4.796875,4.828125,2566400
1992-07-14,4.921875,4.921875,4.859375,4.875,2645600
1992-07-15,4.84375,4.9375,4.8125,4.921875,1260800
1992-07-16,4.734375,4.8125,4.71875,4.796875,1724000
1992-07-17,4.796875,4.8125,4.6875,4.734375,2421600
1992-07-20,4.796875,4.796875,4.71875,4.796875,2540000
1992-07-21,4.75,4.78125,4.71875,4.765625,2014400
1992-07-22,4.8125,4.8125,4.75,4.78125,2444000
1992-07-23,4.859375,4.859375,4.796875,4.8125,1116800
1992-07-24,4.78125,4.828125,4.734375,4.828125,1021600
1992-07-27,4.8125,4.828125,4.765625,4.765625,1096800
1992-07-28,4.90625,4.921875,4.8125,4.8125,1973600
1992-07-29,4.90625,4.953125,4.875,4.921875,1255200
1992-07-30,4.90625,4.90625,4.796875,4.859375,942400
1992-07-31,4.90625,4.90625,4.875,4.875,680000
1992-08-03,4.828125,4.890625,4.8125,4.828125,1884800
1992-08-04,4.84375,4.84375,4.765625,4.84375,1107200
1992-08-05,4.78125,4.84375,4.734375,4.84375,788000
1992-08-06,4.84375,4.84375,4.78125,4.796875,1832800
1992-08-07,4.8125,4.875,4.765625,4.84375,1146400
1992-08-10,4.78125,4.8125,4.765625,4.8125,1264000
1992-08-11,4.859375,4.875,4.796875,4.796875,1278400
1992-08-12,4.828125,4.875,4.8125,4.859375,1319200
1992-08-13,4.890625,4.890625,4.828125,4.859375,1140000
1992-08-14,4.859375,4.9375,4.859375,4.890625,1631200
1992-08-17,4.78125,4.859375,4.78125,4.859375,790400
1992-08-18,4.828125,4.84375,4.78125,4.78125,1024000
1992-08-19,4.671875,4.828125,4.65625,4.828125,4948800
1992-08-20,4.625,4.703125,4.609375,4.703125,3268000
1992-08-21,4.703125,4.71875,4.640625,4.65625,1313600
1992-08-24,4.609375,4.671875,4.59375,4.671875,932800
1992-08-25,4.46875,4.609375,4.4375,4.609375,5391200
1992-08-26,4.53125,4.5625,4.453125,4.453125,2352000
1992-08-27,4.65625,4.671875,4.5625,4.5625,1368800
1992-08-28,4.6875,4.703125,4.640625,4.640625,1128000
1992-08-31,4.578125,4.6875,4.578125,4.6875,1129600
1992-09-01,4.640625,4.640625,4.5625,4.5625,1256800
1992-09-02,4.578125,4.609375,4.5,4.609375,3158400
1992-09-03,4.59375,4.625,4.5625,4.5625,1948800
1992-09-04,4.59375,4.65625,4.578125,4.609375,1221600
1992-09-08,4.5625,4.59375,4.546875,4.59375,1152000
1992-09-09,4.5625,4.578125,4.53125,4.546875,1768800
1992-09-10,4.59375,4.59375,4.53125,4.5625,1696800
1992-09-11,4.609375,4.640625,4.59375,4.609375,1483200
1992-09-14,4.71875,4.734375,4.65625,4.65625,2280000
1992-09-15,4.703125,4.734375,4.625,4.734375,2124800
1992-09-16,4.671875,4.75,4.65625,4.6875,1680800
1992-09-17,4.59375,4.703125,4.59375,4.703125,1122400
1992-09-18,4.625,4.65625,4.609375,4.625,3139200
1992-09-21,4.625,4.625,4.59375,4.625,1973600
1992-09-22,4.59375,4.625,4.578125,4.609375,1765600
1992-09-23,4.625,4.640625,4.578125,4.609375,2013600
1992-09-24,4.625,4.65625,4.609375,4.609375,4276000
1992-09-25,4.671875,4.71875,4.625,4.625,2636800
1992-09-28,4.671875,4.671875,4.625,4.671875,2139200
1992-09-29,4.75,4.765625,4.671875,4.671875,3108000
1992-09-30,4.875,4.875,4.734375,4.734375,2586400
1992-10-01,4.890625,4.90625,4.84375,4.875,1713600
1992-10-02,4.875,4.890625,4.859375,4.875,861600
1992-10-05,4.75,4.84375,4.671875,4.828125,1432800
1992-10-06,4.671875,4.765625,4.671875,4.71875,2217600
1992-10-07,4.65625,4.71875,4.65625,4.71875,1625600
1992-10-08,4.71875,4.734375,4.671875,4.6875,1104000
1992-10-09,4.6875,4.734375,4.6875,4.71875,2380000
1992-10-12,4.765625,4.78125,4.71875,4.734375,1488000
1992-10-13,4.75,4.78125,4.734375,4.765625,1176000
1992-10-14,4.828125,4.828125,4.765625,4.78125,963200
1992-10-15,4.890625,4.90625,4.796875,4.8125,1236000
1992-10-16,4.921875,4.921875,4.875,4.890625,696000
1992-10-19,4.984375,5.0,4.921875,4.9375,981600
1992-10-20,4.984375,5.078125,4.96875,5.0,3621600
1992-10-21,4.96875,4.984375,4.9375,4.984375,2964800
1992-10-22,5.03125,5.046875,4.96875,4.96875,2173600
1992-10-23,5.109375,5.140625,5.03125,5.03125,2065600
1992-10-26,5.125,5.1875,5.125,5.15625,1532800
1992-10-27,5.1875,5.234375,5.15625,5.1875,2650400
1992-10-28,5.125,5.171875,5.09375,5.15625,1715200
1992-10-29,5.171875,5.21875,5.0625,5.0625,2076000
1992-10-30,5.25,5.28125,5.1875,5.234375,2157600
1992-11-02,5.3125,5.34375,5.21875,5.234375,5607200
1992-11-03,5.328125,5.34375,5.28125,5.296875,2348800
1992-11-04,5.296875,5.328125,5.265625,5.3125,2524800
1992-11-05,5.28125,5.3125,5.265625,5.265625,1392800
1992-11-06,5.234375,5.265625,5.21875,5.25,843200
1992-11-09,5.234375,5.34375,5.234375,5.234375,1624800
1992-11-10,5.234375,5.28125,5.21875,5.21875,871200
1992-11-11,5.265625,5.265625,5.234375,5.25,990400
1992-11-12,5.25,5.296875,5.21875,5.296875,1212000
1992-11-13,5.359375,5.359375,5.28125,5.28125,1865600
1992-11-16,5.28125,5.328125,5.28125,5.328125,612800
1992-11-17,5.296875,5.328125,5.28125,5.296875,758400
1992-11-18,5.359375,5.359375,5.28125,5.28125,1299200
1992-11-19,5.34375,5.359375,5.3125,5.359375,1226400
1992-11-20,5.328125,5.375,5.28125,5.328125,2016800
1992-11-23,5.3125,5.34375,5.265625,5.34375,2244800
1992-11-24,5.359375,5.375,5.328125,5.34375,4499200
1992-11-25,5.25,5.375,5.25,5.375,4040000
1992-11-27,5.265625,5.28125,5.25,5.265625,1538400
1992-11-30,5.296875,5.296875,5.25,5.28125,4022400
1992-12-01,5.25,5.296875,5.234375,5.296875,1211200
1992-12-02,5.28125,5.3125,5.25,5.265625,1259200
1992-12-03,5.34375,5.34375,5.265625,5.265625,2475200
1992-12-04,5.40625,5.40625,5.328125,5.359375,2558400
1992-12-07,5.421875,5.453125,5.375,5.4375,2135200
1992-12-08,5.40625,5.421875,5.390625,5.421875,1078400
1992-12-09,5.359375,5.40625,5.34375,5.390625,1047200
1992-12-10,5.3125,5.328125,5.265625,5.328125,2808000
1992-12-11,5.265625,5.34375,5.265625,5.3125,852000
1992-12-14,5.328125,5.328125,5.265625,5.265625,718400
1992-12-15,5.328125,5.359375,5.296875,5.3125,1614400
1992-12-16,5.3125,5.328125,5.28125,5.328125,1825600
1992-12-17,5.359375,5.359375,5.296875,5.3125,2508000
1992-12-18,5.421875,5.421875,5.34375,5.375,3604800
1992-12-21,5.375,5.390625,5.359375,5.375,990400
1992-12-22,5.359375,5.40625,5.34375,5.390625,2092800
1992-12-23,5.390625,5.40625,5.375,5.390625,1737600
1992-12-24,5.453125,5.46875,5.40625,5.421875,1098400
1992-12-28,5.5,5.5,5.4375,5.4375,1671200
1992-12-29,5.484375,5.53125,5.453125,5.5,1326400
1992-12-30,5.453125,5.5,5.4375,5.484375,595200
1992-12-31,5.390625,5.46875,5.390625,5.453125,1607200
1993-01-04,5.390625,5.421875,5.375,5.40625,982400
1993-01-05,5.390625,5.40625,5.359375,5.390625,1895200
1993-01-06,5.40625,5.484375,5.390625,5.421875,2461600
1993-01-07,5.3125,5.40625,5.265625,5.40625,1239200
1993-01-08,5.25,5.28125,5.203125,5.265625,1744000
1993-01-11,5.21875,5.234375,5.171875,5.21875,792800
1993-01-12,5.21875,5.25,5.15625,5.21875,2693600
1993-01-13,5.265625,5.296875,5.171875,5.203125,2573600
1993-01-14,5.3125,5.328125,5.25,5.28125,1845600
1993-01-15,5.421875,5.421875,5.328125,5.34375,1720800
1993-01-18,5.328125,5.390625,5.3125,5.390625,1533600
1993-01-19,5.421875,5.453125,5.296875,5.328125,4872000
1993-01-20,5.375,5.453125,5.375,5.4375,1270400
1993-01-21,5.46875,5.46875,5.390625,5.390625,2149600
1993-01-22,5.5625,5.59375,5.46875,5.484375,2871200
1993-01-25,5.5625,5.578125,5.53125,5.5625,1861600
1993-01-26,5.5625,5.625,5.5625,5.59375,1157600
1993-01-27,5.640625,5.65625,5.53125,5.546875,1215200
1993-01-28,5.640625,5.65625,5.625,5.640625,1445600
1993-01-29,5.625,5.65625,5.609375,5.640625,764800
1993-02-01,5.71875,5.71875,5.578125,5.578125,1240800
1993-02-02,5.65625,5.703125,5.640625,5.703125,968000
1993-02-03,5.796875,5.796875,5.71875,5.71875,2243200
1993-02-04,5.859375,5.875,5.765625,5.765625,1824000
1993-02-05,5.8125,5.890625,5.75,5.828125,2060800
1993-02-08,5.8125,5.828125,5.75,5.8125,1648800
1993-02-09,5.765625,5.796875,5.75,5.796875,1248000
1993-02-10,5.71875,5.796875,5.6875,5.78125,1942400
1993-02-11,5.78125,5.796875,5.734375,5.734375,3296000
1993-02-12,5.703125,5.796875,5.6875,5.78125,1940800
1993-02-16,5.640625,5.734375,5.59375,5.734375,1580800
1993-02-17,5.4375,5.625,5.4375,5.609375,2991200
1993-02-18,5.4375,5.53125,5.390625,5.515625,3266400
1993-02-19,5.5,5.546875,5.453125,5.484375,2192800
1993-02-22,5.59375,5.640625,5.5625,5.5625,5768800
1993-02-23,5.6875,5.71875,5.625,5.640625,5315200
1993-02-24,5.796875,5.8125,5.671875,5.671875,3061600
1993-02-25,5.84375,5.84375,5.78125,5.796875,2743200
1993-02-26,5.8125,5.875,5.765625,5.84375,2236000
1993-03-01,5.875,5.890625,5.8125,5.8125,2364000
1993-03-02,5.96875,5.96875,5.8125,5.84375,2300800
1993-03-03,6.0,6.0,5.921875,5.96875,1508800
1993-03-04,5.84375,6.015625,5.8125,6.0,3350400
1993-03-05,5.921875,5.9375,5.84375,5.875,2524800
1993-03-08,6.109375,6.109375,5.953125,5.953125,3789600
1993-03-09,6.25,6.25,6.125,6.125,3562400
1993-03-10,6.328125,6.34375,6.1875,6.21875,2140000
1993-03-11,6.359375,6.5,6.34375,6.34375,4936800
1993-03-12,6.328125,6.359375,6.296875,6.359375,3488000
1993-03-15,6.390625,6.40625,6.328125,6.34375,2623200
1993-03-16,6.3125,6.40625,6.28125,6.375,3788800
1993-03-17,6.171875,6.328125,6.171875,6.28125,3392800
1993-03-18,6.15625,6.25,6.140625,6.1875,4095200
1993-03-19,6.140625,6.203125,6.140625,6.1875,4538400
1993-03-22,6.234375,6.234375,6.140625,6.140625,2736800
1993-03-23,6.21875,6.296875,6.203125,6.25,1816000
1993-03-24,6.203125,6.25,6.171875,6.171875,2472000
1993-03-25,6.25,6.25,6.1875,6.203125,2152000
1993-03-26,6.15625,6.3125,6.15625,6.25,3503200
1993-03-29,6.234375,6.265625,6.1875,6.1875,2261600
1993-03-30,6.234375,6.265625,6.1875,6.25,2460000
1993-03-31,6.234375,6.265625,6.21875,6.265625,1310400
1993-04-01,6.25,6.3125,6.234375,6.3125,2405600
1993-04-02,6.25,6.296875,6.21875,6.25,1767200
1993-04-05,6.265625,6.3125,6.25,6.25,4148000
1993-04-06,6.375,6.40625,6.296875,6.296875,1808800
1993-04-07,6.5,6.5,6.40625,6.40625,4008800
1993-04-08,6.734375,6.734375,6.515625,6.515625,3539200
1993-04-12,6.96875,6.96875,6.796875,6.875,4552000
1993-04-13,7.015625,7.09375,6.953125,7.0625,2436000
1993-04-14,6.84375,6.96875,6.78125,6.96875,3304800
1993-04-15,6.703125,6.8125,6.640625,6.796875,3105600
1993-04-16,6.53125,6.703125,6.515625,6.703125,3005600
1993-04-19,6.515625,6.546875,6.46875,6.53125,1717600
1993-04-20,6.4375,6.546875,6.328125,6.546875,1874400
1993-04-21,6.3125,6.46875,6.203125,6.46875,4407200
1993-04-22,6.3125,6.515625,6.3125,6.3125,3360000
1993-04-23,6.25,6.34375,6.21875,6.34375,2383200
1993-04-26,6.09375,6.296875,6.03125,6.234375,4570400
1993-04-27,6.265625,6.265625,6.0,6.0625,5163200
1993-04-28,6.234375,6.359375,6.171875,6.296875,2552800
1993-04-29,6.390625,6.390625,6.25,6.265625,2435200
1993-04-30,6.421875,6.546875,6.390625,6.390625,3325600
1993-05-03,6.484375,6.484375,6.328125,6.421875,1807200
1993-05-04,6.46875,6.53125,6.4375,6.46875,2127200
1993-05-05,6.421875,6.5625,6.421875,6.5,1731200
1993-05-06,6.265625,6.421875,6.234375,6.421875,1360000
1993-05-07,6.25,6.28125,6.21875,6.265625,1474400
1993-05-10,6.140625,6.328125,6.140625,6.234375,3310400
1993-05-11,6.328125,6.328125,6.1875,6.1875,1617600
1993-05-12,6.328125,6.390625,6.25,6.296875,1658400
1993-05-13,6.171875,6.296875,6.171875,6.28125,3519200
1993-05-14,6.0625,6.203125,6.046875,6.203125,3251200
1993-05-17,6.0625,6.125,5.953125,6.0625,1624800
1993-05-18,6.125,6.15625,6.078125,6.078125,1359200
1993-05-19,6.328125,6.34375,5.96875,6.109375,2619200
1993-05-20,6.3125,6.421875,6.265625,6.34375,1932000
1993-05-21,6.25,6.34375,6.25,6.3125,1854400
1993-05-24,6.234375,6.296875,6.1875,6.25,1053600
1993-05-25,6.265625,6.265625,6.21875,6.234375,1159200
1993-05-26,6.4375,6.46875,6.234375,6.265625,2237600
1993-05-27,6.328125,6.484375,6.28125,6.4375,2577600
1993-05-28,6.203125,6.296875,6.1875,6.265625,1340800
1993-06-01,6.234375,6.28125,6.203125,6.203125,2789600
1993-06-02,6.125,6.234375,6.109375,6.203125,5634400
1993-06-03,6.109375,6.171875,6.09375,6.171875,2244800
1993-06-04,5.890625,6.109375,5.859375,6.09375,4879200
1993-06-07,5.75,5.921875,5.71875,5.921875,2601600
1993-06-08,5.75,5.8125,5.734375,5.75,4916000
1993-06-09,5.859375,5.921875,5.765625,5.78125,1673600
1993-06-10,5.875,5.921875,5.859375,5.890625,2700000
1993-06-11,5.96875,5.984375,5.890625,5.890625,2640000
1993-06-14,6.125,6.140625,5.96875,5.96875,3258400
1993-06-15,6.171875,6.265625,6.15625,6.1875,3051200
1993-06-16,6.15625,6.21875,6.09375,6.171875,1816000
1993-06-17,6.234375,6.265625,6.1875,6.1875,3464800
1993-06-18,6.21875,6.265625,6.203125,6.234375,2059200
1993-06-21,6.265625,6.3125,6.234375,6.25,1386400
1993-06-22,6.34375,6.375,6.296875,6.3125,1836000
1993-06-23,6.3125,6.34375,6.28125,6.3125,2885600
1993-06-24,6.390625,6.421875,6.28125,6.3125,1976800
1993-06-25,6.5,6.53125,6.421875,6.421875,2221600
1993-06-28,6.765625,6.765625,6.5,6.5,3543200
1993-06-29,6.8125,6.8125,6.6875,6.75,4401600
1993-06-30,6.84375,6.84375,6.6875,6.8125,2578800
1993-07-01,6.71875,6.84375,6.6875,6.84375,1839200
1993-07-02,6.59375,6.71875,6.53125,6.71875,1280400
1993-07-06,6.65625,6.75,6.5625,6.59375,1304000
1993-07-07,6.8125,6.84375,6.625,6.625,3074400
1993-07-08,7.0,7.0,6.8125,6.8125,2437600
1993-07-09,6.84375,7.0,6.78125,7.0,1890000
1993-07-12,6.8125,6.9375,6.8125,6.84375,2336400
1993-07-13,6.71875,6.9375,6.71875,6.90625,1859200
1993-07-14,6.625,6.84375,6.625,6.8125,3398400
1993-07-15,6.6875,6.75,6.65625,6.65625,1464000
1993-07-16,6.75,6.96875,6.6875,6.71875,3818800
1993-07-19,6.84375,7.0,6.84375,6.875,3566400
1993-07-20,6.8125,6.96875,6.8125,6.875,1756400
1993-07-21,6.8125,6.875,6.71875,6.8125,2512800
1993-07-22,6.75,6.90625,6.6875,6.875,2384800
1993-07-23,6.84375,6.84375,6.75,6.75,1294000
1993-07-26,6.8125,6.90625,6.78125,6.8125,3218800
1993-07-27,6.8125,6.875,6.78125,6.8125,1744800
1993-07-28,6.5625,6.8125,6.5625,6.8125,2655200
1993-07-29,6.59375,6.59375,6.53125,6.59375,3237600
1993-07-30,6.5625,6.59375,6.53125,6.59375,1441200
1993-08-02,6.59375,6.65625,6.53125,6.53125,1587600
1993-08-03,6.59375,6.625,6.53125,6.59375,1893200
1993-08-04,6.4375,6.59375,6.4375,6.59375,1282000
1993-08-05,6.46875,6.5,6.40625,6.4375,2033200
1993-08-06,6.46875,6.46875,6.4375,6.4375,1458400
1993-08-09,6.4375,6.5,6.4375,6.46875,1200000
1993-08-10,6.53125,6.5625,6.4375,6.4375,2647600
1993-08-11,6.5625,6.625,6.5,6.5,2315600
1993-08-12,6.65625,6.65625,6.5625,6.5625,2834800
1993-08-13,6.6875,6.71875,6.625,6.65625,1534400
1993-08-16,6.625,6.71875,6.59375,6.6875,2403600
1993-08-17,6.5625,6.625,6.53125,6.625,2553200
1993-08-18,6.5625,6.625,6.53125,6.5625,3091200
1993-08-19,6.59375,6.59375,6.53125,6.5625,3306800
1993-08-20,6.625,6.65625,6.5625,6.59375,2822000
1993-08-23,6.59375,6.625,6.5625,6.625,953600
1993-08-24,6.78125,6.78125,6.5625,6.625,2702400
1993-08-25,6.6875,6.78125,6.6875,6.75,2313200
1993-08-26,6.6875,6.71875,6.625,6.6875,1467600
1993-08-27,6.6875,6.6875,6.59375,6.6875,2114800
1993-08-30,6.625,6.6875,6.59375,6.625,508000
1993-08-31,6.625,6.625,6.53125,6.59375,1581600
1993-09-01,6.59375,6.625,6.5,6.59375,2247600
1993-09-02,6.5,6.59375,6.46875,6.59375,1910800
1993-09-03,6.59375,6.625,6.46875,6.5625,1798000
1993-09-07,6.5625,6.6875,6.53125,6.625,998400
1993-09-08,6.6875,6.71875,6.5625,6.59375,1362400
1993-09-09,6.78125,6.8125,6.625,6.65625,2599600
1993-09-10,6.8125,6.90625,6.75,6.8125,2426000
1993-09-13,6.875,6.90625,6.78125,6.8125,1522000
1993-09-14,6.78125,6.84375,6.71875,6.75,968400
1993-09-15,6.65625,6.71875,6.625,6.71875,1525600
1993-09-16,6.625,6.6875,6.5625,6.65625,1030000
1993-09-17,6.625,6.6875,6.5625,6.5625,3038400
1993-09-20,6.5625,6.6875,6.53125,6.625,1524400
1993-09-21,6.53125,6.59375,6.40625,6.59375,1232000
1993-09-22,6.53125,6.59375,6.46875,6.5625,1399600
1993-09-23,6.53125,6.5625,6.46875,6.53125,1623600
1993-09-24,6.625,6.65625,6.46875,6.46875,3180000
1993-09-27,6.84375,6.90625,6.71875,6.84375,1481600
1993-09-28,6.8125,6.875,6.6875,6.875,1652000
1993-09-29,6.75,6.84375,6.6875,6.8125,4975200
1993-09-30,6.90625,6.90625,6.75,6.75,2362000
1993-10-01,6.9375,7.0,6.84375,6.875,3136400
1993-10-04,7.0625,7.1875,6.9375,6.9375,2932000
1993-10-05,6.9375,7.0625,6.875,7.0625,1716000
1993-10-06,6.96875,7.03125,6.90625,7.03125,1361200
1993-10-07,7.0,7.0625,6.9375,6.96875,2313200
1993-10-08,7.09375,7.1875,6.96875,7.0,2976400
1993-10-11,7.0,7.125,6.9375,7.125,1023200
1993-10-12,7.125,7.125,7.03125,7.0625,1220000
1993-10-13,7.15625,7.25,7.09375,7.125,1896000
1993-10-14,6.9375,7.21875,6.90625,7.1875,1711200
1993-10-15,6.96875,7.03125,6.9375,7.03125,2402400
1993-10-18,6.78125,7.03125,6.71875,6.96875,3706000
1993-10-19,6.5625,6.875,6.5625,6.8125,3987200
1993-10-20,6.53125,6.71875,6.53125,6.6875,3472400
1993-10-21,6.53125,6.65625,6.53125,6.5625,2015600
1993-10-22,6.46875,6.6875,6.46875,6.59375,3074400
1993-10-25,6.46875,6.5,6.40625,6.5,3395200
1993-10-26,6.5,6.53125,6.375,6.46875,2635200
1993-10-27,6.53125,6.53125,6.28125,6.46875,4474000
1993-10-28,6.5,6.5625,6.40625,6.53125,3460800
1993-10-29,6.4375,6.5625,6.375,6.5,2902000
1993-11-01,6.4375,6.46875,6.34375,6.375,3005600
1993-11-02,6.375,6.53125,6.375,6.5,3696400
1993-11-03,6.25,6.4375,6.0625,6.40625,4710400
1993-11-04,5.875,6.1875,5.8125,6.1875,5036400
1993-11-05,6.03125,6.1875,5.84375,5.875,4434000
1993-11-08,5.9375,6.0625,5.90625,6.03125,2299600
1993-11-09,6.09375,6.1875,6.03125,6.03125,3479600
1993-11-10,5.96875,6.0,5.90625,6.0,4140400
1993-11-11,5.875,6.03125,5.84375,6.0,3365600
1993-11-12,5.90625,5.96875,5.84375,5.84375,1362800
1993-11-15,5.875,5.96875,5.8125,5.96875,1170000
1993-11-16,5.90625,5.9375,5.84375,5.875,2666800
1993-11-17,5.8125,5.9375,5.78125,5.90625,2736000
1993-11-18,5.65625,5.78125,5.625,5.78125,3722800
1993-11-19,5.75,5.75,5.625,5.65625,3377200
1993-11-22,5.75,5.75,5.625,5.75,1833200
1993-11-23,5.8125,5.84375,5.71875,5.71875,4248400
1993-11-24,5.6875,5.84375,5.6875,5.8125,2646800
1993-11-26,5.6875,5.75,5.6875,5.75,742800
1993-11-29,5.75,5.84375,5.71875,5.75,3160000
1993-11-30,5.71875,5.78125,5.6875,5.75,1718400
1993-12-01,5.84375,5.90625,5.78125,5.8125,3970400
1993-12-02,5.78125,5.84375,5.6875,5.8125,2042800
1993-12-03,5.75,5.78125,5.6875,5.78125,2803600
1993-12-06,5.75,5.8125,5.6875,5.71875,5326000
1993-12-07,5.78125,5.8125,5.71875,5.75,3402800
1993-12-08,5.875,5.875,5.78125,5.78125,3450000
1993-12-09,5.875,5.96875,5.84375,5.875,2900400
1993-12-10,6.0,6.0,5.90625,5.9375,4125600
1993-12-13,5.84375,5.96875,5.84375,5.96875,1283200
1993-12-14,5.90625,5.9375,5.8125,5.9375,1976000
1993-12-15,5.78125,5.875,5.78125,5.84375,2101600
1993-12-16,6.0,6.0,5.84375,5.84375,2781200
1993-12-17,6.1875,6.21875,6.03125,6.0625,4271200
1993-12-20,6.15625,6.21875,6.0625,6.09375,1761200
1993-12-21,6.15625,6.1875,6.03125,6.15625,1659600
1993-12-22,6.125,6.15625,6.0,6.125,1764400
1993-12-23,6.1875,6.28125,6.09375,6.09375,1823600
1993-12-27,6.25,6.375,6.15625,6.21875,1376400
1993-12-28,6.3125,6.3125,6.21875,6.21875,1222400
1993-12-29,6.15625,6.3125,6.09375,6.28125,4198800
1993-12-30,6.25,6.25,6.125,6.125,1610800
1993-12-31,6.09375,6.1875,6.0625,6.15625,1778000
1994-01-03,5.96875,6.09375,5.9375,6.0625,2335600
1994-01-04,5.96875,6.0,5.90625,5.96875,1930400
1994-01-05,5.9375,5.96875,5.84375,5.96875,3471600
1994-01-06,5.875,5.9375,5.8125,5.9375,2846800
1994-01-07,6.0625,6.0625,5.90625,5.9375,2923600
1994-01-10,6.1875,6.21875,6.0,6.0,3095200
1994-01-11,6.25,6.25,6.09375,6.21875,3088400
1994-01-12,6.25,6.28125,6.15625,6.25,1586000
1994-01-13,6.1875,6.25,6.125,6.25,1466800
1994-01-14,6.09375,6.1875,6.0625,6.15625,2359200
1994-01-17,6.15625,6.21875,5.9375,6.09375,3674800
1994-01-18,6.03125,6.15625,6.0,6.15625,2270400
1994-01-19,6.1875,6.1875,5.90625,6.03125,5842000
1994-01-20,6.25,6.34375,6.125,6.1875,4232800
1994-01-21,6.3125,6.34375,6.1875,6.34375,3771200
1994-01-24,6.28125,6.3125,6.25,6.3125,2648800
1994-01-25,6.40625,6.4375,6.25,6.28125,3278800
1994-01-26,6.46875,6.46875,6.34375,6.40625,1329200
1994-01-27,6.5625,6.59375,6.40625,6.46875,2272800
1994-01-28,6.4375,6.65625,6.375,6.59375,4457200
1994-01-31,6.59375,6.625,6.46875,6.46875,2989200
1994-02-01,6.65625,6.6875,6.5,6.5625,4982000
1994-02-02,6.84375,6.84375,6.65625,6.65625,3910000
1994-02-03,6.59375,6.78125,6.5625,6.78125,4456400
1994-02-04,6.4375,6.78125,6.40625,6.59375,5698800
1994-02-07,6.40625,6.40625,6.21875,6.34375,4386800
1994-02-08,6.25,6.40625,6.25,6.40625,1388800
1994-02-09,6.28125,6.375,6.28125,6.3125,1241600
1994-02-10,6.3125,6.375,6.28125,6.34375,1223200
1994-02-11,6.25,6.40625,6.1875,6.25,2074400
1994-02-14,6.15625,6.25,6.0625,6.25,1723200
1994-02-15,6.0625,6.1875,6.0625,6.15625,1535200
1994-02-16,6.09375,6.1875,6.03125,6.09375,2783600
1994-02-17,6.0625,6.21875,5.9375,6.125,2477200
1994-02-18,5.96875,6.15625,5.9375,6.15625,1962400
1994-02-22,6.0625,6.0625,5.96875,5.96875,2526400
1994-02-23,5.96875,6.09375,5.90625,6.0625,1958800
1994-02-24,5.84375,5.96875,5.8125,5.96875,1896400
1994-02-25,5.90625,5.96875,5.8125,5.875,2251600
1994-02-28,5.875,6.03125,5.8125,6.0,3963200
1994-03-01,5.84375,5.875,5.75,5.8125,2167600
1994-03-02,5.8125,5.90625,5.625,5.71875,3105600
1994-03-03,5.8125,5.84375,5.71875,5.75,3593600
1994-03-04,5.78125,5.90625,5.75,5.8125,2019200
1994-03-07,5.78125,5.90625,5.75,5.84375,1686000
1994-03-08,5.75,5.84375,5.6875,5.8125,2080400
1994-03-09,5.75,5.8125,5.6875,5.71875,2095600
1994-03-10,5.625,5.8125,5.5625,5.75,2340400
1994-03-11,5.71875,5.78125,5.5625,5.6875,1935200
1994-03-14,5.8125,5.84375,5.75,5.78125,2536400
1994-03-15,5.75,5.875,5.65625,5.84375,3893600
1994-03-16,5.90625,5.9375,5.75,5.78125,1670400
1994-03-17,6.03125,6.09375,5.875,5.90625,3948400
1994-03-18,6.09375,6.15625,5.96875,6.0625,4959200
1994-03-21,6.15625,6.15625,6.0,6.03125,2410000
1994-03-22,6.1875,6.25,6.125,6.125,2549200
1994-03-23,6.1875,6.25,6.1875,6.21875,1042400
1994-03-24,6.28125,6.28125,6.1875,6.21875,2502000
1994-03-25,6.0625,6.28125,6.03125,6.21875,1840800
1994-03-28,6.21875,6.21875,6.03125,6.21875,3156000
1994-03-29,6.125,6.21875,6.09375,6.1875,1488000
1994-03-30,5.96875,6.0625,5.96875,6.0,1651200
1994-03-31,5.96875,6.03125,5.84375,5.96875,2494000
1994-04-04,5.8125,5.90625,5.78125,5.875,3907200
1994-04-05,6.0,6.0,5.84375,5.90625,5457200
1994-04-06,5.9375,5.96875,5.84375,5.9375,2467600
1994-04-07,6.0625,6.0625,5.90625,6.0,2081200
1994-04-08,6.25,6.28125,6.0,6.03125,3226800
1994-04-11,6.5,6.53125,6.21875,6.28125,3461200
1994-04-12,6.46875,6.5,6.375,6.46875,2056000
1994-04-13,6.46875,6.5625,6.40625,6.5,4595200
1994-04-14,6.59375,6.59375,6.375,6.40625,2411600
1994-04-15,6.65625,6.75,6.53125,6.59375,4706400
1994-04-18,6.59375,6.71875,6.53125,6.65625,1818400
1994-04-19,6.71875,6.71875,6.5625,6.5625,2113600
1994-04-20,6.5625,6.71875,6.53125,6.6875,3102000
1994-04-21,6.59375,6.625,6.53125,6.59375,3120000
1994-04-22,6.5625,6.625,6.53125,6.59375,3777600
1994-04-25,6.4375,6.59375,6.375,6.59375,2308400
1994-04-26,6.4375,6.46875,6.34375,6.46875,2626000
1994-04-28,6.3125,6.375,6.0625,6.375,4155600
1994-04-29,6.4375,6.46875,6.1875,6.25,1662400
1994-05-02,6.3125,6.4375,6.25,6.4375,2275200
1994-05-03,6.40625,6.46875,6.3125,6.375,3002000
1994-05-04,6.4375,6.4375,6.3125,6.375,2383200
1994-05-05,6.40625,6.4375,6.34375,6.40625,1666400
1994-05-06,6.21875,6.3125,6.21875,6.28125,2352400
1994-05-09,6.3125,6.40625,6.21875,6.21875,2288400
1994-05-10,6.40625,6.46875,6.28125,6.28125,1760400
1994-05-11,6.34375,6.4375,6.3125,6.375,2206000
1994-05-12,6.375,6.40625,6.28125,6.34375,1993600
1994-05-13,6.4375,6.5,6.375,6.46875,1710800
1994-05-16,6.40625,6.46875,6.375,6.375,1946800
1994-05-17,6.375,6.40625,6.25,6.40625,6139200
1994-05-18,6.40625,6.46875,6.375,6.4375,4482000
1994-05-19,6.53125,6.59375,6.40625,6.46875,1795600
1994-05-20,6.5,6.59375,6.46875,6.46875,2014800
1994-05-23,6.28125,6.53125,6.25,6.53125,2302400
1994-05-24,6.53125,6.5625,6.375,6.375,2977600
1994-05-25,6.59375,6.65625,6.5,6.53125,2942000
1994-05-26,6.6875,6.78125,6.5625,6.59375,3669600
1994-05-27,6.71875,6.75,6.625,6.71875,2012400
1994-05-31,6.6875,6.75,6.65625,6.6875,1582000
1994-06-01,6.75,6.75,6.625,6.6875,1904400
1994-06-02,6.78125,6.8125,6.625,6.75,1613200
1994-06-03,6.8125,6.8125,6.65625,6.75,1507200
1994-06-06,6.875,6.90625,6.8125,6.8125,1784800
1994-06-07,6.90625,6.9375,6.78125,6.8125,1668800
1994-06-08,6.90625,6.96875,6.84375,6.9375,1403600
1994-06-09,6.875,6.90625,6.84375,6.90625,2420400
1994-06-10,6.875,6.9375,6.84375,6.875,1341200
1994-06-13,6.96875,6.96875,6.75,6.875,1562800
1994-06-14,7.0,7.0625,6.9375,6.96875,2472800
1994-06-15,6.90625,7.03125,6.875,7.03125,1563600
1994-06-16,6.90625,6.9375,6.78125,6.90625,1493200
1994-06-17,6.9375,6.96875,6.78125,6.96875,4279600
1994-06-20,6.8125,6.84375,6.78125,6.84375,1680400
1994-06-21,6.6875,6.78125,6.65625,6.78125,1435600
1994-06-22,6.75,6.8125,6.6875,6.71875,1445200
1994-06-23,6.71875,6.78125,6.65625,6.78125,876400
1994-06-24,6.59375,6.6875,6.5,6.6875,1528800
1994-06-27,6.6875,6.6875,6.4375,6.53125,1586400
1994-06-28,6.625,6.71875,6.5625,6.71875,1210000
1994-06-29,6.78125,6.78125,6.625,6.65625,1872000
1994-06-30,6.53125,6.875,6.5,6.84375,2634400
1994-07-01,6.75,6.75,6.5,6.5625,2583600
1994-07-05,6.6875,6.8125,6.6875,6.71875,1084800
1994-07-06,6.59375,6.625,6.5,6.625,1849200
1994-07-07,6.5625,6.65625,6.5625,6.65625,1166400
1994-07-08,6.5,6.5625,6.46875,6.5,2985200
1994-07-11,6.46875,6.53125,6.375,6.53125,1039200
1994-07-12,6.375,6.46875,6.34375,6.46875,1429600
1994-07-13,6.34375,6.40625,6.34375,6.40625,990000
1994-07-14,6.5,6.53125,6.40625,6.40625,2138400
1994-07-15,6.5,6.53125,6.4375,6.46875,1401200
1994-07-18,6.53125,6.625,6.5,6.625,3442800
1994-07-19,6.40625,6.5,6.40625,6.5,1569200
1994-07-20,6.40625,6.4375,6.34375,6.4375,1791200
1994-07-21,6.40625,6.40625,6.25,6.34375,2197200
1994-07-22,6.375,6.46875,6.375,6.46875,1678400
1994-07-25,6.375,6.4375,6.34375,6.375,437600
1994-07-26,6.375,6.40625,6.3125,6.375,868000
1994-07-27,6.4375,6.46875,6.34375,6.4375,949200
1994-07-28,6.4375,6.46875,6.375,6.375,887200
1994-07-29,6.53125,6.5625,6.4375,6.46875,1871200
1994-08-01,6.46875,6.5625,6.40625,6.5,1738000
1994-08-02,6.4375,6.5625,6.4375,6.5,2316800
1994-08-03,6.46875,6.46875,6.34375,6.4375,1665200
1994-08-04,6.5625,6.5625,6.4375,6.46875,1427600
1994-08-05,6.53125,6.53125,6.4375,6.5,1186800
1994-08-08,6.5625,6.59375,6.53125,6.59375,1128800
1994-08-09,6.625,6.625,6.5625,6.59375,1054800
1994-08-10,6.5625,6.625,6.5625,6.625,1476000
1994-08-11,6.5625,6.5625,6.4375,6.53125,1784400
1994-08-12,6.625,6.65625,6.59375,6.625,1019600
1994-08-15,6.5625,6.65625,6.5625,6.625,1088800
1994-08-16,6.71875,6.71875,6.5625,6.625,2329600
1994-08-17,6.6875,6.71875,6.59375,6.59375,1665200
1994-08-18,6.59375,6.65625,6.53125,6.625,1174800
1994-08-19,6.5625,6.625,6.5625,6.625,2120400
1994-08-22,6.46875,6.5625,6.4375,6.5,1401600
1994-08-23,6.65625,6.65625,6.46875,6.46875,2258400
1994-08-24,6.6875,6.6875,6.59375,6.625,2565600
1994-08-25,6.71875,6.75,6.6875,6.6875,1675600
1994-08-26,6.78125,6.8125,6.71875,6.75,1618000
1994-08-29,6.78125,6.875,6.78125,6.8125,1413600
1994-08-30,6.71875,6.8125,6.65625,6.8125,1544000
1994-08-31,6.65625,6.6875,6.625,6.65625,1866400
1994-09-01,6.625,6.65625,6.53125,6.59375,2580000
1994-09-02,6.5625,6.6875,6.5625,6.65625,1578800
1994-09-06,6.53125,6.5625,6.46875,6.5625,1241600
1994-09-07,6.59375,6.59375,6.4375,6.5,1312000
1994-09-08,6.5625,6.6875,6.46875,6.53125,1637200
1994-09-09,6.5,6.53125,6.34375,6.375,1421600
1994-09-12,6.53125,6.53125,6.4375,6.5,1794400
1994-09-13,6.625,6.71875,6.59375,6.65625,3504000
1994-09-14,6.59375,6.59375,6.53125,6.59375,2454000
1994-09-15,6.59375,6.59375,6.5,6.53125,1869600
1994-09-16,6.53125,6.59375,6.5,6.59375,3688800
1994-09-19,6.46875,6.5625,6.40625,6.5625,1730800
1994-09-20,6.34375,6.40625,6.34375,6.40625,2257600
1994-09-21,6.34375,6.40625,6.3125,6.34375,2890400
1994-09-22,6.375,6.4375,6.34375,6.40625,1931600
1994-09-23,6.34375,6.40625,6.34375,6.375,2490000
1994-09-26,6.40625,6.40625,6.34375,6.34375,1326000
1994-09-27,6.28125,6.40625,6.25,6.34375,5514400
1994-09-28,6.3125,6.3125,6.28125,6.28125,1807600
1994-09-29,6.25,6.3125,6.1875,6.28125,1827600
1994-09-30,6.1875,6.25,6.1875,6.25,1278800
1994-10-03,6.0625,6.21875,6.03125,6.1875,2841200
1994-10-04,5.9375,6.0625,5.90625,6.0625,3568800
1994-10-05,6.0625,6.09375,5.9375,5.96875,5152800
1994-10-06,6.03125,6.0625,6.0,6.03125,1888400
1994-10-07,6.03125,6.15625,6.0,6.03125,3869600
1994-10-10,5.96875,6.0625,5.9375,6.03125,2311600
1994-10-11,5.90625,6.09375,5.90625,6.03125,4223200
1994-10-12,6.09375,6.09375,5.9375,5.96875,1683200
1994-10-13,6.125,6.15625,6.09375,6.125,1356400
1994-10-14,6.1875,6.1875,6.0625,6.09375,999600
1994-10-17,6.21875,6.25,6.15625,6.15625,1162800
1994-10-18,6.21875,6.25,6.1875,6.1875,2948400
1994-10-19,6.21875,6.25,6.09375,6.125,4670000
1994-10-20,6.15625,6.21875,6.125,6.1875,2802800
1994-10-21,6.0625,6.125,6.03125,6.125,4618800
1994-10-24,6.0,6.15625,6.0,6.0625,2009600
1994-10-25,6.0,6.03125,5.9375,5.96875,1428800
1994-10-26,5.90625,6.0625,5.90625,6.03125,3563200
1994-10-27,6.09375,6.09375,5.9375,5.9375,2550800
1994-10-28,6.25,6.25,6.09375,6.125,2429200
1994-10-31,6.125,6.25,6.125,6.21875,1284800
1994-11-01,6.1875,6.21875,6.109375,6.15625,1802800
1994-11-02,6.09375,6.1875,6.0625,6.125,3588000
1994-11-03,6.03125,6.09375,6.0,6.03125,1642400
1994-11-04,5.875,6.09375,5.875,6.09375,947200
1994-11-07,5.875,5.90625,5.8125,5.90625,1580800
1994-11-08,6.0625,6.125,5.84375,5.875,2476400
1994-11-09,6.0,6.125,5.875,6.09375,1314800
1994-11-10,5.875,6.0,5.84375,6.0,1091200
1994-11-11,5.8125,5.875,5.71875,5.84375,2167600
1994-11-14,5.8125,5.9375,5.75,5.84375,3805600
1994-11-15,5.75,5.84375,5.65625,5.8125,2326800
1994-11-16,5.6875,5.875,5.65625,5.78125,1161200
1994-11-17,5.75,5.78125,5.65625,5.75,3400800
1994-11-18,5.625,5.75,5.59375,5.75,2895600
1994-11-21,5.59375,5.6875,5.59375,5.6875,1509600
1994-11-22,5.4375,5.65625,5.4375,5.625,3322800
1994-11-23,5.78125,5.78125,5.28125,5.375,4909200
1994-11-25,5.8125,5.84375,5.75,5.78125,473200
1994-11-28,5.59375,5.8125,5.53125,5.8125,1741600
1994-11-29,5.6875,5.71875,5.5625,5.625,1598000
1994-11-30,5.4375,5.6875,5.40625,5.6875,4218400
1994-12-01,5.28125,5.46875,5.25,5.40625,4191600
1994-12-02,5.5,5.5,5.25,5.28125,6084400
1994-12-05,5.5625,5.59375,5.46875,5.5,2496000
1994-12-06,5.5625,5.59375,5.5,5.5625,2062000
1994-12-07,5.625,5.65625,5.5,5.5,2602800
1994-12-08,5.53125,5.625,5.4375,5.5625,2681600
1994-12-09,5.59375,5.59375,5.4375,5.5,1684800
1994-12-12,5.625,5.625,5.46875,5.5625,1914800
1994-12-13,5.625,5.75,5.59375,5.59375,3678800
1994-12-14,5.78125,5.84375,5.59375,5.625,3049200
1994-12-15,5.8125,5.90625,5.78125,5.78125,3000800
1994-12-16,5.8125,5.9375,5.8125,5.90625,4442400
1994-12-19,5.875,5.90625,5.78125,5.78125,972800
1994-12-20,5.8125,5.90625,5.8125,5.875,1774800
1994-12-21,5.6875,5.9375,5.6875,5.84375,1762000
1994-12-22,5.65625,5.71875,5.53125,5.6875,2298800
1994-12-23,5.71875,5.8125,5.65625,5.65625,1391600
1994-12-27,5.75,5.78125,5.625,5.75,872400
1994-12-28,5.84375,5.875,5.71875,5.71875,1168000
1994-12-29,5.75,5.84375,5.75,5.8125,1762800
1994-12-30,5.84375,5.875,5.71875,5.75,1915600
1995-01-03,5.8125,5.8125,5.71875,5.75,1245200
1995-01-04,5.71875,5.84375,5.6875,5.78125,1427200
1995-01-05,5.78125,5.84375,5.71875,5.78125,3066800
1995-01-06,5.8125,5.875,5.75,5.75,1538400
1995-01-09,5.71875,5.78125,5.71875,5.78125,810000
1995-01-10,5.71875,5.78125,5.6875,5.71875,1624000
1995-01-11,5.71875,5.78125,5.65625,5.75,1147600
1995-01-12,5.75,5.8125,5.6875,5.71875,792800
1995-01-13,5.875,5.90625,5.71875,5.8125,2256800
1995-01-16,6.03125,6.0625,5.8125,5.8125,3164400
1995-01-17,5.96875,6.03125,5.9375,6.0,1868400
1995-01-18,5.9375,6.0,5.90625,5.96875,1102400
1995-01-19,5.90625,5.96875,5.875,5.9375,1175600
1995-01-20,5.875,5.9375,5.875,5.90625,1613200
1995-01-23,6.03125,6.09375,5.8125,5.8125,2058800
1995-01-24,6.0,6.09375,5.96875,6.0,2172000
1995-01-25,6.0625,6.09375,6.0,6.03125,3462400
1995-01-26,6.0625,6.0625,6.03125,6.03125,1512400
1995-01-27,6.09375,6.125,6.0625,6.09375,3312800
1995-01-30,6.0625,6.0625,5.96875,6.03125,725200
1995-01-31,6.0,6.0625,5.96875,6.03125,1300400
1995-02-01,5.875,6.03125,5.875,6.0,2906400
1995-02-02,5.96875,5.96875,5.84375,5.875,2109200
1995-02-03,6.1875,6.21875,6.03125,6.03125,4176400
1995-02-06,6.21875,6.21875,6.125,6.15625,2689600
1995-02-07,6.1875,6.21875,6.125,6.21875,1348000
1995-02-08,6.125,6.1875,6.09375,6.15625,905600
1995-02-09,6.09375,6.15625,6.0,6.125,1358000
1995-02-10,6.0625,6.125,5.96875,6.125,1068000
1995-02-13,6.09375,6.125,6.03125,6.0625,1050400
1995-02-14,6.03125,6.125,5.96875,6.125,1842800
1995-02-15,6.09375,6.15625,5.96875,6.0625,1548400
1995-02-16,6.21875,6.25,6.125,6.15625,2546400
1995-02-17,6.25,6.25,6.15625,6.1875,1956400
1995-02-21,6.125,6.28125,6.09375,6.21875,919600
1995-02-22,6.1875,6.25,6.125,6.125,935200
1995-02-23,6.25,6.34375,6.21875,6.3125,1400400
1995-02-24,6.3125,6.3125,6.21875,6.28125,1067200
1995-02-27,6.25,6.34375,6.25,6.28125,944400
1995-02-28,6.4375,6.4375,6.28125,6.3125,2440800
1995-03-01,6.5,6.53125,6.375,6.4375,3861200
1995-03-02,6.5,6.5625,6.4375,6.46875,1419600
1995-03-03,6.40625,6.46875,6.34375,6.46875,1475600
1995-03-06,6.4375,6.4375,6.28125,6.40625,1619200
1995-03-07,6.34375,6.4375,6.28125,6.4375,1780000
1995-03-08,6.28125,6.34375,6.25,6.34375,1633600
1995-03-09,6.3125,6.34375,6.25,6.25,1659200
1995-03-10,6.5,6.5,6.3125,6.34375,1861600
1995-03-13,6.40625,6.5,6.34375,6.5,851200
1995-03-14,6.40625,6.46875,6.3125,6.40625,1409200
1995-03-15,6.25,6.40625,6.21875,6.40625,3789200
1995-03-16,6.375,6.375,6.21875,6.28125,3996800
1995-03-17,6.28125,6.40625,6.28125,6.40625,2259200
1995-03-20,6.25,6.3125,6.21875,6.28125,1912800
1995-03-21,6.25,6.3125,6.21875,6.25,1077200
1995-03-22,6.25,6.28125,6.1875,6.25,736400
1995-03-23,6.15625,6.265625,6.09375,6.21875,2148400
1995-03-24,6.21875,6.28125,6.125,6.1875,3902800
1995-03-27,6.25,6.28125,6.21875,6.25,1180000
1995-03-28,6.25,6.25,6.21875,6.25,1489600
1995-03-29,6.375,6.4375,6.25,6.25,2458800
1995-03-30,6.34375,6.46875,6.3125,6.46875,1284000
1995-03-31,6.34375,6.375,6.28125,6.34375,1470800
1995-04-03,6.375,6.46875,6.3125,6.34375,1472000
1995-04-04,6.4375,6.46875,6.40625,6.40625,1240400
1995-04-05,6.5,6.53125,6.40625,6.4375,1670000
1995-04-06,6.625,6.625,6.5,6.53125,2180400
1995-04-07,6.6875,6.6875,6.5625,6.625,2114800
1995-04-10,6.59375,6.65625,6.5,6.625,1503200
1995-04-11,6.5,6.625,6.46875,6.59375,1040400
1995-04-12,6.5625,6.59375,6.46875,6.5625,1764400
1995-04-13,6.59375,6.625,6.5625,6.625,1058800
1995-04-17,6.46875,6.59375,6.4375,6.59375,1678800
1995-04-18,6.5,6.53125,6.40625,6.5,1246800
1995-04-19,6.4375,6.53125,6.40625,6.5,1474400
1995-04-20,6.46875,6.5,6.375,6.4375,1175600
1995-04-21,6.40625,6.5,6.375,6.5,2546800
1995-04-24,6.5,6.59375,6.34375,6.375,1843200
1995-04-25,6.5,6.5625,6.375,6.46875,2295200
1995-04-26,6.53125,6.53125,6.46875,6.5,932800
1995-04-27,6.71875,6.71875,6.46875,6.46875,2550400
1995-04-28,6.625,6.6875,6.59375,6.65625,1534000
1995-05-01,6.4375,6.625,6.40625,6.59375,1302800
1995-05-02,6.5,6.5,6.40625,6.40625,2711600
1995-05-03,6.625,6.65625,6.46875,6.5,7277600
1995-05-04,6.78125,6.84375,6.59375,6.6875,3200800
1995-05-05,6.75,6.8125,6.71875,6.71875,1808000
1995-05-08,6.84375,6.84375,6.71875,6.78125,1281600
1995-05-09,6.9375,6.9375,6.71875,6.84375,2863200
1995-05-10,7.0625,7.0625,6.90625,6.9375,7755200
1995-05-11,6.9375,7.0625,6.90625,7.03125,2430800
1995-05-12,7.0625,7.09375,6.90625,6.9375,3072800
1995-05-15,7.03125,7.0625,7.03125,7.0625,1381600
1995-05-16,6.90625,7.09375,6.84375,7.09375,5905600
1995-05-17,6.9375,6.9375,6.875,6.90625,2736000
1995-05-18,6.8125,6.90625,6.78125,6.90625,1754800
1995-05-19,6.75,6.84375,6.625,6.625,3319600
1995-05-22,6.8125,6.84375,6.75,6.78125,1439200
1995-05-23,7.0625,7.0625,6.78125,6.8125,2922400
1995-05-24,7.0,7.0625,6.9375,7.0625,2647600
1995-05-25,6.90625,7.0,6.84375,6.96875,1416800
1995-05-26,6.9375,6.96875,6.875,6.90625,904400
1995-05-30,7.03125,7.03125,6.9375,6.9375,888000
1995-05-31,7.09375,7.09375,7.0,7.03125,1839200
1995-06-01,7.125,7.125,6.96875,7.03125,2478800
1995-06-02,7.21875,7.28125,6.96875,7.0625,3540400
1995-06-05,7.21875,7.25,7.1875,7.25,2265200
1995-06-06,7.15625,7.21875,7.125,7.21875,2323600
1995-06-07,7.125,7.1875,7.09375,7.125,3180800
1995-06-08,7.09375,7.15625,7.0625,7.125,2058800
1995-06-09,7.125,7.125,6.84375,7.0625,4322000
1995-06-12,7.03125,7.0625,6.96875,7.0625,2172800
1995-06-13,7.125,7.15625,7.03125,7.0625,2433600
1995-06-14,7.09375,7.125,7.0,7.09375,1540000
1995-06-15,7.125,7.125,7.03125,7.09375,2098800
1995-06-16,7.09375,7.125,7.03125,7.125,3182400
1995-06-19,7.125,7.15625,7.09375,7.125,1505200
1995-06-20,7.21875,7.21875,7.0625,7.15625,3244800
1995-06-21,7.15625,7.25,7.125,7.21875,1968000
1995-06-22,7.1875,7.21875,7.15625,7.1875,1984400
1995-06-23,7.28125,7.28125,7.1875,7.1875,2714800
1995-06-26,7.28125,7.34375,7.21875,7.25,1976000
1995-06-27,7.21875,7.28125,7.21875,7.25,1969200
1995-06-28,7.28125,7.3125,7.21875,7.25,2432000
1995-06-29,7.25,7.28125,7.21875,7.28125,2424400
1995-06-30,7.1875,7.34375,7.15625,7.28125,3081200
1995-07-03,7.1875,7.21875,7.125,7.1875,556800
1995-07-05,7.15625,7.21875,7.125,7.1875,1879200
1995-07-06,7.21875,7.21875,7.0625,7.1875,1638800
1995-07-07,7.34375,7.375,7.25,7.25,3628800
1995-07-10,7.375,7.40625,7.25,7.3125,1387200
1995-07-11,7.3125,7.40625,7.21875,7.375,2655200
1995-07-12,7.3125,7.3125,7.15625,7.28125,5097600
1995-07-13,7.375,7.375,7.25,7.28125,1801200
1995-07-14,7.25,7.40625,7.21875,7.34375,2073600
1995-07-17,7.1875,7.21875,7.125,7.21875,1079200
1995-07-18,7.15625,7.1875,6.96875,7.09375,1468000
1995-07-19,7.0,7.25,6.875,7.125,3026000
1995-07-20,7.0,7.03125,6.8125,7.0,5012800
1995-07-21,7.125,7.21875,7.0,7.0,2178400
1995-07-24,7.0625,7.15625,7.0625,7.15625,2103600
1995-07-25,7.125,7.15625,7.0625,7.0625,2436800
1995-07-26,7.125,7.21875,7.125,7.125,1804800
1995-07-27,7.15625,7.21875,7.09375,7.1875,1757200
1995-07-28,7.0625,7.1875,7.03125,7.1875,1447200
1995-07-31,7.0625,7.0625,6.9375,7.0,2988400
1995-08-01,7.0,7.0625,6.9375,7.03125,2901600
1995-08-02,6.84375,7.03125,6.78125,7.0,5398400
1995-08-03,6.8125,6.8125,6.71875,6.75,3437200
1995-08-04,6.875,6.9375,6.8125,6.875,2524400
1995-08-07,6.96875,6.96875,6.90625,6.9375,1723200
1995-08-08,7.0,7.03125,6.9375,6.96875,5283200
1995-08-09,7.0,7.0625,7.0,7.0,1649200
1995-08-10,7.03125,7.09375,6.9375,6.96875,2587200
1995-08-11,6.96875,7.09375,6.9375,7.0625,2764400
1995-08-14,7.03125,7.03125,6.90625,6.96875,2394800
1995-08-15,7.03125,7.125,6.9375,6.96875,1474000
1995-08-16,7.0625,7.0625,6.9375,7.0,5104800
1995-08-17,7.03125,7.125,7.03125,7.0625,2207600
1995-08-18,7.03125,7.15625,7.03125,7.09375,3098000
1995-08-21,7.125,7.21875,7.09375,7.09375,3254000
1995-08-22,7.28125,7.34375,7.125,7.15625,2146000
1995-08-23,7.1875,7.28125,7.1875,7.28125,1874400
1995-08-24,7.28125,7.28125,7.1875,7.21875,990400
1995-08-25,7.375,7.375,7.28125,7.28125,1421200
1995-08-28,7.625,7.625,7.4375,7.4375,4138400
1995-08-29,7.46875,7.6875,7.4375,7.6875,3883200
1995-08-30,7.53125,7.53125,7.4375,7.46875,2377600
1995-08-31,7.53125,7.5625,7.46875,7.5,1567200
1995-09-01,7.59375,7.59375,7.53125,7.53125,1134800
1995-09-05,7.625,7.6875,7.46875,7.59375,1743600
1995-09-06,7.6875,7.75,7.625,7.625,5037600
1995-09-07,7.65625,7.71875,7.5625,7.6875,3151600
1995-09-08,7.71875,7.75,7.65625,7.71875,1974000
1995-09-11,7.6875,7.6875,7.609375,7.65625,2381200
1995-09-12,7.75,7.78125,7.65625,7.6875,3044800
1995-09-13,7.625,7.78125,7.625,7.75,2403200
1995-09-14,7.78125,7.78125,7.6875,7.71875,2962400
1995-09-15,7.875,7.875,7.78125,7.84375,3611200
1995-09-18,7.78125,7.8125,7.65625,7.8125,3170800
1995-09-19,7.78125,7.78125,7.6875,7.75,1615200
1995-09-20,7.8125,7.84375,7.78125,7.84375,2413600
1995-09-21,7.78125,7.84375,7.71875,7.84375,1443600
1995-09-22,7.78125,7.78125,7.6875,7.75,1817600
1995-09-25,7.9375,7.96875,7.75,7.8125,2945600
1995-09-26,7.96875,7.96875,7.875,7.96875,2609200
1995-09-27,7.9375,7.96875,7.84375,7.9375,2236400
1995-09-28,8.09375,8.125,7.9375,7.96875,3604400
1995-09-29,8.125,8.1875,8.0,8.09375,2148800
1995-10-02,8.03125,8.21875,8.0,8.1875,2421600
1995-10-03,8.09375,8.09375,7.96875,8.03125,1762000
1995-10-04,8.125,8.21875,8.03125,8.09375,1755600
1995-10-05,8.1875,8.21875,8.125,8.15625,2054000
1995-10-06,8.15625,8.21875,8.125,8.15625,3537600
1995-10-09,8.0625,8.125,8.03125,8.09375,1450400
1995-10-10,8.0625,8.09375,7.90625,8.0625,1892000
1995-10-11,8.0,8.0625,7.96875,8.0625,2129200
1995-10-12,8.1875,8.1875,8.03125,8.03125,1548000
1995-10-13,8.15625,8.25,8.15625,8.21875,1957600
1995-10-16,8.375,8.4375,8.03125,8.1875,2936400
1995-10-17,8.46875,8.53125,8.375,8.375,3447600
1995-10-18,8.40625,8.5625,8.34375,8.5,3322800
1995-10-19,8.09375,8.40625,7.96875,8.40625,3800000
1995-10-20,8.0,8.0,7.90625,8.0,3188000
1995-10-23,8.0,8.0,7.875,8.0,2730000
1995-10-24,7.71875,8.0,7.59375,8.0,3206800
1995-10-25,7.53125,7.59375,7.34375,7.5625,8158800
1995-10-26,7.59375,7.625,7.3125,7.625,4362400
1995-10-27,7.53125,7.6875,7.375,7.5625,4158800
1995-10-30,7.5,7.5625,7.4375,7.53125,5105600
1995-10-31,7.375,7.5625,7.375,7.5,4356400
1995-11-01,7.46875,7.5,7.3125,7.34375,3055200
1995-11-02,7.71875,7.75,7.5,7.5,4592000
1995-11-03,7.71875,7.78125,7.625,7.71875,4119600
1995-11-06,8.0,8.0625,7.8125,7.8125,3543200
1995-11-07,8.03125,8.03125,7.875,8.0,2189600
1995-11-08,8.03125,8.0625,7.96875,8.03125,1618800
1995-11-09,8.125,8.15625,8.03125,8.03125,2030800
1995-11-10,8.125,8.15625,7.96875,8.0625,1189600
1995-11-13,7.96875,8.125,7.875,8.09375,1594800
1995-11-14,7.9375,8.0,7.90625,7.96875,987200
1995-11-15,7.90625,7.90625,7.8125,7.90625,2120800
1995-11-16,7.96875,8.0625,7.890625,7.96875,1821200
1995-11-17,7.96875,8.0,7.90625,7.96875,2420400
1995-11-20,7.9375,8.0,7.875,7.96875,1626000
1995-11-21,7.96875,8.0,7.90625,7.90625,3914400
1995-11-22,7.8125,7.96875,7.8125,7.96875,5802000
1995-11-24,7.96875,8.0,7.875,7.875,4503200
1995-11-27,8.0,8.0625,7.90625,7.96875,3887600
1995-11-28,8.15625,8.15625,7.96875,8.0,2207200
1995-11-29,8.0,8.15625,7.9375,8.15625,3322000
1995-11-30,8.25,8.25,8.03125,8.0625,5875600
1995-12-01,8.25,8.3125,8.15625,8.25,3267600
1995-12-04,8.46875,8.53125,8.28125,8.3125,3938000
1995-12-05,8.53125,8.5625,8.46875,8.5,2359200
1995-12-06,8.65625,8.6875,8.5,8.5625,2794400
1995-12-07,8.5,8.5625,8.4375,8.5625,2420000
1995-12-08,8.5,8.5,8.375,8.5,2931200
1995-12-11,8.28125,8.5,8.28125,8.5,2256400
1995-12-12,8.3125,8.3125,8.25,8.25,1521200
1995-12-13,8.4375,8.46875,8.3125,8.3125,1596400
1995-12-14,8.46875,8.5,8.4375,8.46875,2493600
1995-12-15,8.40625,8.46875,8.28125,8.46875,5548000
1995-12-18,8.28125,8.34375,8.125,8.25,3315200
1995-12-19,8.53125,8.5625,8.28125,8.28125,4286400
1995-12-20,8.3125,8.625,8.21875,8.5625,3243600
1995-12-21,8.3125,8.4375,8.1875,8.34375,2231200
1995-12-22,8.34375,8.4375,8.3125,8.3125,1145600
1995-12-26,8.375,8.40625,8.34375,8.375,1353200
1995-12-27,8.34375,8.375,8.28125,8.375,1599200
1995-12-28,8.34375,8.4375,8.3125,8.34375,1565200
1995-12-29,8.25,8.3125,8.1875,8.3125,2766400
1996-01-02,8.21875,8.28125,8.09375,8.28125,3491200
1996-01-03,8.25,8.28125,8.1875,8.21875,2568000
1996-01-04,8.125,8.28125,8.09375,8.25,2606400
1996-01-05,8.21875,8.21875,8.0625,8.0625,3019200
1996-01-08,8.21875,8.25,8.09375,8.21875,1520800
1996-01-09,8.195313453674316,8.25,8.09375,8.21875,3386000
1996-01-10,7.75,8.03125,7.625,8.0,4187200
1996-01-11,7.96875,7.96875,7.65625,7.75,2956000
1996-01-12,8.03125,8.03125,7.75,7.96875,2808000
1996-01-15,7.84375,7.9375,7.78125,7.9375,1744800
1996-01-16,8.03125,8.09375,7.75,7.90625,3180800
1996-01-17,8.0625,8.0625,7.90625,8.0,3096800
1996-01-18,7.875,8.15625,7.8125,8.125,2420000
1996-01-19,8.0,8.03125,7.71875,7.71875,3157600
1996-01-22,8.125,8.15625,7.96875,8.0625,2194400
1996-01-23,8.09375,8.125,8.0,8.0625,1824800
1996-01-24,8.125,8.15625,8.0625,8.15625,2429200
1996-01-25,8.0625,8.09375,8.0,8.09375,2518400
1996-01-26,8.09375,8.125,8.0,8.0,1676000
1996-01-29,8.125,8.1875,8.0,8.0625,2314800
1996-01-30,8.5,8.53125,8.15625,8.1875,4110400
1996-01-31,8.59375,8.59375,8.4375,8.4375,5780400
1996-02-01,8.46875,8.59375,8.46875,8.59375,2090400
1996-02-02,8.34375,8.53125,8.34375,8.5,1706400
1996-02-05,8.34375,8.34375,8.21875,8.25,1996800
1996-02-06,8.53125,8.5625,8.21875,8.34375,2320800
1996-02-07,8.6875,8.71875,8.5,8.5,3620400
1996-02-08,9.0625,9.21875,8.6875,8.71875,4556800
1996-02-09,9.0,9.09375,8.84375,9.0,2788400
1996-02-12,9.0625,9.09375,8.96875,9.0,1884400
1996-02-13,9.09375,9.1875,9.0,9.0625,2458400
1996-02-14,9.03125,9.125,9.0,9.03125,1299600
1996-02-15,8.9375,8.96875,8.8125,8.8125,1812800
1996-02-16,8.875,8.9375,8.84375,8.9375,3260400
1996-02-20,8.75,8.84375,8.71875,8.75,2527600
1996-02-21,8.875,8.875,8.75,8.8125,2294000
1996-02-22,9.125,9.15625,8.90625,8.90625,3387600
1996-02-23,9.125,9.125,8.96875,9.0625,4350000
1996-02-26,9.09375,9.1875,9.0625,9.125,2379600
1996-02-27,9.0625,9.09375,8.96875,9.0625,3072000
1996-02-28,9.09375,9.25,9.0625,9.125,2317200
1996-02-29,9.125,9.1875,9.03125,9.0625,3281600
1996-03-01,9.15625,9.1875,8.9375,9.15625,2676000
1996-03-04,9.21875,9.21875,9.0625,9.15625,2173600
1996-03-05,9.25,9.25,9.15625,9.15625,2276000
1996-03-06,9.15625,9.25,9.15625,9.25,2191200
1996-03-07,8.96875,9.15625,8.90625,9.125,2300800
1996-03-08,8.625,8.84375,8.5625,8.625,4429200
1996-03-11,8.53125,8.53125,8.28125,8.4375,6292400
1996-03-12,8.53125,8.59375,8.28125,8.40625,4754400
1996-03-13,8.4375,8.5625,8.40625,8.5625,3094000
1996-03-14,8.5625,8.65625,8.46875,8.46875,2102400
1996-03-15,8.6875,8.75,8.53125,8.59375,3826800
1996-03-18,8.9375,8.96875,8.78125,8.84375,2648800
1996-03-19,8.96875,9.1875,8.9375,9.125,2654400
1996-03-20,8.8125,9.0625,8.8125,9.03125,3526400
1996-03-21,8.6875,8.84375,8.5625,8.84375,3530400
1996-03-22,8.8125,8.8125,8.625,8.78125,3434800
1996-03-25,9.0625,9.09375,8.90625,8.90625,1579200
1996-03-26,9.09375,9.09375,9.0,9.0,1724800
1996-03-27,9.09375,9.1875,9.0625,9.09375,2778000
1996-03-28,9.21875,9.21875,9.03125,9.0625,3078400
1996-03-29,9.1875,9.28125,9.15625,9.21875,2921200
1996-04-01,9.34375,9.34375,9.21875,9.21875,2864000
1996-04-02,9.375,9.375,9.25,9.34375,2409200
1996-04-03,9.25,9.34375,9.15625,9.34375,3298800
1996-04-04,9.25,9.34375,9.21875,9.21875,2645200
1996-04-08,8.96875,9.0,8.8125,8.8125,3154000
1996-04-09,9.0625,9.15625,9.0,9.0,3989600
1996-04-10,8.90625,9.03125,8.875,9.0,2352000
1996-04-11,8.75,8.90625,8.59375,8.90625,4192400
1996-04-12,9.0,9.03125,8.75,8.78125,3676000
1996-04-15,9.1875,9.21875,9.03125,9.125,2217200
1996-04-16,9.09375,9.15625,9.0625,9.15625,2728400
1996-04-17,9.0,9.0625,8.90625,9.0625,1820800
1996-04-18,9.0,9.0,8.875,8.96875,2800800
1996-04-19,9.125,9.125,8.96875,9.0625,4150000
1996-04-22,9.15625,9.28125,9.15625,9.1875,2260400
1996-04-23,9.15625,9.1875,9.0625,9.125,1775200
1996-04-24,9.09375,9.1875,9.0625,9.15625,1190800
1996-04-25,9.0,9.0625,8.8125,9.0,1980400
1996-04-26,9.09375,9.125,9.03125,9.03125,2379200
1996-04-29,9.09375,9.125,8.9375,8.9375,1309600
1996-04-30,9.03125,9.09375,8.9375,9.0,1592800
1996-05-01,9.03125,9.03125,8.96875,8.96875,1327200
1996-05-02,8.65625,8.9375,8.59375,8.84375,2076000
1996-05-03,8.75,8.8125,8.65625,8.6875,2834000
1996-05-06,8.625,8.65625,8.40625,8.5625,2446400
1996-05-07,8.625,8.65625,8.375,8.53125,4112000
1996-05-08,8.78125,8.8125,8.4375,8.46875,2878800
1996-05-09,8.75,8.84375,8.71875,8.75,2477200
1996-05-10,8.875,8.875,8.78125,8.875,2366000
1996-05-13,8.96875,8.96875,8.8125,8.875,1624800
1996-05-14,8.9375,9.0625,8.875,9.0,2105600
1996-05-15,8.96875,9.0625,8.875,9.0625,2087600
1996-05-16,8.9375,9.0,8.8125,8.8125,2158800
1996-05-17,9.0,9.03125,8.9375,9.03125,1660000
1996-05-20,9.0,9.09375,8.96875,9.03125,2594400
1996-05-21,9.0,9.09375,8.9375,9.0,2141600
1996-05-22,9.09375,9.125,8.96875,8.96875,2268400
1996-05-23,9.03125,9.21875,9.0,9.09375,2787200
1996-05-24,9.1875,9.21875,9.0,9.0,2214400
1996-05-28,8.96875,9.25,8.96875,9.21875,2903600
1996-05-29,8.96875,9.0625,8.90625,8.96875,2822800
1996-05-30,8.90625,9.0,8.875,8.9375,4082400
1996-05-31,8.71875,8.90625,8.6875,8.90625,2812000
1996-06-03,8.75,8.78125,8.5625,8.59375,2824400
1996-06-04,8.8125,8.9375,8.78125,8.90625,3746400
1996-06-05,8.8125,8.875,8.75,8.84375,2418000
1996-06-06,8.9375,9.0,8.875,8.90625,8765600
1996-06-07,8.75,8.75,8.5625,8.5625,1486800
1996-06-10,8.6875,8.75,8.65625,8.75,1914400
1996-06-11,8.71875,8.84375,8.65625,8.6875,2834000
1996-06-12,8.65625,8.8125,8.625,8.75,2882000
1996-06-13,8.65625,8.71875,8.5625,8.6875,2818000
1996-06-14,8.6875,8.75,8.625,8.6875,4960800
1996-06-17,8.5625,8.65625,8.5625,8.65625,2032400
1996-06-18,8.65625,8.6875,8.5,8.53125,3174400
1996-06-19,8.53125,8.78125,8.5,8.65625,3349200
1996-06-20,8.5,8.53125,8.25,8.53125,5629200
1996-06-21,8.46875,8.5625,8.375,8.5625,4662000
1996-06-24,8.5625,8.59375,8.4375,8.46875,4792000
1996-06-25,8.65625,8.65625,8.59375,8.625,2393600
1996-06-26,8.5625,8.6875,8.5,8.65625,1428800
1996-06-27,8.6875,8.6875,8.5,8.5625,1892400
1996-06-28,8.71875,8.71875,8.625,8.6875,2948400
1996-07-01,8.75,8.78125,8.65625,8.71875,2287200
1996-07-02,8.5625,8.75,8.53125,8.75,3456800
1996-07-03,8.625,8.65625,8.40625,8.53125,3676400
1996-07-05,8.34375,8.46875,8.3125,8.375,1210800
1996-07-08,8.125,8.28125,8.0625,8.21875,2139600
1996-07-09,8.34375,8.40625,8.15625,8.15625,2448400
1996-07-10,8.4375,8.46875,8.28125,8.3125,1767600
1996-07-11,8.25,8.46875,8.125,8.4375,3834400
1996-07-12,8.1875,8.34375,8.15625,8.1875,1723200
1996-07-15,8.21875,8.3125,8.15625,8.21875,1862000
1996-07-16,8.21875,8.375,8.0,8.21875,2919600
1996-07-17,8.34375,8.375,8.21875,8.3125,2048800
1996-07-18,8.5,8.625,8.375,8.375,3833200
1996-07-19,8.46875,8.5625,8.40625,8.5625,4328800
1996-07-22,8.375,8.46875,8.375,8.46875,1575200
1996-07-23,8.28125,8.40625,8.21875,8.40625,5106000
1996-07-24,8.25,8.34375,8.125,8.1875,2903200
1996-07-25,8.375,8.40625,8.25,8.25,3886800
1996-07-26,8.53125,8.53125,8.3125,8.40625,2248400
1996-07-29,8.46875,8.53125,8.4375,8.46875,1243200
1996-07-30,8.71875,8.71875,8.53125,8.53125,1950800
1996-07-31,8.875,8.875,8.65625,8.65625,2735200
1996-08-01,9.03125,9.078125,8.8125,8.8125,1779200
1996-08-02,9.25,9.25,9.125,9.125,3796000
1996-08-05,9.125,9.1875,9.0625,9.1875,1876400
1996-08-06,9.125,9.125,9.03125,9.0625,1860000
1996-08-07,9.15625,9.1875,9.03125,9.09375,3119200
1996-08-08,9.3125,9.3125,9.125,9.125,2516400
1996-08-09,9.28125,9.3125,9.25,9.3125,2305200
1996-08-12,9.34375,9.34375,9.21875,9.21875,1050400
1996-08-13,9.3125,9.40625,9.25,9.34375,2180800
1996-08-14,9.25,9.375,9.25,9.375,2481200
1996-08-15,9.34375,9.375,9.1875,9.28125,1544800
1996-08-16,9.5625,9.5625,9.375,9.40625,2490400
1996-08-19,9.53125,9.5625,9.40625,9.5,1175200
1996-08-20,9.625,9.625,9.5,9.5625,1548000
1996-08-21,9.53125,9.65625,9.5,9.625,1942800
1996-08-22,9.59375,9.625,9.53125,9.5625,2264800
1996-08-23,9.5,9.59375,9.5,9.53125,1429600
1996-08-26,9.53125,9.53125,9.40625,9.5,1418400
1996-08-27,9.625,9.6875,9.53125,9.53125,1663200
1996-08-28,9.65625,9.65625,9.5625,9.59375,1109600
1996-08-29,9.53125,9.625,9.46875,9.625,2286000
1996-08-30,9.40625,9.53125,9.40625,9.5,6231600
1996-09-03,9.4375,9.5,9.1875,9.28125,2653600
1996-09-04,9.5625,9.5625,9.40625,9.40625,2482800
1996-09-05,9.53125,9.65625,9.46875,9.5,3128000
1996-09-06,9.65625,9.75,9.53125,9.53125,2679600
1996-09-09,9.75,9.75,9.65625,9.71875,1487200
1996-09-10,9.65625,9.75,9.625,9.71875,2038400
1996-09-11,9.71875,9.71875,9.59375,9.65625,2180400
1996-09-12,9.8125,9.84375,9.6875,9.71875,2052000
1996-09-13,10.09375,10.1875,10.0,10.0,2588400
1996-09-16,10.0625,10.25,10.0,10.15625,2148800
1996-09-17,9.90625,10.0625,9.875,10.0625,1538000
1996-09-18,9.90625,9.96875,9.84375,9.90625,1430000
1996-09-19,10.0,10.03125,9.84375,9.875,1015600
1996-09-20,10.0,10.0625,9.9375,10.0625,2750000
1996-09-23,10.125,10.125,9.875,9.9375,1032400
1996-09-24,10.125,10.1875,10.0,10.0625,2159600
1996-09-25,10.125,10.21875,10.0625,10.21875,2872800
1996-09-26,10.15625,10.21875,10.15625,10.1875,955600
1996-09-27,10.125,10.21875,10.03125,10.21875,1212800
1996-09-30,10.1875,10.25,10.0625,10.09375,1373600
1996-10-01,10.5,10.5,10.21875,10.21875,3573600
1996-10-02,10.5625,10.6875,10.4375,10.46875,3309200
1996-10-03,10.53125,10.59375,10.5,10.53125,3018400
1996-10-04,10.6875,10.8125,10.53125,10.53125,3741600
1996-10-07,10.625,10.625,10.53125,10.59375,3852400
1996-10-08,10.59375,10.65625,10.53125,10.625,1578800
1996-10-09,10.5625,10.59375,10.4375,10.59375,1846800
1996-10-10,10.5625,10.59375,10.46875,10.5,1284400
1996-10-11,10.625,10.625,10.5625,10.625,744400
1996-10-14,10.59375,10.625,10.53125,10.59375,1562800
1996-10-15,10.59375,10.59375,10.40625,10.59375,2381600
1996-10-16,10.59375,10.59375,10.46875,10.59375,1028400
1996-10-17,10.71875,10.71875,10.5,10.59375,1810000
1996-10-18,10.78125,10.875,10.78125,10.84375,1957600
1996-10-21,10.8125,10.90625,10.78125,10.8125,1280000
1996-10-22,10.71875,10.78125,10.625,10.75,2852000
1996-10-23,10.71875,10.75,10.59375,10.71875,2393200
1996-10-24,10.625,10.71875,10.625,10.71875,985600
1996-10-25,10.71875,10.75,10.59375,10.625,1272800
1996-10-28,10.59375,10.75,10.5625,10.75,2690000
1996-10-29,10.8125,10.9375,10.5,10.5,4228400
1996-10-30,10.84375,10.84375,10.78125,10.84375,1316400
1996-10-31,10.96875,10.984375,10.84375,10.84375,1632400
1996-11-01,10.90625,11.0625,10.84375,11.0,2612000
1996-11-04,11.0,11.03125,10.84375,10.90625,1856000
1996-11-05,11.15625,11.28125,11.09375,11.125,5856800
1996-11-06,11.09375,11.125,10.96875,11.0625,3881200
1996-11-07,11.0625,11.09375,10.96875,11.09375,2915200
1996-11-08,10.90625,11.0625,10.84375,11.0625,4410800
1996-11-11,10.84375,10.90625,10.78125,10.90625,1800800
1996-11-12,10.75,10.8125,10.6875,10.8125,3513600
1996-11-13,10.71875,10.75,10.625,10.75,2003600
1996-11-14,10.9375,10.9375,10.625,10.65625,2962800
1996-11-15,10.90625,11.0625,10.875,11.03125,4454400
1996-11-18,10.875,10.90625,10.5625,10.90625,2122800
1996-11-19,11.25,11.28125,10.875,10.875,4088800
1996-11-20,11.09375,11.25,11.0,11.25,2882400
1996-11-21,11.0625,11.1875,11.0625,11.1875,3841600
1996-11-22,11.34375,11.34375,11.0,11.0,2654800
1996-11-25,11.53125,11.59375,11.25,11.34375,3940400
1996-11-26,11.5625,11.71875,11.5,11.53125,4145200
1996-11-27,11.375,11.625,11.375,11.625,2047200
1996-11-29,11.6875,11.6875,11.4375,11.46875,776000
1996-12-02,11.59375,11.6875,11.40625,11.6875,2696000
1996-12-03,11.34375,11.6875,11.3125,11.59375,1784000
1996-12-04,11.0625,11.09375,10.90625,11.0,4433600
1996-12-05,11.0,11.03125,10.90625,11.0,2305200
1996-12-06,11.0,11.0625,10.5625,10.625,2977600
1996-12-09,11.28125,11.28125,11.03125,11.03125,969200
1996-12-10,11.15625,11.3125,11.15625,11.25,1534000
1996-12-11,10.90625,10.9375,10.75,10.75,2218400
1996-12-12,10.75,11.0,10.65625,10.96875,2336400
1996-12-13,10.6875,10.8125,10.53125,10.65625,2386000
1996-12-16,10.5,10.84375,10.5,10.75,3247200
1996-12-17,10.75,10.84375,10.1875,10.1875,2592800
1996-12-18,10.8125,11.0,10.71875,10.875,2321600
1996-12-19,11.25,11.25,10.90625,10.90625,1881200
1996-12-20,11.5,11.625,11.3125,11.625,5680000
1996-12-23,11.34375,11.5,11.21875,11.5,1226000
1996-12-24,11.34375,11.375,11.28125,11.375,1053200
1996-12-26,11.4375,11.4375,11.375,11.375,932800
1996-12-27,11.34375,11.4375,11.3125,11.4375,696400
1996-12-30,11.3125,11.4375,11.28125,11.34375,1042000
1996-12-31,10.875,11.375,10.875,11.3125,1760800
1997-01-02,10.8125,11.03125,10.71875,10.9375,2258400
1997-01-03,11.03125,11.0625,10.8125,10.9375,2239600
1997-01-06,10.90625,11.15625,10.875,11.09375,1820000
1997-01-07,11.03125,11.03125,10.6875,10.84375,1946400
1997-01-08,11.09375,11.1875,11.0,11.09375,3850000
1997-01-09,11.09375,11.15625,11.03125,11.09375,2275600
1997-01-10,10.96875,10.96875,10.78125,10.875,3166000
1997-01-13,11.3125,11.3125,11.0625,11.0625,3342400
1997-01-14,11.5,11.5625,11.3125,11.3125,3003200
1997-01-15,11.59375,11.59375,11.25,11.4375,2666400
1997-01-16,11.5625,11.59375,11.34375,11.59375,1805600
1997-01-17,11.625,11.65625,11.3125,11.3125,2414400
1997-01-20,11.5625,11.6875,11.46875,11.65625,2964800
1997-01-21,11.65625,11.65625,11.375,11.375,1851200
1997-01-22,11.6875,11.78125,11.59375,11.65625,4532800
1997-01-23,11.53125,11.90625,11.53125,11.90625,2659200
1997-01-24,11.25,11.5,11.1875,11.5,4318800
1997-01-27,11.3125,11.4375,11.125,11.21875,2471600
1997-01-28,11.4375,11.6875,11.3125,11.5625,2836400
1997-01-29,11.59375,11.6875,11.46875,11.5,5280800
1997-01-30,12.0,12.0,11.59375,11.65625,1910400
1997-01-31,11.90625,12.03125,11.84375,12.0,4010800
1997-02-03,11.9375,11.9375,11.71875,11.90625,3714000
1997-02-04,12.03125,12.0625,11.8125,11.9375,2694800
1997-02-05,11.875,12.15625,11.8125,12.0,3173200
1997-02-06,11.9375,11.96875,11.8125,11.875,1846000
1997-02-07,12.1875,12.21875,12.0,12.0,6076400
1997-02-10,12.21875,12.375,12.15625,12.21875,4128000
1997-02-11,12.21875,12.28125,12.0,12.25,1738800
1997-02-12,12.4375,12.4375,12.09375,12.21875,2469600
1997-02-13,12.84375,12.84375,12.40625,12.4375,4116400
1997-02-14,12.8125,13.0,12.78125,13.0,3108400
1997-02-18,12.90625,12.90625,12.65625,12.8125,2201600
1997-02-19,12.9375,13.03125,12.8125,12.875,3743200
1997-02-20,12.65625,12.8125,12.5,12.8125,3811600
1997-02-21,12.53125,12.65625,12.4375,12.65625,2050000
1997-02-24,12.71875,12.8125,12.5,12.5,1926000
1997-02-25,13.0,13.0,12.78125,12.84375,1901200
1997-02-26,12.875,13.21875,12.5,13.125,4749200
1997-02-27,12.625,12.8125,12.53125,12.8125,2002800
1997-02-28,12.4375,12.5625,12.40625,12.53125,2236000
1997-03-03,12.59375,12.59375,12.28125,12.28125,2768800
1997-03-04,12.65625,12.78125,12.4375,12.625,1245200
1997-03-05,12.71875,12.78125,12.5625,12.625,1745600
1997-03-06,12.78125,12.875,12.6875,12.78125,2056400
1997-03-07,13.0,13.15625,12.875,12.90625,3064400
1997-03-10,13.25,13.3125,12.9375,13.0625,2270000
1997-03-11,13.125,13.3125,13.03125,13.3125,3759600
1997-03-12,12.90625,13.125,12.84375,13.0625,1910800
1997-03-13,12.40625,12.875,12.40625,12.875,3037600
1997-03-14,12.59375,12.625,12.375,12.5625,2526800
1997-03-17,12.34375,12.59375,12.03125,12.59375,5104000
1997-03-18,12.1875,12.40625,12.09375,12.40625,2350400
1997-03-19,12.1875,12.3125,12.03125,12.15625,2576800
1997-03-20,12.3125,12.40625,12.0625,12.1875,2608800
1997-03-21,12.46875,12.625,12.28125,12.34375,4048000
1997-03-24,12.78125,12.84375,12.5,12.5,3359200
1997-03-25,12.625,12.9375,12.59375,12.78125,2609200
1997-03-26,12.4375,12.625,12.3125,12.625,3001200
1997-03-27,11.96875,12.5625,11.875,12.53125,3178400
1997-03-31,11.5625,11.875,11.5,11.875,5137200
1997-04-01,11.8125,11.84375,11.375,11.375,3691200
1997-04-02,11.46875,11.625,11.375,11.625,3002800
1997-04-03,11.4375,11.5625,11.34375,11.34375,7938000
1997-04-04,11.59375,11.65625,11.3125,11.34375,2669200
1997-04-07,11.78125,11.84375,11.59375,11.65625,2160400
1997-04-08,12.0625,12.0625,11.6875,11.75,2466000
1997-04-09,11.8125,12.09375,11.78125,12.09375,2051600
1997-04-10,11.65625,11.78125,11.625,11.78125,2251600
1997-04-11,11.1875,11.53125,11.1875,11.4375,5111200
1997-04-14,11.3125,11.3125,11.09375,11.21875,2854000
1997-04-15,11.53125,11.625,11.4375,11.4375,3671600
1997-04-16,11.53125,11.53125,11.28125,11.53125,3144000
1997-04-17,11.84375,11.9375,11.4375,11.5625,4317200
1997-04-18,11.625,11.84375,11.625,11.84375,1725600
1997-04-21,11.53125,11.6875,11.4375,11.65625,1730800
1997-04-22,11.84375,11.90625,11.40625,11.46875,2198400
1997-04-23,11.71875,11.9375,11.71875,11.90625,1965600
1997-04-24,11.6875,11.84375,11.65625,11.75,1847200
1997-04-25,11.6875,11.8125,11.65625,11.6875,1592000
1997-04-28,11.84375,11.9375,11.65625,11.65625,2622400
1997-04-29,12.28125,12.34375,12.1875,12.1875,2745200
1997-04-30,12.46875,12.5,12.25,12.25,2074800
1997-05-01,12.53125,12.625,12.4375,12.5,2366400
1997-05-02,12.75,12.75,12.5625,12.59375,2049600
1997-05-05,12.875,12.9375,12.65625,12.75,2580000
1997-05-06,13.09375,13.21875,12.84375,12.875,3423200
1997-05-07,12.65625,13.09375,12.625,13.0625,1994800
1997-05-08,13.0,13.15625,12.5,12.53125,4594800
1997-05-09,13.1875,13.21875,13.0,13.03125,6398000
1997-05-12,13.375,13.40625,13.125,13.21875,2320400
1997-05-13,13.25,13.40625,13.21875,13.40625,2504800
1997-05-14,13.5,13.53125,13.3125,13.3125,2763200
1997-05-15,13.40625,13.5,13.25,13.5,2286000
1997-05-16,13.125,13.4375,13.0,13.4375,1922400
1997-05-19,13.1875,13.21875,12.9375,13.0625,1516000
1997-05-20,13.40625,13.4375,12.90625,13.0,2129600
1997-05-21,13.0,13.40625,12.84375,13.375,2766400
1997-05-22,13.03125,13.1875,12.90625,13.1875,1924800
1997-05-23,13.25,13.3125,13.09375,13.15625,1258000
1997-05-27,13.125,13.28125,13.0625,13.125,1265200
1997-05-28,13.09375,13.25,13.03125,13.0625,1724400
1997-05-29,13.0625,13.3125,13.03125,13.3125,1880800
1997-05-30,13.375,13.40625,12.90625,13.0,1520000
1997-06-02,13.3125,13.4375,13.0625,13.4375,1941600
1997-06-03,13.3125,13.46875,13.125,13.1875,2609200
1997-06-04,13.40625,13.4375,13.28125,13.3125,2018400
1997-06-05,13.5,13.59375,13.34375,13.40625,1832800
1997-06-06,13.75,13.90625,13.46875,13.46875,3333600
1997-06-09,13.75,14.0,13.59375,13.75,2231600
1997-06-10,13.8125,14.03125,13.8125,13.9375,1976000
1997-06-11,13.90625,13.90625,13.78125,13.8125,1442400
1997-06-12,14.28125,14.3125,14.0,14.09375,2478400
1997-06-13,14.5,14.59375,14.3125,14.375,2706400
1997-06-16,14.375,14.5,14.21875,14.5,2729200
1997-06-17,14.46875,14.5625,14.125,14.25,2551200
1997-06-18,14.59375,14.59375,14.375,14.46875,2327200
1997-06-19,14.71875,14.8125,14.40625,14.625,2081600
1997-06-20,14.5625,14.75,14.53125,14.71875,4225200
1997-06-23,14.34375,14.53125,14.28125,14.5,2242000
1997-06-24,14.53125,14.71875,14.28125,14.3125,3812800
1997-06-25,14.34375,14.625,14.3125,14.53125,2839200
1997-06-26,14.21875,14.5,14.125,14.359375,2076800
1997-06-27,14.171875,14.40625,14.140625,14.25,1831200
1997-06-30,14.0625,14.21875,13.96875,14.1875,2250400
1997-07-01,14.25,14.4375,14.0625,14.09375,3343600
1997-07-02,14.53125,14.5625,14.25,14.28125,2528800
1997-07-03,14.921875,14.9375,14.71875,14.71875,3258400
1997-07-07,14.734375,15.03125,14.71875,14.9375,3758400
1997-07-08,14.890625,14.90625,14.65625,14.6875,3747600
1997-07-09,14.8125,14.9375,14.640625,14.890625,2992000
1997-07-10,15.078125,15.125,14.78125,14.8125,3615600
1997-07-11,15.046875,15.203125,14.9375,15.0,2592400
1997-07-14,14.921875,15.125,14.734375,14.984375,5732800
1997-07-15,15.28125,15.28125,14.84375,15.03125,2925600
1997-07-16,16.0625,16.0625,15.125,15.25,3742000
1997-07-17,15.671875,16.078125,15.578125,16.0,4840400
1997-07-18,15.40625,15.8125,15.234375,15.78125,3529200
1997-07-21,15.34375,15.65625,15.140625,15.25,2512800
1997-07-22,15.6875,15.71875,15.15625,15.25,2907600
1997-07-23,15.578125,15.9375,15.5,15.9375,2277600
1997-07-24,15.734375,15.78125,15.5625,15.640625,3144000
1997-07-25,15.421875,15.78125,15.40625,15.765625,3190800
1997-07-28,15.40625,15.734375,15.40625,15.5,2207600
1997-07-29,15.625,15.625,15.421875,15.4375,3910800
1997-07-30,15.765625,15.828125,15.640625,15.65625,3615600
1997-07-31,15.765625,15.875,15.703125,15.75,3126000
1997-08-01,15.484375,15.734375,15.265625,15.734375,3110400
1997-08-04,15.671875,15.78125,15.4375,15.484375,1898400
1997-08-05,15.515625,15.625,15.4375,15.609375,1198000
1997-08-06,15.703125,15.734375,15.40625,15.4375,1910000
1997-08-07,15.375,15.875,15.34375,15.703125,3178800
1997-08-08,14.9375,15.21875,14.625,15.1875,3206000
1997-08-11,15.15625,15.15625,14.734375,14.75,2630000
1997-08-12,14.703125,15.1875,14.6875,15.15625,1902400
1997-08-13,14.78125,14.96875,14.5,14.84375,2846400
1997-08-14,14.671875,14.96875,14.5625,14.8125,3744000
1997-08-15,14.640625,14.78125,14.375,14.609375,2841200
1997-08-18,14.5,14.671875,14.28125,14.640625,3099600
1997-08-19,14.828125,14.84375,14.53125,14.625,2604000
1997-08-20,15.125,15.125,14.9375,14.984375,2052400
1997-08-21,14.734375,15.09375,14.5,15.09375,1568000
1997-08-22,14.5,14.625,14.359375,14.40625,2354400
1997-08-25,14.59375,14.75,14.40625,14.71875,1320800
1997-08-26,14.421875,14.6875,14.375,14.53125,1604800
1997-08-27,14.390625,14.515625,14.234375,14.484375,2141200
1997-08-28,14.359375,14.59375,14.203125,14.28125,1669600
1997-08-29,14.359375,14.6875,14.125,14.265625,1844400
1997-09-02,14.984375,15.015625,14.40625,14.40625,3689600
1997-09-03,14.84375,15.125,14.703125,15.109375,3462000
1997-09-04,15.09375,15.1875,14.71875,14.78125,1801200
1997-09-05,14.921875,15.34375,14.890625,15.28125,2402400
1997-09-08,15.21875,15.359375,15.09375,15.09375,2014400
1997-09-09,15.25,15.359375,15.0,15.109375,2082400
1997-09-10,15.09375,15.28125,15.015625,15.0625,2925600
1997-09-11,14.75,15.046875,14.734375,15.0,2266800
1997-09-12,14.890625,14.96875,14.75,14.90625,2128000
1997-09-15,15.109375,15.234375,14.84375,14.9375,2286000
1997-09-16,15.6875,15.734375,15.234375,15.34375,3386000
1997-09-17,15.734375,15.828125,15.625,15.65625,2681200
1997-09-18,15.71875,15.9375,15.71875,15.84375,3272000
1997-09-19,15.65625,15.8125,15.5625,15.796875,3225600
1997-09-22,15.5625,15.796875,15.515625,15.65625,2259600
1997-09-23,15.671875,15.78125,15.28125,15.546875,3328400
1997-09-24,15.375,15.78125,15.3125,15.609375,3102400
1997-09-25,15.109375,15.359375,15.078125,15.25,2376000
1997-09-26,15.3125,15.546875,15.25,15.25,3739200
1997-09-29,15.4375,15.4375,15.25,15.25,2375600
1997-09-30,15.3125,15.46875,15.296875,15.375,2052000
1997-10-01,15.546875,15.609375,15.3125,15.375,2382800
1997-10-02,15.875,15.875,15.453125,15.53125,3072800
1997-10-03,16.234375,16.46875,16.0625,16.25,5252000
1997-10-06,16.46875,16.484375,16.25,16.375,5452800
1997-10-07,16.96875,17.0,16.421875,16.453125,4041600
1997-10-08,16.546875,16.921875,16.4375,16.78125,2771600
1997-10-09,16.359375,16.5,16.234375,16.453125,2390400
1997-10-10,16.328125,16.34375,16.046875,16.125,2023600
1997-10-13,16.40625,16.5,16.328125,16.46875,978800
1997-10-14,16.96875,17.0,16.4375,17.0,3180000
1997-10-15,16.53125,16.875,16.46875,16.875,2110800
1997-10-16,16.3125,17.03125,16.15625,16.65625,1915400
1997-10-17,15.96875,16.21875,15.53125,16.1875,2151600
1997-10-20,16.25,16.40625,15.875,16.15625,1350200
1997-10-21,16.8125,16.8125,16.0625,16.125,1917000
1997-10-22,16.5,16.8125,16.5,16.8125,1452800
1997-10-23,16.375,16.5,16.03125,16.125,1862000
1997-10-24,16.5,16.75,16.4375,16.75,2105800
1997-10-27,15.53125,16.375,15.1875,16.375,2288200
1997-10-28,16.09375,16.3125,14.875,14.875,4963400
1997-10-29,16.09375,16.4375,15.875,16.1875,2219800
1997-10-30,15.71875,16.125,15.625,15.78125,2360400
1997-10-31,16.03125,16.34375,15.9375,16.25,2460800
1997-11-03,16.5625,16.6875,16.375,16.6875,1665400
1997-11-04,16.46875,16.625,16.25,16.5,1333800
1997-11-05,16.46875,16.65625,16.375,16.59375,1392400
1997-11-06,16.28125,16.28125,16.0,16.1875,2404000
1997-11-07,16.09375,16.3125,15.53125,16.1875,2779600
1997-11-10,16.15625,16.4375,16.125,16.4375,2006000
1997-11-11,16.0625,16.46875,16.0,16.46875,1302600
1997-11-12,15.71875,16.40625,15.6875,15.9375,2382000
1997-11-13,15.875,16.0625,15.6875,15.78125,2213800
1997-11-14,16.28125,16.375,15.875,16.0,2687200
1997-11-17,16.65625,16.75,16.4375,16.5,2534000
1997-11-18,16.6875,16.875,16.5,16.71875,3089200
1997-11-19,17.21875,17.28125,16.5625,16.625,4469400
1997-11-20,17.75,18.0625,17.4375,17.46875,4747200
1997-11-21,17.9375,18.125,17.625,18.125,4184800
1997-11-24,17.5,18.0,17.4375,17.90625,2479200
1997-11-25,18.1875,18.25,17.40625,17.625,2999200
1997-11-26,18.3125,18.5,18.21875,18.5,2529600
1997-11-28,18.71875,18.84375,18.46875,18.625,1351400
1997-12-01,19.34375,19.46875,18.71875,18.71875,4540000
1997-12-02,19.15625,19.5625,18.96875,19.03125,3086000
1997-12-03,19.0,19.5,18.9375,19.5,2921600
1997-12-04,18.59375,19.15625,18.59375,19.125,3563800
1997-12-05,18.5,18.6875,18.25,18.5,4477400
1997-12-08,18.71875,18.8125,18.5,18.5,3493400
1997-12-09,18.71875,19.03125,18.625,18.96875,2895600
1997-12-10,18.5,18.71875,18.25,18.53125,2067800
1997-12-11,18.40625,18.5,17.8125,18.0,3178200
1997-12-12,18.75,18.875,18.375,18.53125,3177400
1997-12-15,19.4375,19.4375,18.625,18.75,3032400
1997-12-16,18.5,19.75,18.5,19.75,2812800
1997-12-17,18.875,18.9375,18.5,18.53125,4417200
1997-12-18,18.78125,18.90625,18.4375,18.75,2367800
1997-12-19,18.71875,18.8125,17.90625,18.4375,3546000
1997-12-22,18.375,19.03125,18.125,18.84375,2748000
1997-12-23,17.875,18.6875,17.84375,18.3125,2717600
1997-12-24,17.5625,18.0,17.3125,17.84375,2010200
1997-12-26,17.875,17.96875,17.625,17.6875,1161600
1997-12-29,18.21875,18.4375,17.96875,17.96875,2623000
1997-12-30,18.9375,18.9375,18.4375,18.625,2681000
1997-12-31,19.375,19.40625,18.625,18.875,3448400
1998-01-02,19.09375,19.28125,19.0,19.125,2031800
1998-01-05,18.90625,19.46875,18.65625,19.09375,2519800
1998-01-06,18.71875,19.0,18.5078125,18.875,2799200
1998-01-07,18.40625,18.40625,17.65625,18.25,5725000
1998-01-08,18.71875,18.78125,18.375,18.5,4574800
1998-01-09,17.84375,18.65625,17.5625,18.625,2976600
1998-01-12,18.3125,18.375,17.375,17.5,2852800
1998-01-13,18.09375,18.8125,18.0,18.8125,3232800
1998-01-14,18.65625,18.6875,18.15625,18.5,2694400
1998-01-15,18.5,18.75,18.46875,18.6875,2031000
1998-01-16,18.53125,18.71875,18.46875,18.625,2357000
1998-01-20,18.8125,18.8125,18.4375,18.71875,3157000
1998-01-21,18.15625,18.8125,18.03125,18.8125,3919600
1998-01-22,18.0625,18.125,17.625,18.125,2637000
1998-01-23,17.78125,18.0625,17.4375,18.0625,2361400
1998-01-26,17.8125,18.21875,17.71875,17.75,1924200
1998-01-27,18.125,18.28125,17.6875,17.6875,2110800
1998-01-28,18.28125,18.625,18.21875,18.4375,2827200
1998-01-29,18.40625,18.6875,18.21875,18.34375,2410600
1998-01-30,18.21875,18.46875,18.03125,18.46875,2606800
1998-02-02,18.65625,18.8125,18.375,18.625,3278200
1998-02-03,19.21875,19.21875,18.5,18.5625,4764200
1998-02-04,19.25,19.3125,18.78125,19.125,2896000
1998-02-05,19.1875,19.46875,18.875,19.21875,1721400
1998-02-06,19.40625,19.59375,19.21875,19.3125,3194200
1998-02-09,19.34375,19.4375,19.0,19.4375,2224400
1998-02-10,19.625,19.625,19.28125,19.46875,3152400
1998-02-11,19.875,19.875,19.5625,19.75,2714600
1998-02-12,19.8125,19.875,19.34375,19.625,1866600
1998-02-13,19.71875,19.875,19.5,19.875,1705800
1998-02-17,19.90625,19.96875,19.65625,19.78125,1724600
1998-02-18,20.0,20.09375,19.78125,19.9375,2391600
1998-02-19,19.78125,19.78125,19.53125,19.6875,1967600
1998-02-20,19.71875,19.96875,19.3125,19.96875,2127200
1998-02-23,19.90625,20.0,19.625,19.625,2114600
1998-02-24,19.75,19.90625,19.5,19.90625,2043200
1998-02-25,20.125,20.1875,19.875,19.96875,2363000
1998-02-26,20.53125,20.9375,20.0625,20.9375,2595800
1998-02-27,20.5,20.5,20.09375,20.5,2539200
1998-03-02,20.53125,20.875,20.40625,20.4375,2230200
1998-03-03,20.71875,20.75,20.375,20.65625,2232800
1998-03-04,20.71875,21.0,20.53125,20.71875,2845400
1998-03-05,20.90625,21.0,20.5625,20.65625,3316800
1998-03-06,21.6875,21.78125,21.0625,21.0625,2802400
1998-03-09,21.46875,21.6875,21.375,21.65625,1927200
1998-03-10,21.6875,21.84375,21.46875,21.5,1846600
1998-03-11,21.65625,21.75,21.53125,21.71875,2211200
1998-03-12,21.59375,21.6875,21.40625,21.4375,2384400
1998-03-13,21.5,21.65625,21.25,21.625,1751000
1998-03-16,21.71875,21.875,21.5,21.875,4025400
1998-03-17,21.65625,21.71875,21.5,21.71875,3287600
1998-03-18,21.53125,21.6875,21.40625,21.65625,3607400
1998-03-19,21.6875,21.875,21.375,21.59375,2949200
1998-03-20,21.6875,21.9375,21.625,21.9375,3014800
1998-03-23,21.25,21.65625,21.125,21.4375,3059000
1998-03-24,21.46875,21.65625,21.375,21.375,2708000
1998-03-25,20.9375,21.65625,20.65625,21.65625,3467200
1998-03-26,20.9375,21.03125,20.6875,20.8125,2292000
1998-03-27,20.53125,21.09375,20.3125,21.09375,2758400
1998-03-30,20.375,20.625,20.21875,20.53125,2121000
1998-03-31,20.78125,21.0,20.375,20.375,3697200
1998-04-01,20.46875,20.8125,20.25,20.78125,2548000
1998-04-02,20.90625,20.96875,20.28125,20.375,3639600
1998-04-03,21.21875,21.46875,20.84375,21.0,4131000
1998-04-06,21.1875,21.5625,21.1875,21.375,2794800
1998-04-07,21.28125,21.4375,21.03125,21.1875,3145200
1998-04-08,20.5625,21.4375,20.46875,21.40625,2565800
1998-04-09,21.0,21.1875,20.65625,20.6875,2313600
1998-04-13,21.5625,21.6875,21.125,21.5,5597000
1998-04-14,21.1875,21.875,21.0,21.6875,3841800
1998-04-15,21.5625,21.5625,20.90625,21.21875,3267200
1998-04-16,21.15625,21.5625,21.125,21.5625,2719400
1998-04-17,21.375,21.40625,20.9375,21.15625,2999400
1998-04-20,21.0,21.375,20.75,21.375,2225400
1998-04-21,20.65625,21.03125,20.5,21.0,2417200
1998-04-22,20.625,21.0,20.5625,20.78125,2097800
1998-04-23,19.96875,20.625,19.84375,20.625,2731800
1998-04-24,19.5625,19.9375,19.28125,19.84375,3184200
1998-04-27,19.09375,19.09375,18.5,18.625,3670000
1998-04-28,18.84375,19.375,18.53125,19.375,3624800
1998-04-29,19.40625,19.6875,18.78125,19.0625,3434000
1998-04-30,19.9375,20.15625,19.625,19.6875,2885200
1998-05-01,20.21875,20.34375,19.9375,19.96875,2260600
1998-05-04,19.6875,20.25,19.59375,20.25,1897800
1998-05-05,19.71875,19.71875,19.3125,19.71875,2311600
1998-05-06,19.21875,19.75,19.0,19.75,2579600
1998-05-07,18.78125,19.34375,18.75,19.34375,3490600
1998-05-08,19.1875,19.40625,18.78125,18.8125,2361200
1998-05-11,18.9375,19.46875,18.875,19.1875,2060200
1998-05-12,19.15625,19.25,18.6875,19.0625,2596400
1998-05-13,19.0625,19.1875,18.875,19.09375,1573200
1998-05-14,19.03125,19.28125,18.875,18.96875,1330200
1998-05-15,19.03125,19.03125,18.78125,19.03125,2445400
1998-05-18,18.8125,19.21875,18.65625,18.9375,2259000
1998-05-19,19.21875,19.5625,18.9375,18.9375,2514200
1998-05-20,19.84375,19.84375,19.4375,19.625,3080000
1998-05-21,20.0,20.125,19.65625,19.875,2545000
1998-05-22,19.8125,20.09375,19.765625,20.03125,939400
1998-05-26,19.3125,19.75,19.125,19.75,1767200
1998-05-27,19.25,19.28125,18.84375,19.28125,2283200
1998-05-28,19.5625,19.625,19.03125,19.21875,2721600
1998-05-29,19.4375,19.6875,19.40625,19.53125,2420000
1998-06-01,19.5625,19.90625,19.40625,19.75,1755000
1998-06-02,19.65625,19.9375,19.53125,19.9375,1743200
1998-06-03,19.3125,19.65625,19.28125,19.59375,1524400
1998-06-04,19.53125,19.53125,18.65625,19.0,2192800
1998-06-05,19.84375,19.875,19.46875,19.5,2477000
1998-06-08,18.40625,19.8125,18.25,19.3125,15914600
1998-06-09,17.96875,18.46875,17.34375,18.28125,11063600
1998-06-10,18.125,18.125,17.875,18.0,8773000
1998-06-11,17.75,18.40625,17.71875,18.25,6429400
1998-06-12,17.53125,18.0,17.0,17.9375,5806600
1998-06-15,17.125,17.40625,17.03125,17.125,5460000
1998-06-16,17.1875,17.4375,17.0,17.375,4483800
1998-06-17,17.90625,18.09375,17.25,17.25,6195600
1998-06-18,17.78125,17.96875,17.71875,17.8125,2873400
1998-06-19,17.375,17.90625,17.3125,17.875,6180000
1998-06-22,17.6875,17.75,17.09375,17.46875,4645200
1998-06-23,18.0,18.03125,17.75,17.875,4438600
1998-06-24,18.34375,18.34375,17.84375,18.0625,3113000
1998-06-25,18.375,18.5,18.25,18.34375,3725600
1998-06-26,18.375,18.5,18.28125,18.46875,2100800
1998-06-29,18.6875,18.71875,18.4375,18.5,3540000
1998-06-30,18.75,18.9375,18.53125,18.59375,3794400
1998-07-01,19.28125,19.28125,18.78125,18.84375,4383200
1998-07-02,19.15625,19.28125,18.96875,19.28125,2317200
1998-07-06,19.34375,19.34375,18.90625,19.03125,2772400
1998-07-07,19.28125,19.34375,18.9375,19.25,2099800
1998-07-08,19.5625,19.5625,19.0625,19.15625,3177800
1998-07-09,19.25,19.53125,19.25,19.4375,2239400
1998-07-10,19.4375,19.5,19.15625,19.25,2608000
1998-07-13,19.0625,19.5625,19.0625,19.5,2032800
1998-07-14,19.6875,19.71875,19.4375,19.5,2687400
1998-07-15,19.4375,19.875,19.4375,19.84375,2802200
1998-07-16,19.6875,19.6875,19.3125,19.46875,2914200
1998-07-17,19.53125,19.8125,19.46875,19.8125,2465600
1998-07-20,19.375,19.5625,19.3125,19.53125,1971400
1998-07-21,18.84375,19.5625,18.6875,19.46875,1975800
1998-07-22,19.09375,19.09375,18.84375,19.0,3369000
1998-07-23,18.75,19.21875,18.6875,19.21875,3788000
1998-07-24,18.46875,18.75,18.15625,18.75,3782400
1998-07-27,18.75,18.875,18.125,18.46875,2571800
1998-07-28,18.28125,18.78125,18.0,18.75,3448600
1998-07-29,18.3125,18.59375,18.25,18.40625,3117600
1998-07-30,18.5,18.5,18.0625,18.25,3272800
1998-07-31,17.96875,18.4375,17.875,18.375,2796800
1998-08-03,17.90625,18.0,17.625,17.78125,3638600
1998-08-04,17.125,18.0,17.0,17.84375,5381800
1998-08-05,17.0,17.1875,16.53125,17.0,4945000
1998-08-06,17.03125,17.09375,16.6875,17.0,4203200
1998-08-07,17.09375,17.28125,16.875,16.96875,2798000
1998-08-10,16.75,17.0625,16.6875,16.96875,2308600
1998-08-11,16.5625,16.78125,16.09375,16.75,4936400
1998-08-12,16.84375,16.96875,16.59375,16.625,4561600
1998-08-13,16.84375,16.96875,16.625,16.875,3522800
1998-08-14,16.3125,16.84375,16.15625,16.84375,4444000
1998-08-17,16.5,16.59375,16.1875,16.3125,2348400
1998-08-18,17.15625,17.21875,16.5625,16.625,4810600
1998-08-19,16.9375,17.25,16.6875,17.09375,2132400
1998-08-20,16.5625,16.96875,16.53125,16.9375,3135600
1998-08-21,16.03125,16.40625,15.78125,16.40625,4193600
1998-08-24,16.09375,16.5,16.0,16.0,3616000
1998-08-25,15.875,16.59375,15.71875,16.375,3548000
1998-08-26,15.9375,15.9375,15.0625,15.0625,4863200
1998-08-27,15.375,15.9375,15.125,15.9375,6475000
1998-08-28,15.15625,15.625,14.96875,15.5,3722400
1998-08-31,14.875,15.5,14.4375,15.1875,4385600
1998-09-01,15.34375,15.5,13.75,14.75,6949200
1998-09-02,15.5,15.9375,15.15625,15.34375,4437200
1998-09-03,15.3125,15.65625,14.90625,14.90625,4085800
1998-09-04,14.9375,15.375,14.6875,15.28125,3561200
1998-09-08,16.03125,16.34375,15.625,15.625,7253200
1998-09-09,15.90625,16.3125,15.8125,16.0625,5524400
1998-09-10,15.4375,15.4375,15.0,15.125,5328600
1998-09-11,16.15625,16.25,15.3125,15.4375,9104800
1998-09-14,16.4375,16.96875,16.15625,16.15625,7407200
1998-09-15,16.8125,16.96875,16.34375,16.46875,7826400
1998-09-16,17.15625,17.15625,16.625,16.9375,5144800
1998-09-17,16.96875,17.03125,16.375,16.375,3405200
1998-09-18,16.625,16.75,16.5,16.59375,7762400
1998-09-21,17.0,17.03125,16.0625,16.3125,4209400
1998-09-22,17.75,17.78125,17.0,17.0,6258800
1998-09-23,18.3125,18.4375,17.6875,17.75,5788800
1998-09-24,18.0,18.3125,17.8125,18.3125,5108200
1998-09-25,18.25,18.25,17.375,17.5,5347200
1998-09-28,18.34375,18.625,18.0,18.25,6939200
1998-09-29,18.53125,18.65625,18.3125,18.46875,5726600
1998-09-30,18.0,18.3125,17.28125,18.25,3163400
1998-10-01,17.25,17.75,17.25,17.53125,4937200
1998-10-02,17.28125,17.65625,16.8125,17.28125,4926200
1998-10-05,16.8125,17.28125,16.15625,17.28125,4634000
1998-10-06,16.375,17.28125,16.34375,16.84375,3815000
1998-10-07,15.84375,16.625,15.375,16.375,4747200
1998-10-08,15.8125,15.96875,15.09375,15.40625,5015800
1998-10-09,17.0625,17.0625,15.96875,16.25,4820200
1998-10-12,16.25,17.375,15.90625,17.3125,11206000
1998-10-13,16.4375,16.5,16.125,16.34375,5714600
1998-10-14,16.6875,16.9375,16.125,16.3125,4066200
1998-10-15,17.8125,18.03125,16.34375,16.6875,7710200
1998-10-16,18.03125,19.125,18.0,19.125,11618600
1998-10-19,18.375,18.46875,17.90625,18.0,3434400
1998-10-20,18.9375,19.09375,18.71875,18.75,10155600
1998-10-21,18.96875,19.03125,18.75,19.0,3944600
1998-10-22,18.65625,18.96875,18.25,18.71875,4032200
1998-10-23,18.5,18.6875,18.28125,18.4375,2712000
1998-10-26,18.40625,18.59375,18.40625,18.5,2021000
1998-10-27,18.09375,18.4375,18.0,18.4375,3057000
1998-10-28,18.34375,18.34375,18.0,18.125,2814400
1998-10-29,18.46875,18.5,18.0,18.3125,3842200
1998-10-30,18.59375,18.65625,18.40625,18.59375,5054400
1998-11-02,18.59375,18.8125,18.5625,18.71875,3917600
1998-11-03,18.90625,19.09375,18.71875,18.8125,8193800
1998-11-04,19.0,19.25,18.90625,19.125,9283400
1998-11-05,19.875,19.875,19.25,19.375,17867200
1998-11-06,20.0,20.125,19.71875,19.8125,13024400
1998-11-09,19.53125,20.0,19.4375,20.0,7773600
1998-11-10,19.84375,20.03125,19.53125,19.65625,9698000
1998-11-11,19.65625,20.0,19.53125,20.0,4343200
1998-11-12,19.40625,19.6875,19.34375,19.53125,4985800
1998-11-13,19.21875,19.40625,19.03125,19.34375,6504200
1998-11-16,19.4375,19.5625,18.96875,19.25,7394000
1998-11-17,20.3125,20.4375,19.40625,19.53125,10246600
1998-11-18,20.21875,20.375,19.875,20.3125,6493800
1998-11-19,20.0625,20.4375,19.84375,20.125,4788600
1998-11-20,19.9375,20.25,19.84375,20.25,7089800
1998-11-23,19.625,20.21875,19.5,19.96875,10600400
1998-11-24,19.09375,19.46875,19.03125,19.4375,10244800
1998-11-25,19.0625,19.1875,18.90625,19.0625,4789800
1998-11-27,18.65625,19.0625,18.5,19.0625,2352600
1998-11-30,18.0625,18.65625,17.8125,18.65625,9447000
1998-12-01,18.3125,18.34375,17.78125,17.875,7936600
1998-12-02,18.59375,18.625,18.0625,18.125,7325600
1998-12-03,17.78125,18.5625,17.78125,18.5,7468400
1998-12-04,18.5625,18.625,18.0,18.125,5111800
1998-12-07,18.4375,18.625,18.28125,18.5625,3469600
1998-12-08,17.53125,18.0625,17.5,18.0,9176800
1998-12-09,17.25,17.8125,17.15625,17.59375,7890400
1998-12-10,17.5,17.65625,16.875,17.28125,9155600
1998-12-11,18.125,18.125,17.125,17.5,6273200
1998-12-14,17.375,17.8125,17.21875,17.53125,5565400
1998-12-15,17.28125,17.4375,16.9375,17.375,13916600
1998-12-16,17.6875,17.78125,17.09375,17.46875,7607800
1998-12-17,19.375,19.625,18.125,18.5625,16230600
1998-12-18,19.34375,19.46875,19.125,19.34375,11877400
1998-12-21,19.125,19.40625,19.0,19.34375,8008800
1998-12-22,18.6875,19.1875,18.59375,19.125,5877200
1998-12-23,18.6875,18.84375,18.59375,18.6875,5651200
1998-12-24,18.875,18.875,18.625,18.75,2630200
1998-12-28,19.0625,19.28125,18.9375,18.96875,5004400
1998-12-29,19.65625,19.71875,19.0,19.3125,5451000
1998-12-30,19.625,19.75,19.3125,19.5625,6087800
1998-12-31,19.96875,19.96875,19.46875,19.75,8804800
1999-01-04,19.9375,20.125,19.71875,19.96875,11181200
1999-01-05,20.09375,20.09375,19.71875,19.9375,7928800
1999-01-06,19.90625,20.21875,19.84375,20.03125,11730800
1999-01-07,19.96875,19.96875,19.53125,19.59375,9755400
1999-01-08,19.90625,20.03125,19.84375,20.0,8163400
1999-01-11,19.15625,19.9375,18.9375,19.90625,10866200
1999-01-12,18.59375,19.0,18.5,18.90625,6643200
1999-01-13,18.3125,18.5,17.6875,17.75,10818800
1999-01-14,17.875,18.09375,17.6875,17.75,9038200
1999-01-15,18.75,18.75,17.78125,17.78125,11092000
1999-01-19,18.40625,18.6875,18.0625,18.28125,8472200
1999-01-20,18.6875,18.6875,17.9375,18.375,11843600
1999-01-21,18.5625,18.65625,18.125,18.5,10401400
1999-01-22,18.375,18.65625,18.15625,18.46875,8229600
1999-01-25,18.15625,18.34375,17.9375,18.25,6459200
1999-01-26,17.90625,18.09375,17.625,18.09375,8690200
1999-01-27,17.5,18.0,17.46875,17.8125,7858400
1999-01-28,17.78125,17.84375,17.5,17.625,10133000
1999-01-29,17.5,17.6875,17.21875,17.6875,10618200
1999-02-01,17.0,17.4375,16.84375,17.4375,10385400
1999-02-02,17.09375,17.46875,16.78125,17.4375,14191400
1999-02-03,16.75,17.3125,16.75,17.0625,11180600
1999-02-04,17.0,17.0625,16.78125,16.8125,16733200
1999-02-05,17.1875,17.1875,16.78125,16.9375,9501200
1999-02-08,17.28125,17.34375,17.09375,17.25,8448400
1999-02-09,16.53125,17.21875,16.25,17.21875,14991200
1999-02-10,16.375,16.5625,16.09375,16.46875,11472600
1999-02-11,17.0,17.25,16.0625,16.4375,13356600
1999-02-12,17.0625,17.1875,16.5625,16.96875,10268000
1999-02-16,17.53125,17.625,17.28125,17.5,8878000
1999-02-17,18.25,18.34375,17.4375,17.53125,12792400
1999-02-18,18.5,18.5625,18.25,18.34375,9672000
1999-02-19,18.3125,18.5,18.28125,18.5,5730200
1999-02-22,18.78125,18.8125,18.375,18.40625,5643000
1999-02-23,18.5625,18.9375,18.5,18.75,5599000
1999-02-24,18.0,18.84375,17.90625,18.6875,5960000
1999-02-25,18.46875,18.5,17.75,17.875,6735800
1999-02-26,18.375,18.625,18.15625,18.53125,7216200
1999-03-01,18.53125,18.53125,18.0625,18.375,6550600
1999-03-02,18.75,19.1875,18.625,18.6875,12225600
1999-03-03,18.5,18.9375,18.28125,18.71875,6249600
1999-03-04,18.96875,19.0625,18.75,18.875,9633800
1999-03-05,19.40625,19.59375,19.0,19.5,8567600
1999-03-08,19.40625,19.5,19.0,19.125,3815400
1999-03-09,18.96875,19.5,18.875,19.4375,7321200
1999-03-10,19.46875,19.46875,18.6875,19.03125,5638600
1999-03-11,19.75,19.75,19.3125,19.46875,8827200
1999-03-12,19.4375,19.875,19.3125,19.875,5252400
1999-03-15,19.3125,19.75,19.0,19.0625,7726800
1999-03-16,18.71875,19.4375,18.46875,19.375,8311800
1999-03-17,18.125,18.625,17.875,18.59375,6698800
1999-03-18,19.375,19.4375,18.0625,18.09375,7744400
1999-03-19,19.28125,19.5625,19.1875,19.5,10638000
1999-03-22,19.46875,19.53125,19.21875,19.25,5718600
1999-03-23,18.75,19.90625,18.5625,19.40625,6386000
1999-03-24,18.59375,18.6875,18.4375,18.5625,5185000
1999-03-25,18.625,19.03125,18.53125,18.8125,6612400
1999-03-26,18.21875,18.4375,18.125,18.3125,5681200
1999-03-29,18.78125,18.78125,18.21875,18.21875,5366000
1999-03-30,18.0625,18.71875,18.0,18.25,6666200
1999-03-31,17.53125,18.375,17.53125,18.28125,10187000
1999-04-01,18.34375,18.34375,17.1875,17.65625,8848200
1999-04-05,18.6875,18.8125,18.34375,18.4375,7035000
1999-04-06,18.9375,19.1875,18.625,18.8125,6516800
1999-04-07,19.46875,19.5,19.0625,19.09375,7226400
1999-04-08,19.75,19.8125,19.625,19.75,11306000
1999-04-09,19.875,19.875,19.625,19.78125,5253000
1999-04-12,19.9375,20.0,19.65625,19.75,6198600
1999-04-13,19.6875,19.9375,19.625,19.84375,6293200
1999-04-14,19.6875,20.40625,19.6875,19.9375,17781400
1999-04-15,20.09375,20.21875,19.625,19.75,7337200
1999-04-16,20.21875,20.21875,19.78125,20.125,6437200
1999-04-19,20.5625,20.84375,20.25,20.25,14633400
1999-04-20,21.1875,21.25,20.6875,20.9375,13837600
1999-04-21,21.21875,21.375,20.78125,21.1875,11038000
1999-04-22,21.34375,21.375,20.75,21.15625,9098800
1999-04-23,21.375,21.46875,21.15625,21.28125,4410200
1999-04-26,21.34375,21.6875,21.25,21.40625,7516400
1999-04-27,22.0,22.0625,21.15625,21.34375,8627600
1999-04-28,21.9375,22.28125,21.71875,22.0,8368400
1999-04-29,21.875,22.4375,21.5625,22.0,7768400
1999-04-30,21.59375,22.25,21.21875,21.9375,7558400
1999-05-03,21.96875,21.96875,21.28125,21.46875,5627600
1999-05-04,21.90625,21.9375,21.125,21.78125,8648000
1999-05-05,21.9375,21.96875,21.46875,21.78125,6595000
1999-05-06,21.5625,21.8125,21.3125,21.8125,4680200
1999-05-07,21.5625,21.90625,21.375,21.53125,3529400
1999-05-10,21.09375,21.625,21.0625,21.625,3845600
1999-05-11,21.375,21.5625,20.96875,21.125,4089400
1999-05-12,21.46875,21.78125,20.875,21.5,5056600
1999-05-13,21.6875,21.96875,21.5,21.65625,4077800
1999-05-14,21.0,21.40625,20.9375,21.21875,4725000
1999-05-17,20.4375,21.0625,20.375,21.0,6373600
1999-05-18,20.09375,20.65625,19.9375,20.25,5292800
1999-05-19,20.625,20.71875,20.375,20.5625,4681200
1999-05-20,20.625,20.875,20.5625,20.875,4757000
1999-05-21,20.8125,20.8125,20.53125,20.625,5517600
1999-05-24,20.46875,20.78125,20.09375,20.78125,5041000
1999-05-25,19.1875,20.5,19.0,20.40625,8771800
1999-05-26,20.6875,20.6875,19.375,19.6875,9266600
1999-05-27,19.625,20.46875,19.5,20.0625,10371200
1999-05-28,20.0,20.21875,19.65625,19.75,5094400
1999-06-01,19.96875,20.15625,19.5625,20.0625,4648000
1999-06-02,19.84375,20.09375,19.71875,20.09375,4336400
1999-06-03,19.875,19.96875,19.75,19.8125,3804800
1999-06-04,20.0,20.09375,19.65625,20.0,3230000
1999-06-07,20.46875,20.53125,19.875,19.875,4567000
1999-06-08,20.34375,20.625,20.1875,20.4375,3210800
1999-06-09,20.21875,20.5,20.125,20.28125,3720400
1999-06-10,19.75,19.90625,19.5625,19.71875,4949400
1999-06-11,20.0625,20.0625,19.75,19.75,4792800
1999-06-14,19.84375,20.125,19.78125,20.125,4363200
1999-06-15,20.09375,20.34375,19.90625,19.90625,6125400
1999-06-16,20.59375,20.71875,20.46875,20.5,9535000
1999-06-17,21.25,21.375,20.53125,20.53125,7505400
1999-06-18,21.328125,21.375,21.0625,21.25,8164600
1999-06-21,21.1875,21.375,21.0625,21.34375,4168200
1999-06-22,21.3125,21.375,21.09375,21.125,4044200
1999-06-23,21.1875,21.3125,20.8125,21.3125,5132600
1999-06-24,20.9375,21.25,20.8125,21.03125,6576200
1999-06-25,21.40625,21.4375,21.25,21.25,7233000
1999-06-28,21.5,21.71875,21.4375,21.5,7914400
1999-06-29,22.0,22.0,21.375,21.53125,7595400
1999-06-30,21.375,21.875,21.03125,21.875,15400200
1999-07-01,21.8125,21.84375,21.0625,21.40625,8561400
1999-07-02,22.03125,22.0625,21.75,21.78125,7001400
1999-07-06,22.40625,22.4375,22.03125,22.03125,5865600
1999-07-07,22.40625,22.46875,22.0625,22.28125,5771600
1999-07-08,22.375,22.5625,22.15625,22.3125,8239600
1999-07-09,22.59375,22.65625,22.375,22.4375,4321000
1999-07-12,21.84375,22.4375,21.71875,22.4375,6266800
1999-07-13,21.875,22.0,21.59375,21.71875,4098200
1999-07-14,21.5,21.96875,21.375,21.90625,5667200
1999-07-15,21.5,21.65625,21.3125,21.59375,4295000
1999-07-16,21.5625,21.65625,21.125,21.5,5794000
1999-07-19,21.34375,21.53125,21.25,21.5,7098600
1999-07-20,21.03125,21.28125,20.875,21.25,5837400
1999-07-21,20.90625,21.1875,20.75,20.96875,5007000
1999-07-22,20.96875,21.3125,20.78125,21.03125,6442800
1999-07-23,20.84375,21.0625,20.4375,21.0,5930600
1999-07-26,20.4375,20.75,20.4375,20.53125,5854400
1999-07-27,20.53125,20.75,20.3125,20.6875,5083200
1999-07-28,20.40625,20.59375,20.25,20.53125,3633600
1999-07-29,20.15625,20.1875,19.78125,20.03125,6334000
1999-07-30,19.5,20.15625,19.28125,20.15625,5630000
1999-08-02,19.3125,19.875,19.21875,19.875,4158600
1999-08-03,19.53125,19.53125,18.90625,19.4375,11838000
1999-08-04,18.96875,19.53125,18.96875,19.53125,8219000
1999-08-05,19.0625,19.1875,18.21875,18.875,8843400
1999-08-06,18.6875,18.9375,18.46875,18.9375,6143800
1999-08-09,19.0625,19.28125,18.6875,18.6875,5991800
1999-08-10,18.75,19.125,18.6875,19.0,4580800
1999-08-11,19.34375,19.4375,18.875,18.90625,9598000
1999-08-12,18.9375,19.71875,18.9375,19.46875,4994000
1999-08-13,19.90625,19.96875,19.21875,19.28125,4171200
1999-08-16,20.0,20.09375,19.625,19.78125,4528000
1999-08-17,20.6875,20.9375,20.5,20.875,7612400
1999-08-18,20.625,20.71875,20.40625,20.6875,4220800
1999-08-19,20.6875,20.6875,20.3125,20.375,6103400
1999-08-20,21.125,21.125,20.53125,20.59375,6135000
1999-08-23,21.53125,21.5625,21.0,21.0,4872800
1999-08-24,21.625,22.0,21.3125,21.46875,4565800
1999-08-25,21.9375,22.0625,21.0,21.3125,8078000
1999-08-26,21.28125,22.15625,21.25,21.8125,5729800
1999-08-27,20.90625,21.5,20.78125,21.5,5529600
1999-08-30,20.125,20.9375,20.03125,20.8125,4475200
1999-08-31,19.90625,20.34375,19.6875,20.125,6566400
1999-09-01,20.3125,20.375,19.8125,19.9375,5447600
1999-09-02,19.71875,20.09375,19.40625,20.0,5842800
1999-09-03,20.71875,20.75,20.09375,20.125,7701000
1999-09-07,20.0625,20.78125,20.0,20.75,3990200
1999-09-08,19.96875,20.0,19.625,19.96875,4604600
1999-09-09,19.65625,19.96875,19.125,19.96875,6496800
1999-09-10,19.9375,20.15625,19.59375,19.75,5492600
1999-09-13,20.0,20.0,19.4375,19.8125,4468800
1999-09-14,19.0625,19.75,18.90625,19.75,8363800
1999-09-15,19.125,19.6875,19.0625,19.4375,7900200
1999-09-16,18.90625,19.1875,18.5625,19.03125,5073400
1999-09-17,19.15625,19.46875,18.84375,18.90625,6949200
1999-09-20,18.8125,19.28125,18.53125,19.25,3877000
1999-09-21,18.75,18.9375,18.46875,18.5625,7874400
1999-09-22,19.25,19.40625,18.875,18.9375,6055800
1999-09-23,19.1875,19.9375,19.09375,19.375,5986200
1999-09-24,19.96875,20.09375,19.125,19.125,7411800
1999-09-27,19.25,20.0,19.125,19.84375,5704400
1999-09-28,19.4375,19.875,19.0,19.25,5210600
1999-09-29,19.28125,19.5625,19.03125,19.53125,5475800
1999-09-30,19.8125,20.09375,19.28125,19.5625,5557400
1999-10-01,19.5625,19.71875,19.1875,19.5625,6588800
1999-10-04,20.375,20.46875,19.78125,19.8125,6418200
1999-10-05,20.4375,21.0,20.125,20.4375,8901600
1999-10-06,20.8125,20.9375,20.40625,20.4375,5719200
1999-10-07,20.375,20.84375,20.34375,20.84375,5056400
1999-10-08,21.25,21.25,20.15625,20.25,6063000
1999-10-11,21.25,21.40625,21.125,21.21875,4233400
1999-10-12,20.84375,21.0,20.65625,21.0,3970600
1999-10-13,19.84375,20.9375,19.46875,20.71875,4730400
1999-10-14,20.28125,20.40625,19.78125,19.8125,6496800
1999-10-15,19.5,19.9375,19.21875,19.375,7528400
1999-10-18,19.75,19.84375,19.25,19.46875,5041000
1999-10-19,20.8125,21.0,20.1875,20.25,10397000
1999-10-20,21.625,21.6875,21.03125,21.0625,10086400
1999-10-21,21.5625,21.90625,21.25,21.3125,7838600
1999-10-22,22.375,22.5,21.8125,22.0,14942400
1999-10-25,22.15625,22.34375,21.9375,22.25,7817600
1999-10-26,22.34375,22.71875,22.21875,22.375,11607400
1999-10-27,23.25,23.25,22.4375,22.5625,11327200
1999-10-28,24.53125,24.96875,23.875,24.0625,24287800
1999-10-29,23.9375,24.53125,23.625,24.25,11853400
1999-11-01,23.4375,23.59375,23.15625,23.5,10083800
1999-11-02,23.6875,24.03125,23.25,23.34375,9976400
1999-11-03,23.0625,23.65625,23.0625,23.59375,8204400
1999-11-04,23.5,23.65625,23.3125,23.3125,8867000
1999-11-05,23.40625,24.1875,23.3125,24.0,10887600
1999-11-08,23.5625,23.5625,22.875,23.0,10665800
1999-11-09,22.71875,23.59375,22.5,23.5625,9146000
1999-11-10,22.46875,22.71875,22.0,22.25,8180800
1999-11-11,22.71875,22.875,22.25,22.5,6002600
1999-11-12,23.875,23.9375,22.875,23.0625,9694400
1999-11-15,23.625,23.96875,23.375,23.9375,6402600
1999-11-16,24.0625,24.125,23.53125,23.53125,6193000
1999-11-17,23.5625,24.0,23.5,24.0,5176400
1999-11-18,23.96875,24.03125,23.59375,23.84375,7075800
1999-11-19,23.75,24.0625,23.75,23.96875,6718600
1999-11-22,23.40625,23.96875,23.28125,23.40625,6893000
1999-11-23,23.09375,23.625,22.90625,23.5,6234600
1999-11-24,23.0,23.3125,23.0,23.0,4649400
1999-11-26,22.96875,23.15625,22.96875,23.125,2080400
1999-11-29,22.5,22.90625,22.5,22.8125,6207600
1999-11-30,23.25,23.46875,22.5,22.5,9559800
1999-12-01,23.4375,23.53125,23.125,23.1875,6687800
1999-12-02,23.53125,23.75,23.3125,23.3125,6159600
1999-12-03,23.59375,24.3125,23.59375,23.875,9667400
1999-12-06,22.875,23.8125,22.71875,23.71875,8465400
1999-12-07,22.03125,22.78125,21.96875,22.5,12428800
1999-12-08,21.8515625,22.0,21.71875,21.78125,11425000
1999-12-09,22.375,22.5,21.78125,21.78125,8081200
1999-12-10,22.4375,22.75,22.4375,22.71875,7153800
1999-12-13,22.1015625,22.28125,21.9375,22.125,5467400
1999-12-14,21.75,22.15625,21.53125,21.9375,5938600
1999-12-15,20.90625,21.71875,20.8125,21.53125,9130200
1999-12-16,19.71875,20.3125,19.25,19.28125,17140200
1999-12-17,19.96875,20.28125,19.625,19.71875,13563600
1999-12-20,20.328125,20.46875,19.9375,19.96875,7313400
1999-12-21,20.0,20.65625,19.75,20.15625,10431400
1999-12-22,20.21875,20.34375,20.0,20.0,5534200
1999-12-23,20.75,20.78125,20.15625,20.40625,5432200
1999-12-27,20.4375,21.0,20.40625,20.53125,5081200
1999-12-28,20.59375,20.71875,20.375,20.5625,4976400
1999-12-29,20.28125,20.71875,20.125,20.625,4406000
1999-12-30,20.3125,20.5625,20.25,20.3125,2657600
1999-12-31,20.21875,20.3125,20.0625,20.28125,2356800
2000-01-03,19.5625,20.1875,19.0,20.15625,9037000
2000-01-04,18.59375,18.84375,18.0,18.625,15237200
2000-01-05,18.40625,18.875,18.03125,18.5,8228200
2000-01-06,19.21875,19.5,18.46875,18.53125,8326800
2000-01-07,19.5625,19.84375,19.28125,19.625,7711200
2000-01-10,18.9375,19.3125,18.875,19.1875,8953200
2000-01-11,18.625,19.0,18.53125,18.90625,6170800
2000-01-12,19.15625,19.3125,18.65625,18.65625,7030000
2000-01-13,20.21875,20.25,19.84375,19.9375,11077000
2000-01-14,20.84375,21.875,20.5625,21.875,11497400
2000-01-18,19.4375,20.125,19.25,19.875,12744000
2000-01-19,18.375,19.46875,18.25,19.1875,17140600
2000-01-20,18.1875,18.65625,17.90625,18.40625,14965200
2000-01-21,18.3125,18.8125,18.03125,18.25,14016600
2000-01-24,17.9375,18.71875,17.71875,18.5,9540000
2000-01-25,18.8125,19.0,17.90625,17.90625,10701000
2000-01-26,19.0,19.25,18.5,18.71875,14587200
2000-01-27,19.5,19.875,19.09375,19.3125,10255000
2000-01-28,19.375,19.5625,19.09375,19.4375,8089000
2000-01-31,20.0,20.0,19.15625,19.15625,9267400
2000-02-01,20.21875,20.34375,19.90625,20.0,9528800
2000-02-02,19.5,20.25,19.5,20.21875,6637600
2000-02-03,19.4375,19.8125,19.03125,19.65625,10805600
2000-02-04,19.28125,19.5625,19.21875,19.5625,7146800
2000-02-07,19.09375,19.3125,19.0,19.125,8873200
2000-02-08,19.46875,19.78125,19.15625,19.15625,8445000
2000-02-09,18.9375,19.3125,18.875,19.21875,9003600
2000-02-10,18.375,19.03125,18.34375,18.9375,14250800
2000-02-11,18.9375,19.3125,18.5625,18.84375,11174800
2000-02-14,18.90625,19.3125,18.8125,19.1875,8303800
2000-02-15,18.84375,18.96875,18.375,18.6875,7574600
2000-02-16,18.0,18.875,18.0,18.875,7861000
2000-02-17,17.46875,18.5625,17.1875,18.53125,9629000
2000-02-18,16.75,17.375,16.375,17.375,20619200
2000-02-22,17.5,17.5,16.375,16.875,10546000
2000-02-23,17.0,17.34375,16.375,17.125,8786200
2000-02-24,16.4375,16.78125,16.0,16.5625,9797200
2000-02-25,16.34375,16.9375,16.125,16.59375,8026800
2000-02-28,17.0625,17.28125,16.5,16.6875,8663600
2000-02-29,16.53125,17.09375,16.3125,17.0625,11133400
2000-03-01,17.34375,17.46875,16.53125,16.53125,11305800
2000-03-02,16.96875,17.84375,16.71875,17.78125,10556200
2000-03-03,17.34375,17.5,17.03125,17.3125,8831400
2000-03-06,17.21875,17.75,17.21875,17.34375,7545400
2000-03-07,16.53125,17.34375,16.3125,17.34375,8782600
2000-03-08,15.5,16.96875,15.5,16.40625,9310400
2000-03-09,16.40625,17.15625,16.125,17.15625,9146600
2000-03-10,16.09375,16.625,16.0,16.5,8554000
2000-03-13,16.3125,16.46875,15.6875,15.875,8542400
2000-03-14,15.9375,16.28125,15.90625,16.21875,7903800
2000-03-15,18.0,18.0,16.0,16.0,15288600
2000-03-16,19.25,19.375,17.75,17.9375,19621600
2000-03-17,19.25,19.78125,19.03125,19.0625,14195400
2000-03-20,18.96875,19.28125,18.6875,19.25,10822200
2000-03-21,19.78125,19.96875,18.84375,18.84375,12409200
2000-03-22,20.0,20.125,19.59375,19.71875,10333800
2000-03-23,20.71875,20.96875,19.875,19.9375,12593200
2000-03-24,20.5,21.3125,20.375,20.6875,12729000
2000-03-27,20.453125,20.90625,20.125,20.4375,14213400
2000-03-28,20.34375,20.625,20.125,20.25,11255800
2000-03-29,19.71875,20.34375,19.40625,20.125,10821000
2000-03-30,19.59375,20.40625,19.59375,20.125,9668200
2000-03-31,20.375,20.65625,19.375,19.71875,10090800
2000-04-03,21.84375,22.1875,20.3125,20.46875,15408800
2000-04-04,21.625,22.75,21.0,21.84375,16863600
2000-04-05,21.21875,21.71875,20.8125,21.71875,8731200
2000-04-06,20.25,21.0,19.8125,20.75,13575200
2000-04-07,19.875,20.21875,19.8125,20.0,9817800
2000-04-10,19.75,20.0625,18.9375,19.0,15029600
2000-04-11,20.1875,20.6875,19.65625,19.65625,11059400
2000-04-12,21.0,21.375,20.46875,20.59375,13893800
2000-04-13,20.875,21.15625,20.59375,21.15625,9115200
2000-04-14,20.0,20.90625,19.125,20.875,13311200
2000-04-17,19.6875,20.03125,19.3125,19.3125,9401200
2000-04-18,20.40625,20.71875,19.40625,19.4375,8063600
2000-04-19,20.375,20.53125,20.09375,20.40625,6159400
2000-04-20,20.90625,21.125,20.46875,20.6875,7525800
2000-04-24,21.375,21.5625,20.84375,20.90625,7880200
2000-04-25,21.53125,22.28125,21.5,21.5,8943000
2000-04-26,21.53125,22.0,21.53125,21.53125,7376000
2000-04-27,21.03125,21.21875,20.8125,21.03125,9294800
2000-04-28,20.53125,21.34375,20.53125,21.15625,9847000
2000-05-01,20.5625,20.96875,20.34375,20.5625,9475400
2000-05-02,20.6875,20.96875,20.375,20.53125,7786800
2000-05-03,20.28125,20.90625,20.1875,20.59375,8711600
2000-05-04,19.875,20.53125,19.78125,20.3125,6629600
2000-05-05,19.9375,20.21875,19.625,19.8125,5063400
2000-05-08,20.625,20.875,19.75,19.8125,5539600
2000-05-09,20.75,21.09375,20.5625,20.6875,5631800
2000-05-10,20.78125,20.96875,20.59375,20.75,7265400
2000-05-11,21.25,21.75,21.125,21.1875,6144800
2000-05-12,21.84375,22.28125,21.0625,21.15625,8653800
2000-05-15,22.4375,22.5,21.875,21.96875,6668600
2000-05-16,21.8125,22.5,21.6875,22.5,7645800
2000-05-17,21.46875,21.84375,21.25,21.53125,4750200
2000-05-18,21.59375,22.15625,21.4375,21.53125,4738000
2000-05-19,21.5625,21.71875,21.09375,21.4375,4993000
2000-05-22,21.9375,22.125,21.375,21.75,3989000
2000-05-23,21.90625,22.5625,21.84375,21.9375,7234200
2000-05-24,22.25,22.8125,22.09375,22.40625,14351200
2000-05-25,21.9375,22.28125,21.375,22.28125,7388800
2000-05-26,22.1875,22.53125,21.78125,21.875,5937800
2000-05-30,22.4375,22.5,21.90625,22.40625,6055000
2000-05-31,22.625,22.75,22.25,22.5,7610600
2000-06-01,22.96875,23.4375,22.46875,22.625,13134000
2000-06-02,23.875,23.875,23.375,23.5,8794200
2000-06-05,22.5625,23.59375,22.4375,23.3125,8318000
2000-06-06,22.46875,22.59375,21.8125,22.59375,5388200
2000-06-07,22.75,23.0,22.25,22.34375,4832200
2000-06-08,22.40625,22.6875,21.90625,22.625,3962800
2000-06-09,21.59375,22.59375,21.40625,22.59375,4697000
2000-06-12,21.984375,22.1875,21.75,21.875,3423000
2000-06-13,21.875,21.96875,21.53125,21.8125,4721200
2000-06-14,22.28125,22.375,21.6875,21.875,5241800
2000-06-15,21.03125,22.0625,20.65625,21.8125,14971200
2000-06-16,19.15625,20.875,18.65625,20.875,24845200
2000-06-19,20.125,20.21875,19.09375,19.15625,11854000
2000-06-20,19.5625,20.28125,19.375,20.0625,9436600
2000-06-21,19.15625,19.625,19.03125,19.59375,7338600
2000-06-22,19.90625,19.9375,19.3125,19.5,6969200
2000-06-23,19.71875,20.15625,19.65625,19.9375,4174400
2000-06-26,20.09375,20.34375,19.78125,19.90625,4371400
2000-06-27,20.5,20.9375,20.375,20.5,7662600
2000-06-28,20.546875,21.1875,20.375,20.5,6948600
2000-06-29,20.375,20.625,20.25,20.5,7680000
2000-06-30,19.375,20.4375,19.3671875,20.25,9739200
2000-07-03,20.34375,20.40625,19.9375,20.125,3664000
2000-07-05,20.71875,21.125,20.5,20.625,6442800
2000-07-06,21.25,21.4375,20.3125,20.875,5954600
2000-07-07,21.34375,22.0,21.34375,21.46875,8476800
2000-07-10,21.3125,21.8125,21.3125,21.5,5502400
2000-07-11,21.46875,21.6875,21.1875,21.3125,5370800
2000-07-12,21.5625,22.03125,21.375,21.78125,5943200
2000-07-13,21.40625,21.84375,21.03125,21.625,5538200
2000-07-14,21.84375,21.96875,21.3125,21.375,5323200
2000-07-17,21.6875,22.0,21.5,21.9375,4846400
2000-07-18,21.03125,21.3125,20.84375,21.25,8181800
2000-07-19,21.09375,21.1875,20.90625,21.03125,5291200
2000-07-20,21.65625,21.71875,21.125,21.125,6919800
2000-07-21,21.1875,21.75,21.0,21.65625,5734000
2000-07-24,20.90625,21.4375,20.90625,21.15625,5403000
2000-07-25,20.90625,21.25,20.6875,21.25,3706600
2000-07-26,20.46875,20.65625,20.3125,20.3125,6996000
2000-07-27,21.0,21.125,20.5625,20.65625,5093800
2000-07-28,20.9375,20.9375,20.34375,20.5625,4904200
2000-07-31,20.75,21.0,20.53125,20.96875,5609200
2000-08-01,20.59375,20.90625,20.46875,20.875,5604400
2000-08-02,20.71875,20.8125,20.46875,20.71875,4760600
2000-08-03,21.96875,22.03125,20.59375,20.6875,11149800
2000-08-04,22.0625,22.375,21.96875,22.09375,11625200
2000-08-07,22.25,22.4375,21.8125,22.21875,7151200
2000-08-08,22.15625,22.40625,21.78125,22.40625,4539800
2000-08-09,22.125,22.53125,21.59375,22.125,7885400
2000-08-10,22.4375,22.78125,22.15625,22.4375,6813800
2000-08-11,22.5,22.6875,22.25,22.34375,4652600
2000-08-14,22.625,22.75,22.09375,22.4375,3103800
2000-08-15,22.21875,22.5,21.8125,22.4375,8870400
2000-08-16,22.0625,22.4375,21.96875,22.125,4519400
2000-08-17,22.3125,22.5,22.0,22.15625,4973800
2000-08-18,22.125,22.34375,22.09375,22.21875,4659400
2000-08-21,22.1875,22.25,21.9375,22.0,3630600
2000-08-22,22.78125,22.90625,22.09375,22.21875,7736400
2000-08-23,22.59375,22.875,22.375,22.625,4628800
2000-08-24,22.375,22.6875,22.28125,22.59375,5806600
2000-08-25,22.28125,22.46875,22.125,22.375,3158600
2000-08-28,22.03125,22.4375,22.0,22.09375,4723400
2000-08-29,21.625,21.96875,21.53125,21.90625,5046200
2000-08-30,21.75,21.96875,21.4375,21.8125,5169600
2000-08-31,21.6015625,22.21875,21.59375,21.71875,9050600
2000-09-01,21.46875,22.03125,21.4375,22.0,4796400
2000-09-05,21.84375,21.875,21.34375,21.4375,7394400
2000-09-06,22.21875,22.4375,21.875,21.96875,6623600
2000-09-07,22.5,22.65625,22.34375,22.5,7081000
2000-09-08,22.9453125,23.09375,22.5,22.625,8199600
2000-09-11,23.125,23.5,23.03125,23.25,8977800
2000-09-12,23.15625,23.40625,22.8125,23.40625,5598000
2000-09-13,23.375,23.5625,23.03125,23.15625,7851400
2000-09-14,22.71875,23.09375,22.40625,23.0625,9321000
2000-09-15,22.921875,23.0625,22.46875,22.71875,12601800
2000-09-18,22.34375,22.8125,22.3125,22.8125,5782200
2000-09-19,23.25,23.25,22.375,22.4375,4933600
2000-09-20,22.625,22.75,22.21875,22.75,4428000
2000-09-21,22.3125,22.59375,22.1875,22.53125,5139400
2000-09-22,22.625,22.75,22.21875,22.4375,5389000
2000-09-25,23.125,23.375,22.65625,22.9375,6322800
2000-09-26,23.0625,23.28125,22.9375,23.25,7108800
2000-09-27,23.15625,23.25,22.65625,22.78125,6116200
2000-09-28,23.375,23.53125,23.09375,23.25,7742000
2000-09-29,22.96875,23.53125,22.84375,23.1875,8937800
2000-10-02,23.53125,23.53125,22.6875,23.0,5985600
2000-10-03,23.875,24.125,23.6875,23.6875,11755400
2000-10-04,23.5625,24.15625,23.34375,24.0,8140600
2000-10-05,23.84375,24.125,23.65625,23.65625,7490200
2000-10-06,23.28125,23.9375,22.78125,23.90625,8500400
2000-10-09,23.0625,23.375,22.84375,22.90625,4751000
2000-10-10,22.40625,23.0625,22.3125,23.0625,7073800
2000-10-11,21.9375,22.46875,21.6875,22.25,9278600
2000-10-12,21.375,22.125,20.96875,22.0625,9932600
2000-10-13,21.6875,22.09375,21.25,21.25,6378400
2000-10-16,21.78125,21.96875,21.5,21.96875,4907400
2000-10-17,20.84375,21.78125,20.71875,21.75,9422600
2000-10-18,21.125,21.40625,19.8125,20.8125,10616000
2000-10-19,21.34375,21.59375,20.71875,20.78125,6453600
2000-10-20,21.15625,21.59375,21.0,21.34375,5206000
2000-10-23,21.09375,21.34375,21.0,21.34375,4377800
2000-10-24,21.65625,21.90625,21.4375,21.5625,4931400
2000-10-25,21.25,22.1875,21.21875,21.75,11271000
2000-10-26,21.5,21.625,20.875,21.40625,7076200
2000-10-27,21.84375,22.03125,21.375,21.40625,5074400
2000-10-30,22.90625,22.90625,22.03125,22.15625,8299200
2000-10-31,23.15625,23.28125,22.53125,22.96875,8056600
2000-11-01,23.1875,23.1875,22.8125,22.90625,6476000
2000-11-02,23.25,23.4375,23.03125,23.1875,4501800
2000-11-03,23.25,23.4375,22.96875,23.03125,3911800
2000-11-06,23.40625,23.46875,23.125,23.3125,4985800
2000-11-07,23.25,23.34375,23.0,23.3125,3487000
2000-11-08,23.46875,23.5,22.75,23.25,6702800
2000-11-09,23.90625,23.96875,23.4375,23.46875,6499600
2000-11-10,23.5625,24.0,23.5625,23.90625,4548400
2000-11-13,23.0,23.65625,22.71875,23.25,5718600
2000-11-14,23.3125,23.59375,22.90625,23.03125,7114200
2000-11-15,22.375,23.0,22.15625,22.875,10217400
2000-11-16,22.25,22.46875,21.90625,22.03125,4731000
2000-11-17,22.375,22.46875,21.75,22.1875,5826800
2000-11-20,22.0,22.4375,21.875,22.4375,4793000
2000-11-21,22.5,22.65625,21.90625,22.0,5374600
2000-11-22,21.625,22.46875,21.5,22.25,5991400
2000-11-24,21.6875,21.84375,21.59375,21.75,2258600
2000-11-27,22.15625,22.34375,21.71875,21.8125,4418000
2000-11-28,22.84375,22.96875,22.0625,22.1875,6074000
2000-11-29,23.46875,23.5,22.84375,22.96875,6381600
2000-11-30,23.71875,23.8125,23.1875,23.53125,9917400
2000-12-01,23.6875,24.15625,23.53125,23.90625,8246000
2000-12-04,23.375,23.75,23.15625,23.65625,8332600
2000-12-05,24.03125,24.03125,23.25,23.375,10351800
2000-12-06,24.25,25.03125,23.5625,23.5625,23037000
2000-12-07,24.78125,24.9375,24.25,24.25,7328600
2000-12-08,24.71875,25.0,24.5,24.96875,8260600
2000-12-11,24.875,25.125,24.375,24.375,10510400
2000-12-12,24.96875,25.0,24.625,25.0,9119000
2000-12-13,25.0,25.28125,24.78125,25.0,6930000
2000-12-14,24.9375,25.0,24.3125,24.75,7244000
2000-12-15,25.21875,25.28125,24.78125,24.9375,22609400
2000-12-18,26.34375,26.46875,25.53125,25.625,15455200
2000-12-19,26.40625,26.90625,26.15625,26.375,15054400
2000-12-20,26.46875,26.65625,25.71875,26.03125,10098600
2000-12-21,26.46875,26.75,26.09375,26.625,13507000
2000-12-22,26.96875,27.15625,26.53125,26.59375,10058800
2000-12-26,27.46875,27.5,26.84375,26.96875,5180000
2000-12-27,27.65625,27.65625,27.25,27.5,5982200
2000-12-28,27.875,28.0625,27.46875,27.65625,5018000
2000-12-29,27.84375,28.1875,27.71875,28.09375,6043000
2001-01-02,26.96875,27.40625,26.6875,27.21875,10616400
2001-01-03,26.5625,27.0,25.0,26.4375,25444200
2001-01-04,26.0,26.65625,25.34375,26.0625,17224200
2001-01-05,26.1875,26.3125,24.96875,25.65625,14437000
2001-01-08,25.9375,26.3125,25.71875,25.8125,9123600
2001-01-09,24.71875,26.15625,24.625,25.78125,11326800
2001-01-10,24.34375,24.8125,23.84375,23.90625,15362600
2001-01-11,24.625,25.28125,24.4375,24.75,11738200
2001-01-12,24.34375,25.03125,24.09375,25.03125,8525000
2001-01-16,24.96875,25.09375,23.875,24.375,14995200
2001-01-17,24.6875,25.40625,24.6875,25.3125,9124200
2001-01-18,24.21875,24.875,24.15625,24.875,8346600
2001-01-19,24.53125,24.8125,24.03125,24.25,9148400
2001-01-22,24.8125,25.0625,24.3125,24.53125,6294200
2001-01-23,24.8125,25.21875,24.65625,24.84375,9064800
2001-01-24,25.09375,25.375,24.75,24.96875,7102800
2001-01-25,25.3125,25.4375,24.84375,25.125,10620000
2001-01-26,25.75,25.9375,25.28125,25.53125,9104000
2001-01-29,25.565000534057617,26.139999389648438,25.325000762939453,25.875,7106200
2001-01-30,25.954999923706055,26.049999237060547,25.30500030517578,25.809999465942383,8707400
2001-01-31,25.7549991607666,25.899999618530273,25.350000381469727,25.725000381469727,6828200
2001-02-01,25.200000762939453,25.940000534057617,24.875,25.524999618530273,9373200
2001-02-02,25.1200008392334,25.299999237060547,24.924999237060547,24.975000381469727,5189000
2001-02-05,25.68000030517578,25.7549991607666,25.225000381469727,25.440000534057617,5201000
2001-02-06,25.44499969482422,25.59000015258789,25.135000228881836,25.3799991607666,5214800
2001-02-07,25.3700008392334,25.760000228881836,25.25,25.450000762939453,4983400
2001-02-08,25.549999237060547,25.770000457763672,25.46500015258789,25.475000381469727,6306200
2001-02-09,25.334999084472656,25.600000381469727,25.125,25.549999237060547,6213800
2001-02-12,25.399999618530273,25.729999542236328,25.299999237060547,25.584999084472656,5967400
2001-02-13,24.9950008392334,25.4950008392334,24.875,25.424999237060547,7284400
2001-02-14,25.139999389648438,25.489999771118164,24.975000381469727,25.274999618530273,4532600
2001-02-15,24.854999542236328,25.309999465942383,24.799999237060547,25.174999237060547,4475400
2001-02-16,25.05500030517578,25.350000381469727,24.799999237060547,24.850000381469727,6796000
2001-02-20,24.34000015258789,25.280000686645508,24.225000381469727,25.274999618530273,7583000
2001-02-21,24.010000228881836,24.600000381469727,23.899999618530273,24.34000015258789,7599000
2001-02-22,24.075000762939453,24.200000762939453,23.209999084472656,24.049999237060547,9636600
2001-02-23,24.235000610351562,24.299999237060547,23.424999237060547,24.014999389648438,6664400
2001-02-26,24.790000915527344,24.84000015258789,23.889999389648438,24.235000610351562,7720200
2001-02-27,25.03499984741211,25.165000915527344,24.579999923706055,24.790000915527344,7209600
2001-02-28,24.81999969482422,25.290000915527344,24.514999389648438,25.290000915527344,7045400
2001-03-01,24.780000686645508,24.885000228881836,24.290000915527344,24.81999969482422,8979600
2001-03-02,25.084999084472656,25.2450008392334,24.700000762939453,24.850000381469727,6782000
2001-03-05,24.915000915527344,25.059999465942383,24.375,24.959999084472656,5492800
2001-03-06,24.735000610351562,25.360000610351562,24.3700008392334,25.25,7346400
2001-03-07,25.6200008392334,25.6200008392334,24.700000762939453,24.735000610351562,9027400
2001-03-08,25.854999542236328,25.854999542236328,25.125,25.6200008392334,6455400
2001-03-09,25.2450008392334,25.5,24.850000381469727,25.5,5289800
2001-03-12,23.899999618530273,24.9950008392334,23.850000381469727,24.924999237060547,7622400
2001-03-13,24.725000381469727,24.770000457763672,23.81999969482422,24.325000762939453,8839000
2001-03-14,23.280000686645508,24.174999237060547,23.059999465942383,24.05500030517578,13686400
2001-03-15,24.360000610351562,24.44499969482422,23.30500030517578,23.459999084472656,8754200
2001-03-16,23.94499969482422,24.260000228881836,23.75,23.899999618530273,11874600
2001-03-19,24.014999389648438,24.170000076293945,23.434999465942383,23.80500030517578,7919800
2001-03-20,23.424999237060547,24.075000762939453,23.3799991607666,23.899999618530273,7481200
2001-03-21,22.709999084472656,23.559999465942383,22.649999618530273,23.424999237060547,9634200
2001-03-22,22.0,22.75,21.274999618530273,22.649999618530273,13750400
2001-03-23,22.71500015258789,22.80500030517578,21.65999984741211,21.760000228881836,11197200
2001-03-26,23.100000381469727,23.415000915527344,22.924999237060547,22.989999771118164,7449800
2001-03-27,24.295000076293945,24.375,22.940000534057617,23.295000076293945,10969800
2001-03-28,24.329999923706055,24.440000534057617,23.8700008392334,24.25,7249800
2001-03-29,24.014999389648438,24.209999084472656,23.8799991607666,24.0,7696600
2001-03-30,24.735000610351562,24.735000610351562,24.084999084472656,24.25,9081600
2001-04-02,24.844999313354492,25.079999923706055,24.559999465942383,24.7450008392334,10105000
2001-04-03,24.475000381469727,25.0,24.135000228881836,25.0,10468600
2001-04-04,22.9950008392334,24.350000381469727,22.514999389648438,24.209999084472656,23293200
2001-04-05,23.815000534057617,23.81999969482422,23.290000915527344,23.325000762939453,13356400
2001-04-06,23.125,23.940000534057617,22.469999313354492,23.674999237060547,18965400
2001-04-09,22.979999542236328,23.5049991607666,22.649999618530273,23.5049991607666,10633800
2001-04-10,23.6200008392334,23.850000381469727,23.200000762939453,23.25,12543600
2001-04-11,23.450000762939453,24.065000534057617,23.450000762939453,24.065000534057617,8601200
2001-04-12,23.885000228881836,24.200000762939453,23.350000381469727,23.614999771118164,9682800
2001-04-16,23.575000762939453,24.3700008392334,23.239999771118164,24.200000762939453,8370400
2001-04-17,22.850000381469727,23.450000762939453,22.545000076293945,23.450000762939453,13214200
2001-04-18,23.799999237060547,24.399999618530273,22.625,22.850000381469727,17955400
2001-04-19,23.985000610351562,24.114999771118164,23.625,23.674999237060547,10824200
2001-04-20,23.96500015258789,24.075000762939453,23.540000915527344,23.985000610351562,7679600
2001-04-23,23.774999618530273,23.96500015258789,23.475000381469727,23.96500015258789,5536400
2001-04-24,23.950000762939453,24.155000686645508,23.575000762939453,23.924999237060547,6943200
2001-04-25,23.524999618530273,23.760000228881836,23.354999542236328,23.71500015258789,6480600
2001-04-26,23.065000534057617,23.625,22.979999542236328,23.5049991607666,11525200
2001-04-27,23.90999984741211,23.915000915527344,23.354999542236328,23.450000762939453,8284200
2001-04-30,23.485000610351562,24.075000762939453,23.375,23.985000610351562,9137200
2001-05-01,23.670000076293945,23.670000076293945,23.28499984741211,23.4950008392334,5564200
2001-05-02,23.799999237060547,23.96500015258789,23.260000228881836,23.350000381469727,7599600
2001-05-03,23.725000381469727,23.80500030517578,23.395000457763672,23.575000762939453,6950400
2001-05-04,23.649999618530273,23.71500015258789,23.274999618530273,23.274999618530273,7003200
2001-05-07,23.670000076293945,23.770000457763672,23.399999618530273,23.770000457763672,5607400
2001-05-08,23.239999771118164,23.760000228881836,23.204999923706055,23.75,6982600
2001-05-09,23.0,23.31999969482422,22.8799991607666,23.139999389648438,7697600
2001-05-10,22.959999084472656,23.299999237060547,22.81999969482422,23.200000762939453,9582000
2001-05-11,22.75,23.235000610351562,22.69499969482422,23.235000610351562,6646000
2001-05-14,22.799999237060547,22.969999313354492,22.71500015258789,22.75,6260000
2001-05-15,22.59000015258789,22.8700008392334,22.5,22.80500030517578,9133200
2001-05-16,22.850000381469727,23.0,22.274999618530273,22.614999771118164,14915000
2001-05-17,22.704999923706055,23.100000381469727,22.6299991607666,22.700000762939453,11077600
2001-05-18,22.989999771118164,23.1299991607666,22.625,22.704999923706055,7878600
2001-05-21,23.100000381469727,23.114999771118164,22.825000762939453,22.950000762939453,7747800
2001-05-22,23.600000381469727,23.864999771118164,22.959999084472656,23.0,9575000
2001-05-23,23.969999313354492,23.9950008392334,23.579999923706055,23.78499984741211,10593400
2001-05-24,23.899999618530273,24.100000381469727,23.834999084472656,23.899999618530273,7135000
2001-05-25,23.434999465942383,24.024999618530273,23.415000915527344,24.024999618530273,4358000
2001-05-29,23.3799991607666,23.674999237060547,23.344999313354492,23.639999389648438,5863000
2001-05-30,23.350000381469727,23.770000457763672,23.30500030517578,23.3799991607666,5305800
2001-05-31,23.540000915527344,23.540000915527344,23.110000610351562,23.299999237060547,5687200
2001-06-01,23.65999984741211,23.729999542236328,23.260000228881836,23.450000762939453,5162600
2001-06-04,24.174999237060547,24.2450008392334,23.53499984741211,23.65999984741211,5919800
2001-06-05,24.385000228881836,24.450000762939453,24.084999084472656,24.364999771118164,6752000
2001-06-06,23.920000076293945,24.19499969482422,23.834999084472656,24.19499969482422,4745200
2001-06-07,23.829999923706055,23.899999618530273,23.030000686645508,23.25,14696200
2001-06-08,23.219999313354492,23.834999084472656,23.104999542236328,23.829999923706055,8630600
2001-06-11,22.8799991607666,23.34000015258789,22.854999542236328,23.1200008392334,7682400
2001-06-12,22.700000762939453,22.905000686645508,22.450000762939453,22.8799991607666,9551600
2001-06-13,22.184999465942383,22.719999313354492,22.030000686645508,22.700000762939453,11809800
2001-06-14,21.825000762939453,22.09000015258789,21.7450008392334,21.899999618530273,9041000
2001-06-15,21.575000762939453,21.75,21.350000381469727,21.350000381469727,18058800
2001-06-18,21.635000228881836,21.7450008392334,21.325000762939453,21.739999771118164,10234600
2001-06-19,21.7549991607666,22.385000228881836,21.55500030517578,21.829999923706055,9249800
2001-06-20,22.2549991607666,22.399999618530273,21.684999465942383,21.725000381469727,13837600
2001-06-21,23.100000381469727,23.145000457763672,22.21500015258789,22.2450008392334,12615400
2001-06-22,23.09000015258789,23.299999237060547,22.80500030517578,23.299999237060547,10060000
2001-06-25,22.684999465942383,23.299999237060547,22.5049991607666,23.299999237060547,7090000
2001-06-26,22.655000686645508,22.875,22.309999465942383,22.309999465942383,10162400
2001-06-27,22.889999389648438,23.174999237060547,22.625,22.6299991607666,9044200
2001-06-28,23.204999923706055,23.364999771118164,22.850000381469727,22.850000381469727,7782400
2001-06-29,23.21500015258789,23.21500015258789,22.655000686645508,23.030000686645508,9856800
2001-07-02,23.514999389648438,23.575000762939453,23.05500030517578,23.239999771118164,6752400
2001-07-03,23.565000534057617,23.639999389648438,23.34000015258789,23.639999389648438,3416400
2001-07-05,23.274999618530273,23.655000686645508,23.2549991607666,23.565000534057617,6159000
2001-07-06,23.0049991607666,23.295000076293945,22.899999618530273,23.280000686645508,5944800
2001-07-09,22.90999984741211,23.040000915527344,22.774999618530273,23.0049991607666,6449800
2001-07-10,22.614999771118164,22.979999542236328,22.479999542236328,22.90999984741211,9161400
2001-07-11,22.645000457763672,22.834999084472656,22.454999923706055,22.674999237060547,8643400
2001-07-12,22.84000015258789,22.924999237060547,22.645000457763672,22.795000076293945,6791800
2001-07-13,23.2450008392334,23.334999084472656,22.71500015258789,22.774999618530273,10058400
2001-07-16,23.014999389648438,23.6200008392334,22.969999313354492,23.3799991607666,7194200
2001-07-17,23.75,23.75,22.479999542236328,22.600000381469727,12713200
2001-07-18,23.475000381469727,23.559999465942383,23.1299991607666,23.5,8047000
2001-07-19,23.549999237060547,23.7450008392334,23.264999389648438,23.524999618530273,6523400
2001-07-20,23.1200008392334,23.375,22.950000762939453,23.200000762939453,10919800
2001-07-23,22.950000762939453,23.209999084472656,22.780000686645508,23.1200008392334,6682000
2001-07-24,22.709999084472656,22.975000381469727,22.594999313354492,22.760000228881836,10021000
2001-07-25,22.809999465942383,22.850000381469727,22.475000381469727,22.709999084472656,8885000
2001-07-26,22.735000610351562,22.850000381469727,22.450000762939453,22.799999237060547,6434400
2001-07-27,22.704999923706055,22.94499969482422,22.68000030517578,22.774999618530273,6456000
2001-07-30,22.899999618530273,22.969999313354492,22.674999237060547,22.829999923706055,6092400
2001-07-31,23.030000686645508,23.184999465942383,22.700000762939453,22.96500015258789,6465400
2001-08-01,23.290000915527344,23.350000381469727,23.0049991607666,23.190000534057617,5098200
2001-08-02,23.3700008392334,23.44499969482422,23.225000381469727,23.34000015258789,4054400
2001-08-03,23.364999771118164,23.46500015258789,23.204999923706055,23.46500015258789,4689800
2001-08-06,23.075000762939453,23.4950008392334,23.014999389648438,23.375,4540400
2001-08-07,23.06999969482422,23.204999923706055,23.03499984741211,23.075000762939453,5449000
2001-08-08,22.81999969482422,23.075000762939453,22.795000076293945,22.940000534057617,7005400
2001-08-09,22.78499984741211,22.825000762939453,22.6299991607666,22.774999618530273,6629000
2001-08-10,23.0,23.06999969482422,22.6299991607666,22.75,5654200
2001-08-13,23.299999237060547,23.364999771118164,22.975000381469727,22.975000381469727,5371400
2001-08-14,23.325000762939453,23.584999084472656,23.299999237060547,23.450000762939453,6971600
2001-08-15,23.540000915527344,23.729999542236328,23.399999618530273,23.434999465942383,9982400
2001-08-16,23.155000686645508,23.540000915527344,22.954999923706055,23.44499969482422,7254000
2001-08-17,23.03499984741211,23.2450008392334,22.915000915527344,23.165000915527344,4681000
2001-08-20,23.549999237060547,23.600000381469727,23.024999618530273,23.024999618530273,6973400
2001-08-21,23.655000686645508,24.149999618530273,23.559999465942383,23.625,11383800
2001-08-22,23.860000610351562,23.985000610351562,23.46500015258789,23.655000686645508,11856200
2001-08-23,23.78499984741211,23.905000686645508,23.719999313354492,23.860000610351562,10167400
2001-08-24,23.875,23.93000030517578,23.7450008392334,23.850000381469727,8429400
2001-08-27,23.760000228881836,23.850000381469727,23.6200008392334,23.799999237060547,5956200
2001-08-28,23.424999237060547,23.920000076293945,23.399999618530273,23.760000228881836,5504600
2001-08-29,22.975000381469727,23.59000015258789,22.774999618530273,23.5,11094000
2001-08-30,22.924999237060547,23.219999313354492,22.875,22.975000381469727,7629000
2001-08-31,23.0049991607666,23.2450008392334,22.854999542236328,22.924999237060547,6280000
2001-09-04,23.235000610351562,23.3799991607666,22.649999618530273,22.979999542236328,9052200
2001-09-05,23.084999084472656,23.25,22.975000381469727,23.010000228881836,9127400
2001-09-06,22.68000030517578,23.135000228881836,22.635000228881836,23.135000228881836,8969000
2001-09-07,22.364999771118164,22.69499969482422,22.28499984741211,22.399999618530273,10804200
2001-09-10,22.125,22.600000381469727,22.0,22.0,13139400
2001-09-17,21.75,21.9950008392334,20.549999237060547,20.575000762939453,16636800
2001-09-18,21.8799991607666,21.9950008392334,21.530000686645508,21.625,8840400
2001-09-19,22.05500030517578,22.290000915527344,21.71500015258789,22.049999237060547,17373000
2001-09-20,21.489999771118164,21.915000915527344,21.454999923706055,21.875,15555400
2001-09-21,21.225000381469727,21.81999969482422,20.25,20.25,18068600
2001-09-24,21.584999084472656,21.825000762939453,21.5,21.540000915527344,10362000
2001-09-25,21.774999618530273,21.899999618530273,21.299999237060547,21.299999237060547,9074600
2001-09-26,21.834999084472656,22.049999237060547,21.645000457763672,22.024999618530273,9244800
2001-09-27,21.850000381469727,22.1200008392334,21.725000381469727,21.975000381469727,8625200
2001-09-28,22.225000381469727,22.295000076293945,21.8799991607666,21.975000381469727,9836600
2001-10-01,22.229999542236328,22.56999969482422,22.079999923706055,22.299999237060547,8452600
2001-10-02,22.299999237060547,22.354999542236328,22.010000228881836,22.174999237060547,10523400
2001-10-03,22.375,22.524999618530273,22.15999984741211,22.299999237060547,7716800
2001-10-04,22.125,22.5,22.0,22.5,8609400
2001-10-05,21.524999618530273,22.274999618530273,21.5,22.25,15874200
2001-10-08,20.834999084472656,21.5,20.674999237060547,21.4950008392334,12941400
2001-10-09,20.84000015258789,21.219999313354492,20.774999618530273,20.78499984741211,10571000
2001-10-10,21.059999465942383,21.5,20.729999542236328,20.75,7682000
2001-10-11,20.924999237060547,21.170000076293945,20.799999237060547,21.075000762939453,11925800
2001-10-12,20.540000915527344,20.739999771118164,20.325000762939453,20.5,12979800
2001-10-15,20.385000228881836,20.649999618530273,20.25,20.475000381469727,12088200
2001-10-16,20.094999313354492,21.0,20.0,20.25,21640200
2001-10-17,19.424999237060547,20.575000762939453,19.125,20.350000381469727,26714000
2001-10-18,19.53499984741211,19.649999618530273,19.375,19.424999237060547,17166000
2001-10-19,19.5,19.989999771118164,19.28499984741211,19.459999084472656,10701200
2001-10-22,19.864999771118164,19.889999389648438,19.309999465942383,19.309999465942383,13127800
2001-10-23,20.0,20.1200008392334,19.479999542236328,20.0,9877800
2001-10-24,20.149999618530273,20.274999618530273,19.90999984741211,20.010000228881836,9114000
2001-10-25,20.700000762939453,20.700000762939453,19.950000762939453,20.149999618530273,11633400
2001-10-26,20.549999237060547,20.75,20.489999771118164,20.75,7794000
2001-10-29,20.0,20.485000610351562,19.975000381469727,20.424999237060547,7799600
2001-10-30,19.924999237060547,20.139999389648438,19.575000762939453,20.0,8184800
2001-10-31,19.75,20.190000534057617,19.674999237060547,20.190000534057617,7331000
2001-11-01,20.045000076293945,20.139999389648438,19.625,19.7549991607666,9210200
2001-11-02,20.040000915527344,20.1200008392334,19.760000228881836,20.0,8267000
2001-11-05,20.440000534057617,20.600000381469727,20.125,20.125,10875000
2001-11-06,21.200000762939453,21.25,20.530000686645508,20.600000381469727,13233600
2001-11-07,21.299999237060547,21.575000762939453,20.899999618530273,21.06999969482422,11535600
2001-11-08,21.2450008392334,21.545000076293945,21.21500015258789,21.325000762939453,8803400
2001-11-09,21.174999237060547,21.440000534057617,21.149999618530273,21.25,5584000
2001-11-12,21.309999465942383,21.46500015258789,20.854999542236328,20.989999771118164,5304800
2001-11-13,21.219999313354492,21.584999084472656,21.125,21.489999771118164,8029200
2001-11-14,21.170000076293945,21.440000534057617,21.06999969482422,21.344999313354492,9591000
2001-11-15,20.93000030517578,21.315000534057617,20.920000076293945,21.225000381469727,10692400
2001-11-16,21.18000030517578,21.280000686645508,20.975000381469727,21.05500030517578,9248800
2001-11-19,21.18000030517578,21.434999465942383,21.084999084472656,21.34000015258789,5770000
2001-11-20,21.155000686645508,21.325000762939453,21.1299991607666,21.274999618530273,6327600
2001-11-21,21.165000915527344,21.274999618530273,21.1299991607666,21.239999771118164,4114400
2001-11-23,21.43000030517578,21.485000610351562,21.149999618530273,21.149999618530273,2339600
2001-11-26,21.684999465942383,21.920000076293945,21.299999237060547,21.489999771118164,8319200
2001-11-27,21.55500030517578,21.799999237060547,21.5,21.600000381469727,7542800
2001-11-28,21.329999923706055,21.780000686645508,21.329999923706055,21.6299991607666,8893600
2001-11-29,21.545000076293945,21.56999969482422,21.25,21.325000762939453,7298800
2001-11-30,21.399999618530273,21.674999237060547,21.350000381469727,21.59000015258789,7603400
2001-12-03,21.225000381469727,21.440000534057617,21.170000076293945,21.299999237060547,8713000
2001-12-04,21.489999771118164,21.5049991607666,21.229999542236328,21.350000381469727,5067400
2001-12-05,21.690000534057617,21.864999771118164,21.440000534057617,21.450000762939453,9762800
2001-12-06,21.809999465942383,22.010000228881836,21.704999923706055,21.799999237060547,9747000
2001-12-07,21.860000610351562,21.905000686645508,21.65999984741211,21.809999465942383,4769400
2001-12-10,21.81999969482422,21.905000686645508,21.739999771118164,21.860000610351562,6443400
2001-12-11,21.719999313354492,21.899999618530273,21.674999237060547,21.899999618530273,5572200
2001-12-12,21.700000762939453,21.889999389648438,21.610000610351562,21.875,6212000
2001-12-13,21.360000610351562,21.799999237060547,21.30500030517578,21.625,7771600
2001-12-14,21.334999084472656,21.59000015258789,21.25,21.325000762939453,8530200
2001-12-17,21.469999313354492,21.610000610351562,21.334999084472656,21.485000610351562,10301400
2001-12-18,21.774999618530273,21.795000076293945,21.424999237060547,21.5,8150400
2001-12-19,21.799999237060547,21.924999237060547,21.6299991607666,21.75,10032600
2001-12-20,21.8700008392334,21.969999313354492,21.649999618530273,21.899999618530273,9970800
2001-12-21,21.575000762939453,21.924999237060547,21.575000762939453,21.8700008392334,12932600
2001-12-24,21.649999618530273,21.7450008392334,21.575000762939453,21.575000762939453,2042200
2001-12-26,21.584999084472656,21.700000762939453,21.584999084472656,21.649999618530273,5103800
2001-12-27,21.700000762939453,21.700000762939453,21.584999084472656,21.584999084472656,4380200
2001-12-28,21.799999237060547,21.799999237060547,21.625,21.700000762939453,5330600
2001-12-31,21.735000610351562,21.899999618530273,21.704999923706055,21.799999237060547,6421200
2002-01-02,21.719999313354492,21.739999771118164,21.450000762939453,21.690000534057617,8024000
2002-01-03,21.799999237060547,21.864999771118164,21.625,21.719999313354492,7569600
2002-01-04,21.854999542236328,21.989999771118164,21.674999237060547,21.875,10441600
2002-01-07,21.889999389648438,22.045000076293945,21.8700008392334,21.975000381469727,7019800
2002-01-08,21.80500030517578,21.975000381469727,21.6299991607666,21.975000381469727,6435000
2002-01-09,21.69499969482422,21.885000228881836,21.655000686645508,21.760000228881836,7803400
2002-01-10,21.735000610351562,21.81999969482422,21.674999237060547,21.725000381469727,8272400
2002-01-11,21.649999618530273,21.799999237060547,21.6299991607666,21.774999618530273,6401600
2002-01-14,21.510000228881836,21.719999313354492,21.510000228881836,21.649999618530273,8383800
2002-01-15,22.65999984741211,22.674999237060547,21.7450008392334,21.774999618530273,31319800
2002-01-16,22.674999237060547,23.100000381469727,22.475000381469727,22.65999984741211,22628600
2002-01-17,22.80500030517578,22.8700008392334,22.575000762939453,22.799999237060547,13061800
2002-01-18,22.690000534057617,23.024999618530273,22.6200008392334,22.725000381469727,11003200
2002-01-22,23.334999084472656,23.334999084472656,22.774999618530273,22.940000534057617,13581800
2002-01-23,23.479999542236328,23.5,23.174999237060547,23.334999084472656,8640600
2002-01-24,23.575000762939453,23.719999313354492,23.31999969482422,23.5,13785800
2002-01-25,23.549999237060547,23.725000381469727,23.450000762939453,23.700000762939453,9167200
2002-01-28,23.575000762939453,23.719999313354492,23.450000762939453,23.649999618530273,9839000
2002-01-29,22.860000610351562,23.719999313354492,22.75,23.649999618530273,13977400
2002-01-30,23.05500030517578,23.125,22.53499984741211,22.735000610351562,13714200
2002-01-31,23.19499969482422,23.2450008392334,22.90999984741211,23.125,11925800
2002-02-01,23.350000381469727,23.399999618530273,23.010000228881836,23.06999969482422,8014800
2002-02-04,22.854999542236328,23.229999542236328,22.799999237060547,23.149999618530273,8374800
2002-02-05,22.68000030517578,23.075000762939453,22.6299991607666,22.864999771118164,10872000
2002-02-06,22.6299991607666,22.75,22.375,22.75,11505200
2002-02-07,22.700000762939453,22.924999237060547,22.510000228881836,22.725000381469727,8991000
2002-02-08,22.889999389648438,22.96500015258789,22.600000381469727,22.69499969482422,7558800
2002-02-11,23.184999465942383,23.25,22.770000457763672,22.889999389648438,7149000
2002-02-12,23.209999084472656,23.2450008392334,23.059999465942383,23.184999465942383,5224400
2002-02-13,23.34000015258789,23.44499969482422,23.079999923706055,23.280000686645508,6251200
2002-02-14,23.28499984741211,23.489999771118164,23.15999984741211,23.34000015258789,7218800
2002-02-15,23.09000015258789,23.299999237060547,23.030000686645508,23.25,7943000
2002-02-19,22.75,23.049999237060547,22.649999618530273,23.0,8382200
2002-02-20,22.969999313354492,23.049999237060547,22.549999237060547,22.725000381469727,8893200
2002-02-21,22.875,23.059999465942383,22.7450008392334,22.90999984741211,8521200
2002-02-22,23.030000686645508,23.030000686645508,22.704999923706055,22.75,7471800
2002-02-25,23.299999237060547,23.3700008392334,22.9950008392334,23.0,6903600
2002-02-26,23.315000534057617,23.475000381469727,23.274999618530273,23.399999618530273,7349800
2002-02-27,23.424999237060547,23.524999618530273,23.34000015258789,23.375,10255200
2002-02-28,23.450000762939453,23.69499969482422,23.43000030517578,23.5,10739000
2002-03-01,23.920000076293945,23.94499969482422,23.524999618530273,23.575000762939453,9953400
2002-03-04,24.56999969482422,24.635000228881836,23.959999084472656,23.985000610351562,12935800
2002-03-05,24.309999465942383,24.649999618530273,24.260000228881836,24.545000076293945,9145400
2002-03-06,24.549999237060547,24.65999984741211,24.0,24.434999465942383,8114800
2002-03-07,24.44499969482422,24.780000686645508,24.274999618530273,24.479999542236328,8174600
2002-03-08,24.524999618530273,24.825000762939453,24.334999084472656,24.575000762939453,9083800
2002-03-11,24.649999618530273,24.850000381469727,24.329999923706055,24.44499969482422,6522200
2002-03-12,24.950000762939453,24.975000381469727,24.44499969482422,24.549999237060547,7780800
2002-03-13,24.799999237060547,24.989999771118164,24.625,24.950000762939453,8510800
2002-03-14,24.700000762939453,24.774999618530273,24.530000686645508,24.700000762939453,7939600
2002-03-15,25.25,25.350000381469727,24.8700008392334,24.924999237060547,14391600
2002-03-18,25.084999084472656,25.375,24.8799991607666,25.375,8553200
2002-03-19,25.094999313354492,25.200000762939453,24.94499969482422,25.1200008392334,5410200
2002-03-20,24.764999389648438,24.989999771118164,24.75,24.989999771118164,5943600
2002-03-21,24.600000381469727,24.75,24.389999389648438,24.725000381469727,6433000
2002-03-22,24.774999618530273,24.96500015258789,24.454999923706055,24.600000381469727,6153600
2002-03-25,24.520000457763672,24.84000015258789,24.475000381469727,24.774999618530273,5643000
2002-03-26,24.575000762939453,24.735000610351562,24.3700008392334,24.399999618530273,8390800
2002-03-27,24.815000534057617,24.934999465942383,24.575000762939453,24.700000762939453,8353400
2002-03-28,24.700000762939453,24.975000381469727,24.350000381469727,24.700000762939453,8175200
2002-04-01,24.46500015258789,24.5049991607666,24.184999465942383,24.260000228881836,6828800
2002-04-02,24.510000228881836,24.59000015258789,24.325000762939453,24.46500015258789,6786800
2002-04-03,24.149999618530273,24.524999618530273,24.059999465942383,24.459999084472656,7095400
2002-04-04,24.375,24.520000457763672,24.299999237060547,24.424999237060547,7476800
2002-04-05,24.485000610351562,24.55500030517578,24.350000381469727,24.450000762939453,6191000
2002-04-08,24.56999969482422,24.7450008392334,24.25,24.399999618530273,6803400
2002-04-09,24.645000457763672,24.80500030517578,24.510000228881836,24.799999237060547,8887400
2002-04-10,24.799999237060547,24.84000015258789,24.649999618530273,24.7450008392334,9301200
2002-04-11,24.549999237060547,24.860000610351562,24.549999237060547,24.799999237060547,8053200
2002-04-12,24.989999771118164,24.9950008392334,24.600000381469727,24.739999771118164,10741000
2002-04-15,24.795000076293945,25.079999923706055,24.75,24.989999771118164,9128600
2002-04-16,25.049999237060547,25.364999771118164,25.024999618530273,25.05500030517578,16496200
2002-04-17,25.549999237060547,25.610000610351562,24.950000762939453,25.125,12843000
2002-04-18,25.670000076293945,25.799999237060547,25.25,25.674999237060547,13243200
2002-04-19,25.545000076293945,25.924999237060547,25.5,25.799999237060547,8679400
2002-04-22,25.110000610351562,25.6299991607666,25.024999618530273,25.545000076293945,7963600
2002-04-23,24.915000915527344,25.325000762939453,24.799999237060547,25.125,8796000
2002-04-24,25.239999771118164,25.415000915527344,24.975000381469727,25.024999618530273,8428000
2002-04-25,25.399999618530273,25.540000915527344,24.924999237060547,24.96500015258789,8732000
2002-04-26,25.5,25.75,25.260000228881836,25.405000686645508,9536000
2002-04-29,25.28499984741211,25.674999237060547,25.19499969482422,25.5,6949400
2002-04-30,25.575000762939453,25.75,25.135000228881836,25.399999618530273,8700800
2002-05-01,25.5049991607666,25.674999237060547,25.2450008392334,25.674999237060547,6948400
2002-05-02,25.989999771118164,26.0,25.5,25.5049991607666,8021200
2002-05-03,25.864999771118164,26.0,25.719999313354492,25.989999771118164,6907000
2002-05-06,25.489999771118164,26.209999084472656,25.3799991607666,25.950000762939453,6818000
2002-05-07,25.649999618530273,26.075000762939453,25.549999237060547,25.774999618530273,7718800
2002-05-08,25.899999618530273,26.06999969482422,25.854999542236328,26.0,8439200
2002-05-09,25.46500015258789,25.78499984741211,25.350000381469727,25.600000381469727,7068400
2002-05-10,25.100000381469727,25.579999923706055,25.030000686645508,25.575000762939453,6125400
2002-05-13,25.59000015258789,25.614999771118164,25.114999771118164,25.174999237060547,5337800
2002-05-14,26.09000015258789,26.100000381469727,25.600000381469727,25.875,6726800
2002-05-15,26.1299991607666,26.315000534057617,26.040000915527344,26.09000015258789,5762400
2002-05-16,26.334999084472656,26.420000076293945,25.899999618530273,26.200000762939453,7594400
2002-05-17,26.389999389648438,26.559999465942383,26.31999969482422,26.450000762939453,7286200
2002-05-20,26.1200008392334,26.450000762939453,26.100000381469727,26.450000762939453,4911000
2002-05-21,26.299999237060547,26.649999618530273,26.2549991607666,26.350000381469727,6987400
2002-05-22,26.049999237060547,26.21500015258789,25.850000381469727,26.149999618530273,8826200
2002-05-23,26.604999542236328,26.6200008392334,26.05500030517578,26.299999237060547,9953200
2002-05-24,26.44499969482422,26.719999313354492,26.350000381469727,26.6200008392334,4077000
2002-05-28,26.354999542236328,26.674999237060547,26.049999237060547,26.674999237060547,7123800
2002-05-29,26.219999313354492,26.540000915527344,26.15999984741211,26.354999542236328,6064600
2002-05-30,26.18000030517578,26.2549991607666,25.90999984741211,26.049999237060547,7538600
2002-05-31,26.200000762939453,26.399999618530273,25.950000762939453,26.075000762939453,10294400
2002-06-03,25.75,26.399999618530273,25.475000381469727,26.204999923706055,7838200
2002-06-04,25.489999771118164,25.549999237060547,25.2549991607666,25.264999389648438,10335400
2002-06-05,25.524999618530273,25.7450008392334,25.350000381469727,25.625,10160800
2002-06-06,24.825000762939453,25.540000915527344,24.825000762939453,25.53499984741211,9129000
2002-06-07,24.979999542236328,25.170000076293945,24.690000534057617,24.825000762939453,9628800
2002-06-10,25.0049991607666,25.1299991607666,24.834999084472656,24.854999542236328,7992400
2002-06-11,24.75,25.225000381469727,24.75,25.1299991607666,6794600
2002-06-12,24.9950008392334,25.110000610351562,24.645000457763672,24.850000381469727,10175000
2002-06-13,24.600000381469727,25.065000534057617,24.600000381469727,24.9950008392334,8296000
2002-06-14,24.915000915527344,25.09000015258789,24.375,24.549999237060547,12004400
2002-06-17,25.75,25.75,25.079999923706055,25.125,9524200
2002-06-18,25.81999969482422,25.875,25.450000762939453,25.450000762939453,6969400
2002-06-19,25.600000381469727,25.84000015258789,25.5,25.69499969482422,7381800
2002-06-20,25.5,25.795000076293945,25.459999084472656,25.549999237060547,8580600
2002-06-21,25.55500030517578,25.799999237060547,25.360000610351562,25.375,16664200
2002-06-24,25.155000686645508,25.674999237060547,24.899999618530273,25.625,14744800
2002-06-25,25.149999618530273,25.454999923706055,25.05500030517578,25.190000534057617,9037800
2002-06-26,24.844999313354492,25.020000457763672,24.375,24.875,16741000
2002-06-27,25.079999923706055,25.079999923706055,24.670000076293945,24.875,11778600
2002-06-28,25.030000686645508,25.350000381469727,24.825000762939453,25.0,12269200
2002-07-01,24.665000915527344,25.065000534057617,24.655000686645508,24.950000762939453,9762000
2002-07-02,24.825000762939453,24.905000686645508,24.475000381469727,24.799999237060547,14744000
2002-07-03,24.545000076293945,24.799999237060547,24.165000915527344,24.729999542236328,13743800
2002-07-05,25.204999923706055,25.204999923706055,24.649999618530273,24.799999237060547,4200200
2002-07-08,25.434999465942383,25.44499969482422,25.084999084472656,25.239999771118164,7629600
2002-07-09,25.1299991607666,25.860000610351562,25.114999771118164,25.575000762939453,12826600
2002-07-10,24.540000915527344,25.274999618530273,24.469999313354492,25.149999618530273,14560200
2002-07-11,24.375,24.53499984741211,23.864999771118164,24.399999618530273,17987600
2002-07-12,24.049999237060547,24.520000457763672,23.875,24.5,9587600
2002-07-15,23.575000762939453,23.850000381469727,23.06999969482422,23.674999237060547,17750000
2002-07-16,23.600000381469727,23.950000762939453,23.25,23.575000762939453,14775800
2002-07-17,23.885000228881836,24.5,23.69499969482422,23.850000381469727,13051600
2002-07-18,23.25,23.905000686645508,23.200000762939453,23.649999618530273,13068000
2002-07-19,22.514999389648438,22.875,22.350000381469727,22.375,17629800
2002-07-22,22.204999923706055,22.674999237060547,21.75,22.25,17813800
2002-07-23,21.315000534057617,22.399999618530273,21.06999969482422,22.204999923706055,22872600
2002-07-24,22.719999313354492,22.920000076293945,20.75,20.799999237060547,20172400
2002-07-25,23.219999313354492,23.44499969482422,22.325000762939453,22.475000381469727,17818600
2002-07-26,23.850000381469727,23.8799991607666,23.010000228881836,23.450000762939453,11880000
2002-07-29,24.774999618530273,24.790000915527344,24.1299991607666,24.350000381469727,10152800
2002-07-30,24.850000381469727,24.94499969482422,24.200000762939453,24.700000762939453,11834000
2002-07-31,25.43000030517578,25.450000762939453,24.760000228881836,24.875,15298400
2002-08-01,24.674999237060547,25.350000381469727,24.625,25.25,11505000
2002-08-02,24.454999923706055,24.850000381469727,24.25,24.674999237060547,8447000
2002-08-05,24.045000076293945,24.579999923706055,23.905000686645508,24.579999923706055,10656800
2002-08-06,24.4950008392334,24.93000030517578,24.100000381469727,24.190000534057617,12256800
2002-08-07,24.940000534057617,24.9950008392334,24.270000457763672,24.524999618530273,14257000
2002-08-08,25.71500015258789,25.739999771118164,24.979999542236328,25.010000228881836,19427400
2002-08-09,25.899999618530273,25.969999313354492,25.389999389648438,25.575000762939453,11624600
2002-08-12,25.625,25.7549991607666,25.225000381469727,25.299999237060547,8247400
2002-08-13,25.1200008392334,25.899999618530273,25.09000015258789,25.299999237060547,10995600
2002-08-14,25.774999618530273,25.799999237060547,24.899999618530273,25.1200008392334,12231600
2002-08-15,25.825000762939453,26.075000762939453,25.610000610351562,25.899999618530273,10649200
2002-08-16,25.700000762939453,25.90999984741211,25.360000610351562,25.5,6705000
2002-08-19,26.325000762939453,26.3700008392334,25.674999237060547,25.774999618530273,8840000
2002-08-20,25.815000534057617,26.149999618530273,25.6299991607666,25.975000381469727,8667400
2002-08-21,25.7549991607666,26.059999465942383,25.510000228881836,26.024999618530273,7666600
2002-08-22,25.96500015258789,26.09000015258789,25.600000381469727,25.7549991607666,8270800
2002-08-23,25.81999969482422,26.0,25.604999542236328,25.924999237060547,7248200
2002-08-26,26.25,26.3700008392334,25.7450008392334,25.989999771118164,6745000
2002-08-27,26.350000381469727,26.434999465942383,26.139999389648438,26.375,7863000
2002-08-28,26.024999618530273,26.325000762939453,25.834999084472656,26.25,7654800
2002-08-29,25.825000762939453,26.020000457763672,25.649999618530273,25.799999237060547,7825200
2002-08-30,26.094999313354492,26.4950008392334,25.7450008392334,25.825000762939453,8733200
2002-09-03,25.549999237060547,25.899999618530273,25.375,25.899999618530273,11763800
2002-09-04,25.489999771118164,25.725000381469727,25.225000381469727,25.600000381469727,9849800
2002-09-05,25.43000030517578,25.510000228881836,24.899999618530273,25.204999923706055,9031400
2002-09-06,25.75,25.920000076293945,25.559999465942383,25.674999237060547,7936200
2002-09-09,25.834999084472656,25.924999237060547,25.375,25.549999237060547,9971800
2002-09-10,25.6200008392334,25.75,25.34000015258789,25.709999084472656,7986600
2002-09-11,25.399999618530273,26.049999237060547,25.299999237060547,26.049999237060547,6538000
2002-09-12,24.6200008392334,25.290000915527344,24.530000686645508,25.274999618530273,8877400
2002-09-13,24.540000915527344,24.889999389648438,24.25,24.299999237060547,10982800
2002-09-16,24.510000228881836,25.03499984741211,24.295000076293945,25.03499984741211,8244400
2002-09-17,24.114999771118164,24.940000534057617,23.899999618530273,24.924999237060547,11450400
2002-09-18,23.709999084472656,23.889999389648438,23.59000015258789,23.725000381469727,11710000
2002-09-19,23.010000228881836,23.600000381469727,23.0,23.299999237060547,9755200
2002-09-20,23.44499969482422,23.475000381469727,23.010000228881836,23.014999389648438,15796000
2002-09-23,24.309999465942383,24.53499984741211,23.114999771118164,23.299999237060547,14509400
2002-09-24,24.0,24.674999237060547,23.854999542236328,24.049999237060547,20429000
2002-09-25,24.274999618530273,24.549999237060547,23.825000762939453,24.350000381469727,12179000
2002-09-26,24.489999771118164,24.575000762939453,24.190000534057617,24.450000762939453,13444800
2002-09-27,24.225000381469727,24.809999465942383,24.040000915527344,24.489999771118164,11286400
2002-09-30,24.079999923706055,24.3700008392334,23.524999618530273,24.219999313354492,10973600
2002-10-01,24.405000686645508,24.44499969482422,23.674999237060547,24.125,15629600
2002-10-02,23.899999618530273,24.299999237060547,23.68000030517578,24.149999618530273,12162000
2002-10-03,23.084999084472656,23.975000381469727,22.809999465942383,23.905000686645508,18281600
2002-10-04,22.43000030517578,23.200000762939453,22.299999237060547,23.079999923706055,14555200
2002-10-07,21.764999389648438,22.649999618530273,21.649999618530273,22.059999465942383,16140200
2002-10-08,22.625,22.989999771118164,21.979999542236328,22.0,15130600
2002-10-09,22.299999237060547,22.75,22.114999771118164,22.209999084472656,15472400
2002-10-10,22.600000381469727,22.950000762939453,22.125,22.299999237060547,14916800
2002-10-11,23.424999237060547,23.7549991607666,22.850000381469727,22.969999313354492,11239400
2002-10-14,23.614999771118164,23.825000762939453,23.204999923706055,23.25,8763800
2002-10-15,24.889999389648438,25.0,24.5,25.0,18327000
2002-10-16,24.860000610351562,25.094999313354492,24.524999618530273,24.895000457763672,10577200
2002-10-17,24.815000534057617,25.350000381469727,24.739999771118164,25.34000015258789,11441800
2002-10-18,25.18000030517578,25.299999237060547,24.68000030517578,24.815000534057617,13328800
2002-10-21,25.360000610351562,25.614999771118164,24.834999084472656,25.18000030517578,11164200
2002-10-22,25.239999771118164,25.399999618530273,25.0049991607666,25.25,8038800
2002-10-23,25.350000381469727,25.350000381469727,24.700000762939453,25.239999771118164,9393200
2002-10-24,25.100000381469727,25.600000381469727,24.899999618530273,25.450000762939453,9436600
2002-10-25,25.510000228881836,25.540000915527344,24.905000686645508,25.0,7804600
2002-10-28,25.21500015258789,25.799999237060547,25.024999618530273,25.764999389648438,7745400
2002-10-29,25.075000762939453,25.219999313354492,24.725000381469727,25.209999084472656,6844000
2002-10-30,25.315000534057617,25.625,25.18000030517578,25.25,9557800
2002-10-31,25.235000610351562,25.719999313354492,25.045000076293945,25.489999771118164,9471600
2002-11-01,25.34000015258789,25.399999618530273,24.84000015258789,24.950000762939453,10212200
2002-11-04,25.045000076293945,25.649999618530273,25.0,25.649999618530273,9027400
2002-11-05,24.989999771118164,25.075000762939453,24.625,25.049999237060547,9698200
2002-11-06,24.325000762939453,24.899999618530273,23.989999771118164,24.850000381469727,16112800
2002-11-07,23.604999542236328,24.0,23.385000228881836,23.899999618530273,13636200
2002-11-08,22.729999542236328,23.670000076293945,22.350000381469727,23.5,16543400
2002-11-11,22.989999771118164,23.209999084472656,22.795000076293945,22.850000381469727,11946600
2002-11-12,23.200000762939453,23.700000762939453,22.9950008392334,22.9950008392334,13274800
2002-11-13,23.239999771118164,23.670000076293945,22.834999084472656,23.204999923706055,10564400
2002-11-14,23.75,23.899999618530273,23.405000686645508,23.600000381469727,9526200
2002-11-15,24.010000228881836,24.100000381469727,23.405000686645508,23.7549991607666,9583400
2002-11-18,23.674999237060547,24.235000610351562,23.559999465942383,24.014999389648438,7016800
2002-11-19,23.165000915527344,23.5049991607666,23.100000381469727,23.375,10124600
2002-11-20,23.5,23.7450008392334,23.184999465942383,23.200000762939453,9423400
2002-11-21,23.799999237060547,23.975000381469727,23.600000381469727,23.600000381469727,12106200
2002-11-22,23.75,24.104999542236328,23.704999923706055,23.80500030517578,10849400
2002-11-25,23.55500030517578,24.125,23.395000457763672,23.7549991607666,8006000
2002-11-26,22.799999237060547,23.559999465942383,22.795000076293945,23.559999465942383,13247200
2002-11-27,23.459999084472656,23.59000015258789,23.0,23.149999618530273,9161800
2002-11-29,23.104999542236328,23.510000228881836,23.049999237060547,23.5,5778600
2002-12-02,23.125,23.594999313354492,22.959999084472656,23.5,14492800
2002-12-03,22.94499969482422,23.190000534057617,22.850000381469727,23.100000381469727,12106600
2002-12-04,23.225000381469727,23.469999313354492,22.809999465942383,22.950000762939453,10899600
2002-12-05,22.864999771118164,23.325000762939453,22.844999313354492,23.299999237060547,8556800
2002-12-06,23.024999618530273,23.270000457763672,22.635000228881836,22.725000381469727,9534800
2002-12-09,22.924999237060547,23.174999237060547,22.850000381469727,22.959999084472656,9552600
2002-12-10,23.415000915527344,23.450000762939453,22.93000030517578,22.93000030517578,11073200
2002-12-11,23.350000381469727,23.545000076293945,23.149999618530273,23.420000076293945,8384800
2002-12-12,23.174999237060547,23.375,23.100000381469727,23.350000381469727,6521200
2002-12-13,23.0,23.31999969482422,22.924999237060547,23.18000030517578,7844400
2002-12-16,23.5,23.514999389648438,22.950000762939453,22.950000762939453,10313400
2002-12-17,23.40999984741211,23.725000381469727,23.40999984741211,23.600000381469727,8005400
2002-12-18,23.135000228881836,23.424999237060547,23.010000228881836,23.325000762939453,7874000
2002-12-19,23.084999084472656,23.375,22.8799991607666,22.924999237060547,9277400
2002-12-20,23.53499984741211,23.56999969482422,23.235000610351562,23.325000762939453,11699000
2002-12-23,23.530000686645508,23.700000762939453,23.360000610351562,23.450000762939453,6969600
2002-12-24,23.459999084472656,23.549999237060547,23.334999084472656,23.375,3172200
2002-12-26,23.420000076293945,23.8700008392334,23.299999237060547,23.575000762939453,5230800
2002-12-27,23.149999618530273,23.459999084472656,23.135000228881836,23.299999237060547,4898000
2002-12-30,23.540000915527344,23.700000762939453,23.184999465942383,23.350000381469727,8349000
2002-12-31,23.434999465942383,23.665000915527344,23.170000076293945,23.665000915527344,6651400
2003-01-02,24.28499984741211,24.350000381469727,23.524999618530273,23.575000762939453,9904200
2003-01-03,23.94499969482422,24.315000534057617,23.94499969482422,24.024999618530273,7808000
2003-01-06,24.420000076293945,24.565000534057617,23.899999618530273,23.899999618530273,8097400
2003-01-07,24.270000457763672,24.549999237060547,24.209999084472656,24.424999237060547,6556200
2003-01-08,23.924999237060547,24.290000915527344,23.80500030517578,24.274999618530273,8071000
2003-01-09,24.149999618530273,24.315000534057617,23.959999084472656,24.049999237060547,7303400
2003-01-10,24.03499984741211,24.325000762939453,23.885000228881836,24.155000686645508,6924600
2003-01-13,24.174999237060547,24.344999313354492,24.0049991607666,24.25,6844000
2003-01-14,24.309999465942383,24.344999313354492,24.0,24.149999618530273,4946000
2003-01-15,23.844999313354492,24.344999313354492,23.790000915527344,24.325000762939453,9694800
2003-01-16,23.5,23.975000381469727,23.450000762939453,23.899999618530273,10748400
2003-01-17,23.635000228881836,23.635000228881836,23.454999923706055,23.5,12866000
2003-01-21,23.559999465942383,23.899999618530273,23.5,23.600000381469727,11285800
2003-01-22,23.514999389648438,23.7450008392334,23.475000381469727,23.565000534057617,13986200
2003-01-23,23.864999771118164,23.989999771118164,23.549999237060547,23.549999237060547,9740400
2003-01-24,23.524999618530273,23.8700008392334,23.44499969482422,23.8700008392334,8663000
2003-01-27,23.375,23.75,23.299999237060547,23.375,10985800
2003-01-28,23.299999237060547,23.540000915527344,23.149999618530273,23.450000762939453,8859000
2003-01-29,23.43000030517578,23.645000457763672,22.950000762939453,23.30500030517578,9431800
2003-01-30,23.174999237060547,23.604999542236328,23.049999237060547,23.434999465942383,8219000
2003-01-31,23.684999465942383,23.75,23.049999237060547,23.18000030517578,12092200
2003-02-03,23.8700008392334,23.9950008392334,23.6200008392334,23.690000534057617,9390000
2003-02-04,23.514999389648438,23.875,23.325000762939453,23.875,8473400
2003-02-05,22.65999984741211,23.579999923706055,22.424999237060547,23.450000762939453,24868800
2003-02-06,22.93000030517578,23.094999313354492,22.639999389648438,22.825000762939453,15605600
2003-02-07,22.725000381469727,23.125,22.674999237060547,23.075000762939453,8705000
2003-02-10,22.90999984741211,22.950000762939453,22.649999618530273,22.700000762939453,9184600
2003-02-11,22.799999237060547,23.25,22.625,22.915000915527344,9601600
2003-02-12,22.670000076293945,22.9950008392334,22.575000762939453,22.799999237060547,7323800
2003-02-13,22.799999237060547,22.94499969482422,22.399999618530273,22.670000076293945,7551800
2003-02-14,23.165000915527344,23.165000915527344,22.559999465942383,22.799999237060547,9624000
2003-02-18,23.360000610351562,23.489999771118164,23.155000686645508,23.274999618530273,7765000
2003-02-19,23.209999084472656,23.375,23.045000076293945,23.375,7186600
2003-02-20,23.040000915527344,23.274999618530273,22.93000030517578,23.209999084472656,7330000
2003-02-21,23.209999084472656,23.4950008392334,22.924999237060547,23.225000381469727,8050000
2003-02-24,22.6200008392334,23.084999084472656,22.549999237060547,22.975000381469727,11751400
2003-02-25,22.795000076293945,22.825000762939453,22.174999237060547,22.459999084472656,11364000
2003-02-26,22.540000915527344,22.795000076293945,22.389999389648438,22.760000228881836,10174800
2003-02-27,22.735000610351562,23.049999237060547,22.469999313354492,22.610000610351562,9866600
2003-02-28,22.674999237060547,22.989999771118164,22.59000015258789,22.78499984741211,8556600
2003-03-03,22.674999237060547,23.125,22.59000015258789,22.93000030517578,9663800
2003-03-04,22.5,22.774999618530273,22.5,22.739999771118164,7871400
2003-03-05,22.81999969482422,22.875,22.40999984741211,22.424999237060547,9381800
2003-03-06,22.514999389648438,22.8700008392334,22.479999542236328,22.6299991607666,8006400
2003-03-07,22.774999618530273,22.899999618530273,22.229999542236328,22.520000457763672,9359000
2003-03-10,22.135000228881836,22.674999237060547,22.075000762939453,22.604999542236328,8976400
2003-03-11,22.170000076293945,22.524999618530273,22.084999084472656,22.225000381469727,14933600
2003-03-12,22.075000762939453,22.295000076293945,21.635000228881836,22.079999923706055,15308400
2003-03-13,22.875,22.915000915527344,22.350000381469727,22.524999618530273,12215600
2003-03-14,22.875,23.024999618530273,22.674999237060547,22.920000076293945,9872200
2003-03-17,23.424999237060547,23.424999237060547,22.674999237060547,22.875,12542000
2003-03-18,23.34000015258789,23.56999969482422,23.075000762939453,23.489999771118164,9989400
2003-03-19,23.540000915527344,23.625,23.229999542236328,23.34000015258789,10041000
2003-03-20,23.424999237060547,23.594999313354492,23.0,23.540000915527344,12145600
2003-03-21,23.6299991607666,23.649999618530273,23.200000762939453,23.424999237060547,17074400
2003-03-24,22.875,23.360000610351562,22.815000534057617,23.299999237060547,8941600
2003-03-25,23.229999542236328,23.364999771118164,22.825000762939453,22.90999984741211,9429800
2003-03-26,22.950000762939453,23.325000762939453,22.854999542236328,23.299999237060547,9091600
2003-03-27,22.78499984741211,22.979999542236328,22.610000610351562,22.950000762939453,8638600
2003-03-28,22.834999084472656,22.8799991607666,22.600000381469727,22.78499984741211,7925200
2003-03-31,22.4950008392334,22.674999237060547,22.424999237060547,22.5,10307000
2003-04-01,23.149999618530273,23.200000762939453,22.5049991607666,22.575000762939453,12404000
2003-04-02,23.665000915527344,23.774999618530273,23.389999389648438,23.5,9647200
2003-04-03,23.399999618530273,23.725000381469727,23.31999969482422,23.719999313354492,9848200
2003-04-04,23.540000915527344,23.625,23.375,23.5,6755800
2003-04-07,23.415000915527344,24.05500030517578,23.40999984741211,23.975000381469727,8060800
2003-04-08,23.725000381469727,23.844999313354492,23.30500030517578,23.415000915527344,7799000
2003-04-09,23.190000534057617,23.594999313354492,23.174999237060547,23.315000534057617,15648800
2003-04-10,23.454999923706055,23.489999771118164,23.190000534057617,23.190000534057617,8348800
2003-04-11,23.1200008392334,23.625,23.045000076293945,23.5,11391400
2003-04-14,23.399999618530273,23.399999618530273,23.05500030517578,23.299999237060547,9591000
2003-04-15,23.725000381469727,23.764999389648438,23.25,23.25,11768000
2003-04-16,23.3700008392334,23.799999237060547,23.264999389648438,23.790000915527344,8953800
2003-04-17,23.75,23.75,23.350000381469727,23.475000381469727,8242200
2003-04-21,23.475000381469727,23.950000762939453,23.399999618530273,23.850000381469727,9030600
2003-04-22,23.915000915527344,24.020000457763672,23.309999465942383,23.424999237060547,9204000
2003-04-23,24.084999084472656,24.114999771118164,23.81999969482422,23.875,8420400
2003-04-24,23.790000915527344,24.084999084472656,23.53499984741211,24.084999084472656,7770800
2003-04-25,23.709999084472656,23.975000381469727,23.524999618530273,23.875,6212800
2003-04-28,23.96500015258789,24.125,23.739999771118164,23.75,8081600
2003-04-29,24.065000534057617,24.165000915527344,23.735000610351562,24.065000534057617,8034000
2003-04-30,24.1299991607666,24.344999313354492,23.799999237060547,23.975000381469727,15248800
2003-05-01,24.190000534057617,24.350000381469727,23.709999084472656,24.1299991607666,7313800
2003-05-02,24.5,24.549999237060547,24.125,24.190000534057617,10511000
2003-05-05,24.024999618530273,24.5,23.959999084472656,24.5,9132800
2003-05-06,24.19499969482422,24.229999542236328,23.969999313354492,24.139999389648438,9888400
2003-05-07,23.875,24.225000381469727,23.760000228881836,24.110000610351562,10194600
2003-05-08,23.540000915527344,23.875,23.4950008392334,23.649999618530273,7764000
2003-05-09,23.709999084472656,23.790000915527344,23.415000915527344,23.674999237060547,9554600
2003-05-12,24.049999237060547,24.094999313354492,23.649999618530273,23.809999465942383,7797800
2003-05-13,23.959999084472656,24.100000381469727,23.905000686645508,23.9950008392334,6535800
2003-05-14,23.875,24.09000015258789,23.71500015258789,24.075000762939453,8090800
2003-05-15,24.065000534057617,24.19499969482422,23.940000534057617,24.040000915527344,7987600
2003-05-16,24.19499969482422,24.334999084472656,23.969999313354492,24.065000534057617,7951600
2003-05-19,23.780000686645508,24.19499969482422,23.75,24.19499969482422,7418400
2003-05-20,23.690000534057617,23.899999618530273,23.5,23.700000762939453,7575800
2003-05-21,23.649999618530273,23.899999618530273,23.594999313354492,23.700000762939453,8739600
2003-05-22,23.540000915527344,23.924999237060547,23.514999389648438,23.725000381469727,7760200
2003-05-23,23.649999618530273,23.75,23.575000762939453,23.625,6243800
2003-05-27,24.1200008392334,24.1299991607666,23.434999465942383,23.549999237060547,11612200
2003-05-28,23.875,24.21500015258789,23.799999237060547,24.1200008392334,9306600
2003-05-29,23.78499984741211,24.014999389648438,23.639999389648438,23.825000762939453,8581400
2003-05-30,24.149999618530273,24.209999084472656,23.799999237060547,23.84000015258789,9508600
2003-06-02,24.450000762939453,24.71500015258789,24.260000228881836,24.260000228881836,11376600
2003-06-03,24.635000228881836,24.655000686645508,24.40999984741211,24.5,7185800
2003-06-04,25.1200008392334,25.204999923706055,24.549999237060547,24.549999237060547,12591600
2003-06-05,25.299999237060547,25.350000381469727,24.774999618530273,25.1200008392334,9637600
2003-06-06,25.149999618530273,25.575000762939453,25.149999618530273,25.440000534057617,11218200
2003-06-09,24.899999618530273,25.0,24.764999389648438,24.985000610351562,8694800
2003-06-10,25.309999465942383,25.309999465942383,24.809999465942383,25.040000915527344,10066400
2003-06-11,25.71500015258789,25.719999313354492,25.174999237060547,25.424999237060547,12302800
2003-06-12,25.764999389648438,25.915000915527344,25.5,25.875,8754600
2003-06-13,25.40999984741211,25.875,25.405000686645508,25.790000915527344,9191800
2003-06-16,25.899999618530273,25.93000030517578,25.610000610351562,25.700000762939453,8123400
2003-06-17,25.899999618530273,26.399999618530273,25.799999237060547,26.399999618530273,8703800
2003-06-18,26.0,26.0,25.760000228881836,25.799999237060547,7542800
2003-06-19,25.549999237060547,26.0,25.530000686645508,26.0,8296800
2003-06-20,25.600000381469727,25.950000762939453,25.53499984741211,25.700000762939453,11199400
2003-06-23,25.3799991607666,25.639999389648438,25.325000762939453,25.510000228881836,7211000
2003-06-24,25.475000381469727,25.614999771118164,25.299999237060547,25.3799991607666,7142400
2003-06-25,25.334999084472656,25.68000030517578,25.30500030517578,25.479999542236328,8100800
2003-06-26,25.735000610351562,25.7549991607666,25.25,25.30500030517578,8371200
2003-06-27,25.524999618530273,25.860000610351562,25.375,25.760000228881836,6301400
2003-06-30,25.200000762939453,25.704999923706055,25.174999237060547,25.575000762939453,13174000
2003-07-01,25.354999542236328,25.415000915527344,24.940000534057617,25.200000762939453,12115800
2003-07-02,25.485000610351562,25.5,25.350000381469727,25.440000534057617,6411400
2003-07-03,25.350000381469727,25.600000381469727,25.274999618530273,25.485000610351562,4653800
2003-07-07,25.56999969482422,25.760000228881836,25.510000228881836,25.649999618530273,9007000
2003-07-08,25.399999618530273,25.475000381469727,25.184999465942383,25.350000381469727,12915600
2003-07-09,25.415000915527344,25.565000534057617,25.219999313354492,25.399999618530273,10478200
2003-07-10,25.485000610351562,25.700000762939453,24.875,25.415000915527344,11292400
2003-07-11,25.940000534057617,25.975000381469727,25.614999771118164,25.690000534057617,10195800
2003-07-14,26.514999389648438,26.854999542236328,26.375,26.450000762939453,16287600
2003-07-15,25.96500015258789,26.31999969482422,25.014999389648438,25.014999389648438,15105000
2003-07-16,25.969999313354492,26.075000762939453,25.75,25.96500015258789,12979400
2003-07-17,25.475000381469727,25.850000381469727,25.364999771118164,25.75,8912600
2003-07-18,25.690000534057617,25.739999771118164,25.389999389648438,25.575000762939453,9549200
2003-07-21,25.6200008392334,25.665000915527344,25.350000381469727,25.665000915527344,10789600
2003-07-22,25.985000610351562,26.100000381469727,25.600000381469727,25.655000686645508,15919000
2003-07-23,25.94499969482422,26.0,25.704999923706055,25.9950008392334,8581800
2003-07-24,25.725000381469727,26.2450008392334,25.704999923706055,26.2450008392334,11521000
2003-07-25,26.045000076293945,26.114999771118164,25.635000228881836,25.75,9315000
2003-07-28,25.950000762939453,26.149999618530273,25.895000457763672,26.149999618530273,8817400
2003-07-29,25.905000686645508,26.049999237060547,25.75,25.975000381469727,9267600
2003-07-30,25.665000915527344,26.024999618530273,25.635000228881836,25.905000686645508,7621800
2003-07-31,25.264999389648438,25.94499969482422,25.174999237060547,25.889999389648438,18053600
2003-08-01,25.049999237060547,25.270000457763672,24.760000228881836,25.264999389648438,14218600
2003-08-04,25.135000228881836,25.219999313354492,24.690000534057617,25.049999237060547,13498200
2003-08-05,24.8799991607666,25.225000381469727,24.854999542236328,24.950000762939453,10965200
2003-08-06,24.985000610351562,25.19499969482422,24.71500015258789,24.75,11039000
2003-08-07,24.979999542236328,25.045000076293945,24.760000228881836,24.950000762939453,6976400
2003-08-08,25.125,25.165000915527344,24.975000381469727,25.010000228881836,5834000
2003-08-11,24.975000381469727,25.100000381469727,24.7549991607666,25.075000762939453,9716400
2003-08-12,25.18000030517578,25.209999084472656,24.93000030517578,25.209999084472656,9455000
2003-08-13,25.024999618530273,25.274999618530273,24.954999923706055,25.25,8282800
2003-08-14,25.239999771118164,25.309999465942383,24.8799991607666,25.100000381469727,8520600
2003-08-15,25.260000228881836,25.260000228881836,25.059999465942383,25.239999771118164,4480000
2003-08-18,25.170000076293945,25.309999465942383,25.065000534057617,25.309999465942383,6399200
2003-08-19,25.190000534057617,25.31999969482422,25.0,25.100000381469727,8947400
2003-08-20,24.975000381469727,25.190000534057617,24.899999618530273,25.190000534057617,7819200
2003-08-21,24.829999923706055,25.075000762939453,24.700000762939453,25.0,12390200
2003-08-22,24.565000534057617,24.864999771118164,24.559999465942383,24.850000381469727,20987600
2003-08-25,24.844999313354492,24.850000381469727,24.450000762939453,24.565000534057617,11111400
2003-08-26,24.809999465942383,24.850000381469727,24.469999313354492,24.639999389648438,11373000
2003-08-27,24.75,24.799999237060547,24.649999618530273,24.725000381469727,7616000
2003-08-28,25.03499984741211,25.03499984741211,24.655000686645508,24.864999771118164,12132200
2003-08-29,25.06999969482422,25.06999969482422,24.795000076293945,25.03499984741211,8146800
2003-09-02,25.575000762939453,25.639999389648438,25.06999969482422,25.549999237060547,13974200
2003-09-03,25.735000610351562,25.75,25.395000457763672,25.575000762939453,11943600
2003-09-04,25.450000762939453,25.75,25.424999237060547,25.735000610351562,8012800
2003-09-05,25.315000534057617,25.614999771118164,25.2549991607666,25.450000762939453,7545400
2003-09-08,25.604999542236328,25.645000457763672,25.325000762939453,25.440000534057617,6763800
2003-09-09,25.4950008392334,25.594999313354492,25.360000610351562,25.55500030517578,7444200
2003-09-10,25.020000457763672,25.5,24.959999084472656,25.5,14559200
2003-09-11,24.899999618530273,25.219999313354492,24.899999618530273,25.104999542236328,10128400
2003-09-12,25.135000228881836,25.204999923706055,24.844999313354492,24.905000686645508,11594000
2003-09-15,25.020000457763672,25.1200008392334,24.950000762939453,25.049999237060547,6167000
2003-09-16,25.225000381469727,25.295000076293945,25.030000686645508,25.030000686645508,7905600
2003-09-17,25.30500030517578,25.350000381469727,25.190000534057617,25.225000381469727,6629400
2003-09-18,25.799999237060547,25.864999771118164,25.3799991607666,25.389999389648438,10407200
2003-09-19,25.834999084472656,25.860000610351562,25.6299991607666,25.850000381469727,8166800
2003-09-22,25.549999237060547,25.834999084472656,25.21500015258789,25.834999084472656,8084200
2003-09-23,25.510000228881836,25.639999389648438,25.405000686645508,25.55500030517578,7792200
2003-09-24,25.3700008392334,25.604999542236328,25.28499984741211,25.575000762939453,8368800
2003-09-25,25.479999542236328,25.604999542236328,25.350000381469727,25.375,9983000
2003-09-26,25.700000762939453,25.75,25.479999542236328,25.479999542236328,11414400
2003-09-29,25.854999542236328,25.875,25.549999237060547,25.700000762939453,8787600
2003-09-30,25.75,25.915000915527344,25.549999237060547,25.854999542236328,10413200
2003-10-01,26.450000762939453,26.469999313354492,25.84000015258789,25.84000015258789,13211000
2003-10-02,26.479999542236328,26.514999389648438,26.260000228881836,26.299999237060547,9913600
2003-10-03,26.614999771118164,26.90999984741211,26.540000915527344,26.700000762939453,13604200
2003-10-06,26.670000076293945,26.780000686645508,26.440000534057617,26.600000381469727,5550600
2003-10-07,27.075000762939453,27.114999771118164,26.575000762939453,26.670000076293945,10259600
2003-10-08,27.06999969482422,27.125,26.815000534057617,27.024999618530273,10473800
2003-10-09,27.100000381469727,27.25,26.975000381469727,27.06999969482422,9937600
2003-10-10,27.274999618530273,27.325000762939453,27.084999084472656,27.110000610351562,8590400
2003-10-13,27.524999618530273,27.604999542236328,27.299999237060547,27.375,8136200
2003-10-14,27.584999084472656,27.959999084472656,27.399999618530273,27.46500015258789,7854800
2003-10-15,27.514999389648438,27.639999389648438,27.395000457763672,27.639999389648438,7890200
2003-10-16,27.530000686645508,27.584999084472656,27.024999618530273,27.514999389648438,9076800
2003-10-17,27.5,27.545000076293945,27.3799991607666,27.530000686645508,9685000
2003-10-20,27.684999465942383,27.684999465942383,27.399999618530273,27.5,9140400
2003-10-21,27.75,27.895000457763672,27.18000030517578,27.454999923706055,13084800
2003-10-22,27.364999771118164,27.579999923706055,27.290000915527344,27.485000610351562,10225600
2003-10-23,27.604999542236328,27.614999771118164,27.21500015258789,27.364999771118164,9824200
2003-10-24,27.5,27.5,27.135000228881836,27.450000762939453,8945200
2003-10-27,27.219999313354492,27.690000534057617,27.014999389648438,27.600000381469727,11773800
2003-10-28,27.454999923706055,27.469999313354492,26.809999465942383,26.809999465942383,10847800
2003-10-29,27.44499969482422,27.475000381469727,27.204999923706055,27.454999923706055,6985200
2003-10-30,27.690000534057617,27.690000534057617,27.299999237060547,27.469999313354492,9436600
2003-10-31,28.15999984741211,28.354999542236328,27.604999542236328,27.649999618530273,15241800
2003-11-03,28.440000534057617,28.475000381469727,28.15999984741211,28.15999984741211,10957400
2003-11-04,27.985000610351562,28.440000534057617,27.825000762939453,28.440000534057617,14114000
2003-11-05,27.844999313354492,27.905000686645508,27.575000762939453,27.825000762939453,9903200
2003-11-06,27.875,27.954999923706055,27.354999542236328,27.844999313354492,7944400
2003-11-07,27.799999237060547,28.05500030517578,27.454999923706055,27.950000762939453,8379000
2003-11-10,27.7549991607666,27.825000762939453,27.540000915527344,27.639999389648438,6480000
2003-11-11,27.96500015258789,28.110000610351562,27.7549991607666,27.7549991607666,6900800
2003-11-12,28.364999771118164,28.475000381469727,27.875,28.049999237060547,12063800
2003-11-13,28.579999923706055,28.68000030517578,28.149999618530273,28.364999771118164,8532600
2003-11-14,28.270000457763672,28.579999923706055,28.170000076293945,28.579999923706055,5838000
2003-11-17,28.280000686645508,28.280000686645508,28.0049991607666,28.059999465942383,5597600
2003-11-18,28.075000762939453,28.375,28.024999618530273,28.350000381469727,6774000
2003-11-19,28.200000762939453,28.260000228881836,27.774999618530273,27.790000915527344,6238400
2003-11-20,28.18000030517578,28.559999465942383,28.045000076293945,28.125,8750000
2003-11-21,28.25,28.389999389648438,28.1299991607666,28.364999771118164,11042800
2003-11-24,28.354999542236328,28.545000076293945,28.25,28.5,9088400
2003-11-25,28.575000762939453,28.739999771118164,28.225000381469727,28.40999984741211,7275400
2003-11-26,28.68000030517578,28.739999771118164,28.479999542236328,28.674999237060547,6826400
2003-11-28,28.665000915527344,28.75,28.6200008392334,28.6200008392334,2296200
2003-12-01,28.875,28.93000030517578,28.649999618530273,28.885000228881836,7023400
2003-12-02,28.584999084472656,28.875,28.514999389648438,28.875,9908800
2003-12-03,28.375,28.639999389648438,28.315000534057617,28.524999618530273,10740600
2003-12-04,28.459999084472656,28.545000076293945,28.219999313354492,28.44499969482422,6545400
2003-12-05,28.399999618530273,28.520000457763672,28.25,28.415000915527344,7458200
2003-12-08,28.604999542236328,28.69499969482422,28.344999313354492,28.350000381469727,5691200
2003-12-09,28.21500015258789,28.489999771118164,28.145000457763672,28.485000610351562,9056600
2003-12-10,28.204999923706055,28.290000915527344,27.854999542236328,28.219999313354492,8662000
2003-12-11,28.450000762939453,28.6200008392334,28.15999984741211,28.15999984741211,8577200
2003-12-12,28.5049991607666,28.540000915527344,28.385000228881836,28.475000381469727,6116400
2003-12-15,28.040000915527344,28.625,28.030000686645508,28.625,8744600
2003-12-16,28.575000762939453,28.59000015258789,28.084999084472656,28.084999084472656,9446800
2003-12-17,28.649999618530273,28.690000534057617,28.399999618530273,28.575000762939453,8430000
2003-12-18,28.895000457763672,28.90999984741211,28.579999923706055,28.700000762939453,6580000
2003-12-19,29.040000915527344,29.09000015258789,28.850000381469727,28.954999923706055,14301600
2003-12-22,28.9950008392334,29.075000762939453,28.829999923706055,29.03499984741211,6117400
2003-12-23,29.18000030517578,29.190000534057617,28.959999084472656,28.9950008392334,5548000
2003-12-24,29.135000228881836,29.2450008392334,29.09000015258789,29.174999237060547,2174800
2003-12-26,29.184999465942383,29.295000076293945,29.110000610351562,29.135000228881836,1783600
2003-12-29,29.389999389648438,29.399999618530273,29.135000228881836,29.149999618530273,5795000
2003-12-30,29.469999313354492,29.4950008392334,29.264999389648438,29.360000610351562,5547600
2003-12-31,29.44499969482422,29.59000015258789,29.21500015258789,29.469999313354492,6413000
2004-01-02,29.084999084472656,29.44499969482422,28.975000381469727,29.25,8243200
2004-01-05,29.225000381469727,29.344999313354492,28.96500015258789,29.225000381469727,8846000
2004-01-06,29.1299991607666,29.225000381469727,29.05500030517578,29.075000762939453,8381600
2004-01-07,28.834999084472656,29.0,28.75,28.885000228881836,10670600
2004-01-08,28.825000762939453,28.915000915527344,28.559999465942383,28.84000015258789,11367000
2004-01-09,28.690000534057617,29.174999237060547,28.670000076293945,28.674999237060547,6712000
2004-01-12,28.479999542236328,28.690000534057617,28.3700008392334,28.690000534057617,8059400
2004-01-13,28.139999389648438,28.420000076293945,27.985000610351562,28.389999389648438,12016400
2004-01-14,28.165000915527344,28.280000686645508,28.03499984741211,28.25,10535800
2004-01-15,28.25,28.485000610351562,27.985000610351562,28.264999389648438,15305000
2004-01-16,28.594999313354492,28.614999771118164,28.225000381469727,28.25,9213200
2004-01-20,28.674999237060547,28.850000381469727,28.3700008392334,28.565000534057617,9566000
2004-01-21,28.920000076293945,28.950000762939453,28.5049991607666,28.520000457763672,7570600
2004-01-22,28.549999237060547,28.94499969482422,28.5,28.850000381469727,8899800
2004-01-23,28.420000076293945,28.795000076293945,28.34000015258789,28.625,10300600
2004-01-26,29.020000457763672,29.020000457763672,28.389999389648438,28.399999618530273,8958000
2004-01-27,28.704999923706055,29.200000762939453,28.665000915527344,29.020000457763672,8306400
2004-01-28,28.530000686645508,29.21500015258789,28.479999542236328,28.700000762939453,10035800
2004-01-29,28.920000076293945,28.969999313354492,28.4950008392334,28.6299991607666,10798200
2004-01-30,28.704999923706055,28.979999542236328,28.684999465942383,28.920000076293945,7398200
2004-02-02,28.780000686645508,28.950000762939453,28.520000457763672,28.81999969482422,7022200
2004-02-03,28.979999542236328,29.100000381469727,28.725000381469727,28.860000610351562,7382400
2004-02-04,28.549999237060547,28.7450008392334,28.475000381469727,28.639999389648438,7239200
2004-02-05,28.530000686645508,28.6200008392334,28.34000015258789,28.584999084472656,5446400
2004-02-06,28.979999542236328,28.979999542236328,28.709999084472656,28.71500015258789,5921600
2004-02-09,28.844999313354492,28.920000076293945,28.71500015258789,28.799999237060547,5014400
2004-02-10,28.78499984741211,28.885000228881836,28.635000228881836,28.774999618530273,6998800
2004-02-11,29.100000381469727,29.18000030517578,28.4950008392334,28.719999313354492,8056600
2004-02-12,28.700000762939453,29.1299991607666,28.399999618530273,29.049999237060547,8569000
2004-02-13,28.684999465942383,28.924999237060547,28.530000686645508,28.75,6506600
2004-02-17,28.700000762939453,28.924999237060547,28.65999984741211,28.80500030517578,5892800
2004-02-18,28.475000381469727,28.799999237060547,28.46500015258789,28.700000762939453,8460200
2004-02-19,28.78499984741211,28.989999771118164,28.40999984741211,28.549999237060547,9603800
2004-02-20,28.44499969482422,28.829999923706055,28.440000534057617,28.790000915527344,9448800
2004-02-23,28.43000030517578,28.665000915527344,28.415000915527344,28.625,8201000
2004-02-24,28.360000610351562,28.454999923706055,28.229999542236328,28.3700008392334,9742600
2004-02-25,28.614999771118164,28.665000915527344,28.315000534057617,28.31999969482422,7902600
2004-02-26,28.625,28.719999313354492,28.545000076293945,28.600000381469727,8698600
2004-02-27,28.674999237060547,28.860000610351562,28.200000762939453,28.200000762939453,7829000
2004-03-01,28.815000534057617,28.915000915527344,28.75,28.875,6058800
2004-03-02,28.65999984741211,28.959999084472656,28.65999984741211,28.850000381469727,6699800
2004-03-03,28.875,28.885000228881836,28.6299991607666,28.65999984741211,5293800
2004-03-04,29.059999465942383,29.149999618530273,28.889999389648438,28.899999618530273,6447200
2004-03-05,29.19499969482422,29.485000610351562,28.959999084472656,29.059999465942383,7519600
2004-03-08,29.299999237060547,29.450000762939453,29.170000076293945,29.174999237060547,6900000
2004-03-09,29.219999313354492,29.2450008392334,29.075000762939453,29.174999237060547,5969800
2004-03-10,29.219999313354492,29.440000534057617,29.170000076293945,29.219999313354492,8683200
2004-03-11,28.854999542236328,29.489999771118164,28.850000381469727,29.100000381469727,10775200
2004-03-12,28.959999084472656,29.149999618530273,28.825000762939453,28.940000534057617,8047400
2004-03-15,28.889999389648438,29.174999237060547,28.854999542236328,28.90999984741211,7935000
2004-03-16,29.03499984741211,29.125,28.815000534057617,29.0,6649600
2004-03-17,29.184999465942383,29.364999771118164,29.100000381469727,29.125,5768000
2004-03-18,29.155000686645508,29.399999618530273,29.010000228881836,29.165000915527344,7002800
2004-03-19,28.78499984741211,29.25,28.780000686645508,29.155000686645508,7688200
2004-03-22,28.399999618530273,28.78499984741211,28.2549991607666,28.78499984741211,9654400
2004-03-23,28.309999465942383,28.604999542236328,28.30500030517578,28.5,6730200
2004-03-24,28.28499984741211,28.395000457763672,28.155000686645508,28.375,8322600
2004-03-25,28.56999969482422,28.639999389648438,28.270000457763672,28.375,6925400
2004-03-26,28.475000381469727,28.625,28.440000534057617,28.565000534057617,6393800
2004-03-29,28.584999084472656,28.68000030517578,28.475000381469727,28.600000381469727,6838000
2004-03-30,28.415000915527344,28.594999313354492,28.344999313354492,28.59000015258789,10068800
2004-03-31,28.334999084472656,28.434999465942383,28.204999923706055,28.375,11330400
2004-04-01,28.625,28.729999542236328,28.354999542236328,28.360000610351562,7028400
2004-04-02,28.30500030517578,28.71500015258789,28.174999237060547,28.709999084472656,10338000
2004-04-05,28.315000534057617,28.34000015258789,28.15999984741211,28.274999618530273,9280800
2004-04-06,28.59000015258789,28.59000015258789,28.2549991607666,28.299999237060547,6654200
2004-04-07,28.375,28.610000610351562,28.364999771118164,28.524999618530273,8556000
2004-04-08,28.440000534057617,28.485000610351562,28.34000015258789,28.475000381469727,5838800
2004-04-12,28.514999389648438,28.790000915527344,28.40999984741211,28.584999084472656,6158200
2004-04-13,27.825000762939453,28.454999923706055,27.704999923706055,28.450000762939453,13803400
2004-04-14,27.6200008392334,28.0,27.375,27.635000228881836,15814400
2004-04-15,27.469999313354492,27.725000381469727,27.295000076293945,27.649999618530273,11567600
2004-04-16,28.03499984741211,28.149999618530273,27.475000381469727,27.5,13420600
2004-04-19,27.954999923706055,28.0049991607666,27.81999969482422,27.889999389648438,7029800
2004-04-20,27.68000030517578,28.309999465942383,27.68000030517578,27.959999084472656,11589400
2004-04-21,28.104999542236328,28.1200008392334,27.639999389648438,27.665000915527344,10267000
2004-04-22,28.375,28.489999771118164,28.049999237060547,28.104999542236328,9568800
2004-04-23,28.200000762939453,28.3799991607666,28.0,28.375,8337600
2004-04-26,28.19499969482422,28.469999313354492,28.104999542236328,28.309999465942383,7256600
2004-04-27,28.545000076293945,28.7450008392334,28.315000534057617,28.375,10814000
2004-04-28,28.149999618530273,28.424999237060547,28.139999389648438,28.424999237060547,10569000
2004-04-29,28.209999084472656,28.625,28.06999969482422,28.225000381469727,8325000
2004-04-30,28.229999542236328,28.469999313354492,28.19499969482422,28.299999237060547,7787600
2004-05-03,28.485000610351562,28.4950008392334,28.155000686645508,28.260000228881836,8294800
2004-05-04,28.524999618530273,28.7450008392334,28.280000686645508,28.385000228881836,12521200
2004-05-05,28.309999465942383,28.440000534057617,28.155000686645508,28.299999237060547,9762000
2004-05-06,28.075000762939453,28.270000457763672,27.979999542236328,28.135000228881836,7010400
2004-05-07,27.545000076293945,28.024999618530273,27.350000381469727,28.0,12484000
2004-05-10,27.395000457763672,27.549999237060547,27.15999984741211,27.375,11726600
2004-05-11,27.549999237060547,27.600000381469727,27.299999237060547,27.395000457763672,9078200
2004-05-12,27.950000762939453,28.045000076293945,27.295000076293945,27.524999618530273,10987000
2004-05-13,28.049999237060547,28.2450008392334,27.80500030517578,27.825000762939453,11970800
2004-05-14,28.4950008392334,28.6299991607666,28.049999237060547,28.049999237060547,14996400
2004-05-17,28.454999923706055,28.6200008392334,28.1299991607666,28.155000686645508,10223600
2004-05-18,28.924999237060547,28.940000534057617,28.489999771118164,28.549999237060547,12647200
2004-05-19,28.850000381469727,29.399999618530273,28.795000076293945,28.979999542236328,16055600
2004-05-20,29.0,29.06999969482422,28.809999465942383,28.850000381469727,8893400
2004-05-21,29.024999618530273,29.274999618530273,28.850000381469727,29.100000381469727,9670600
2004-05-24,29.165000915527344,29.309999465942383,29.030000686645508,29.200000762939453,7335600
2004-05-25,29.375,29.405000686645508,29.045000076293945,29.165000915527344,7672400
2004-05-26,29.559999465942383,29.625,29.21500015258789,29.375,8815400
2004-05-27,29.524999618530273,29.860000610351562,29.325000762939453,29.774999618530273,12676400
2004-05-28,29.399999618530273,29.575000762939453,29.229999542236328,29.5,7927600
2004-06-01,29.315000534057617,29.424999237060547,29.165000915527344,29.420000076293945,7136400
2004-06-02,29.260000228881836,29.440000534057617,29.049999237060547,29.399999618530273,8642400
2004-06-03,29.145000457763672,29.264999389648438,29.040000915527344,29.260000228881836,5910200
2004-06-04,29.295000076293945,29.489999771118164,29.21500015258789,29.399999618530273,5023600
2004-06-07,29.5049991607666,29.565000534057617,29.364999771118164,29.395000457763672,5949400
2004-06-08,29.399999618530273,29.559999465942383,29.295000076293945,29.440000534057617,6064200
2004-06-09,29.0,29.415000915527344,29.0,29.399999618530273,8827400
2004-06-10,29.30500030517578,29.31999969482422,29.125,29.225000381469727,4057000
2004-06-14,29.020000457763672,29.25,28.940000534057617,29.25,5563800
2004-06-15,29.125,29.385000228881836,29.059999465942383,29.299999237060547,7573200
2004-06-16,29.100000381469727,29.2450008392334,29.049999237060547,29.1299991607666,3873600
2004-06-17,29.204999923706055,29.364999771118164,28.954999923706055,29.014999389648438,4553600
2004-06-18,29.299999237060547,29.4950008392334,29.18000030517578,29.274999618530273,6649400
2004-06-21,29.260000228881836,29.440000534057617,29.145000457763672,29.264999389648438,6777000
2004-06-22,29.3799991607666,29.424999237060547,29.209999084472656,29.260000228881836,6935200
2004-06-23,29.524999618530273,29.56999969482422,29.274999618530273,29.350000381469727,6696400
2004-06-24,29.344999313354492,29.5049991607666,29.325000762939453,29.375,5938200
2004-06-25,28.764999389648438,29.30500030517578,28.764999389648438,29.200000762939453,9109800
2004-06-28,28.875,29.125,28.735000610351562,28.889999389648438,8043600
2004-06-29,28.674999237060547,28.764999389648438,28.405000686645508,28.5,9438800
2004-06-30,28.614999771118164,28.809999465942383,28.40999984741211,28.774999618530273,10297200
2004-07-01,28.295000076293945,28.704999923706055,28.2549991607666,28.584999084472656,9435400
2004-07-02,28.614999771118164,28.875,28.334999084472656,28.350000381469727,7302000
2004-07-06,28.459999084472656,28.575000762939453,28.424999237060547,28.489999771118164,6609200
2004-07-07,28.614999771118164,28.790000915527344,28.450000762939453,28.459999084472656,5369200
2004-07-08,28.469999313354492,28.75,28.385000228881836,28.475000381469727,5526200
2004-07-09,28.510000228881836,28.584999084472656,28.290000915527344,28.514999389648438,4247800
2004-07-12,28.78499984741211,28.864999771118164,28.385000228881836,28.385000228881836,8098200
2004-07-13,28.885000228881836,29.03499984741211,28.610000610351562,28.610000610351562,9360000
2004-07-14,28.75,29.0,28.6299991607666,28.815000534057617,5591600
2004-07-15,28.700000762939453,28.96500015258789,28.700000762939453,28.875,7250800
2004-07-16,28.954999923706055,29.049999237060547,28.690000534057617,28.989999771118164,7385400
2004-07-19,29.225000381469727,29.375,28.954999923706055,29.049999237060547,8440600
2004-07-20,29.030000686645508,29.165000915527344,28.594999313354492,29.075000762939453,9717800
2004-07-21,28.625,29.25,28.625,29.075000762939453,6557200
2004-07-22,28.545000076293945,28.649999618530273,28.375,28.475000381469727,6238800
2004-07-23,28.31999969482422,28.510000228881836,28.260000228881836,28.489999771118164,4856400
2004-07-26,28.40999984741211,28.479999542236328,28.264999389648438,28.28499984741211,4780000
2004-07-27,28.71500015258789,28.799999237060547,28.389999389648438,28.46500015258789,5767400
2004-07-28,28.71500015258789,28.825000762939453,28.399999618530273,28.59000015258789,11086600
2004-07-29,28.864999771118164,28.959999084472656,28.739999771118164,28.875,4770000
2004-07-30,28.704999923706055,28.875,28.565000534057617,28.809999465942383,4319800
2004-08-02,28.93000030517578,28.959999084472656,28.55500030517578,28.674999237060547,4417200
2004-08-03,28.739999771118164,29.010000228881836,28.71500015258789,28.850000381469727,5360200
2004-08-04,28.635000228881836,28.65999984741211,28.344999313354492,28.5,4578800
2004-08-05,28.145000457763672,28.625,28.1200008392334,28.575000762939453,4978200
2004-08-06,28.18000030517578,28.44499969482422,28.059999465942383,28.125,6861200
2004-08-09,28.19499969482422,28.375,28.15999984741211,28.15999984741211,3747600
2004-08-10,28.5,28.565000534057617,28.2549991607666,28.334999084472656,6003200
2004-08-11,28.78499984741211,28.829999923706055,28.389999389648438,28.5,7909600
2004-08-12,28.579999923706055,28.829999923706055,28.56999969482422,28.59000015258789,5312400
2004-08-13,28.770000457763672,28.829999923706055,28.524999618530273,28.604999542236328,4730000
2004-08-16,28.889999389648438,28.9950008392334,28.68000030517578,28.770000457763672,5742000
2004-08-17,28.940000534057617,29.0,28.834999084472656,28.93000030517578,4968600
2004-08-18,28.979999542236328,29.040000915527344,28.850000381469727,28.93000030517578,7171600
2004-08-19,28.975000381469727,29.045000076293945,28.760000228881836,28.969999313354492,5589200
2004-08-20,29.024999618530273,29.094999313354492,28.8799991607666,29.0,6390600
2004-08-23,28.94499969482422,29.209999084472656,28.90999984741211,29.0,5378000
2004-08-24,29.084999084472656,29.170000076293945,29.010000228881836,29.06999969482422,4428400
2004-08-25,29.274999618530273,29.360000610351562,29.059999465942383,29.084999084472656,6052800
2004-08-26,29.329999923706055,29.514999389648438,29.165000915527344,29.204999923706055,5945200
2004-08-27,29.329999923706055,29.43000030517578,29.225000381469727,29.399999618530273,3820600
2004-08-30,29.19499969482422,29.364999771118164,29.190000534057617,29.239999771118164,3788400
2004-08-31,29.375,29.375,29.1200008392334,29.19499969482422,5632400
2004-09-01,29.415000915527344,29.514999389648438,29.18000030517578,29.385000228881836,6109200
2004-09-02,29.719999313354492,29.75,29.40999984741211,29.475000381469727,5853800
2004-09-03,29.635000228881836,29.905000686645508,29.600000381469727,29.739999771118164,5437800
2004-09-07,29.860000610351562,29.93000030517578,29.735000610351562,29.8700008392334,6942200
2004-09-08,29.5,29.850000381469727,29.459999084472656,29.799999237060547,7577400
2004-09-09,29.4950008392334,29.600000381469727,29.399999618530273,29.575000762939453,5227000
2004-09-10,29.565000534057617,29.610000610351562,29.30500030517578,29.545000076293945,5215600
2004-09-13,29.594999313354492,29.725000381469727,29.524999618530273,29.635000228881836,6076000
2004-09-14,29.434999465942383,29.735000610351562,29.434999465942383,29.649999618530273,5136600
2004-09-15,29.549999237060547,29.780000686645508,29.434999465942383,29.440000534057617,5384200
2004-09-16,29.614999771118164,29.684999465942383,29.485000610351562,29.565000534057617,3803200
2004-09-17,29.670000076293945,29.78499984741211,29.584999084472656,29.700000762939453,4705200
2004-09-20,29.520000457763672,29.725000381469727,29.389999389648438,29.639999389648438,4437600
2004-09-21,29.53499984741211,29.645000457763672,29.309999465942383,29.579999923706055,5512600
2004-09-22,29.350000381469727,29.454999923706055,29.165000915527344,29.28499984741211,9074400
2004-09-23,29.065000534057617,29.440000534057617,29.024999618530273,29.399999618530273,7255000
2004-09-24,29.31999969482422,29.434999465942383,29.010000228881836,29.010000228881836,5944400
2004-09-27,29.510000228881836,29.639999389648438,29.30500030517578,29.325000762939453,8448800
2004-09-28,29.670000076293945,29.729999542236328,29.315000534057617,29.549999237060547,6589200
2004-09-29,29.65999984741211,29.670000076293945,29.385000228881836,29.524999618530273,7159200
2004-09-30,29.815000534057617,29.8799991607666,29.549999237060547,29.774999618530273,8665200
2004-10-01,30.094999313354492,30.1200008392334,29.764999389648438,29.834999084472656,8296000
2004-10-04,30.209999084472656,30.354999542236328,30.114999771118164,30.200000762939453,8433400
2004-10-05,30.170000076293945,30.325000762939453,30.06999969482422,30.1200008392334,5706000
2004-10-06,30.325000762939453,30.325000762939453,30.114999771118164,30.125,5235800
2004-10-07,30.1200008392334,30.334999084472656,30.075000762939453,30.225000381469727,4187000
2004-10-08,30.239999771118164,30.34000015258789,30.100000381469727,30.15999984741211,5289000
2004-10-11,30.225000381469727,30.31999969482422,30.165000915527344,30.25,3050400
2004-10-12,30.229999542236328,30.25,30.06999969482422,30.125,5274000
2004-10-13,30.1200008392334,30.325000762939453,29.969999313354492,30.325000762939453,6339200
2004-10-14,29.739999771118164,30.145000457763672,29.549999237060547,30.100000381469727,11385400
2004-10-15,30.024999618530273,30.075000762939453,29.81999969482422,29.860000610351562,8162000
2004-10-18,30.075000762939453,30.25,29.924999237060547,30.0,7029000
2004-10-19,29.674999237060547,29.860000610351562,29.399999618530273,29.825000762939453,10124000
2004-10-20,29.40999984741211,29.5049991607666,29.1299991607666,29.5,9220000
2004-10-21,29.260000228881836,29.459999084472656,28.889999389648438,29.299999237060547,9433000
2004-10-22,28.940000534057617,29.40999984741211,28.940000534057617,29.299999237060547,7261200
2004-10-25,28.924999237060547,28.934999465942383,28.774999618530273,28.875,7155600
2004-10-26,29.350000381469727,29.350000381469727,28.989999771118164,28.989999771118164,6989200
2004-10-27,29.575000762939453,29.674999237060547,29.104999542236328,29.25,7275200
2004-10-28,29.915000915527344,29.985000610351562,29.424999237060547,29.559999465942383,8527000
2004-10-29,29.860000610351562,29.975000381469727,29.674999237060547,29.850000381469727,6797200
2004-11-01,29.954999923706055,29.989999771118164,29.850000381469727,29.96500015258789,6785200
2004-11-02,29.899999618530273,30.1200008392334,29.7450008392334,29.854999542236328,8276600
2004-11-03,30.149999618530273,30.149999618530273,29.875,30.0,9490200
2004-11-04,30.709999084472656,30.7450008392334,30.079999923706055,30.165000915527344,9776600
2004-11-05,30.75,30.8700008392334,30.59000015258789,30.75,9630600
2004-11-08,30.80500030517578,30.915000915527344,30.690000534057617,30.75,5946000
2004-11-09,30.774999618530273,30.940000534057617,30.68000030517578,30.924999237060547,5036000
2004-11-10,30.75,30.94499969482422,30.739999771118164,30.780000686645508,4833600
2004-11-11,31.075000762939453,31.139999389648438,30.81999969482422,30.875,6919200
2004-11-12,31.28499984741211,31.28499984741211,31.0,31.145000457763672,5939400
2004-11-15,31.274999618530273,31.299999237060547,31.075000762939453,31.21500015258789,6858800
2004-11-16,31.09000015258789,31.290000915527344,31.079999923706055,31.270000457763672,5777200
2004-11-17,31.229999542236328,31.364999771118164,31.075000762939453,31.325000762939453,6291000
2004-11-18,31.225000381469727,31.34000015258789,31.145000457763672,31.25,4514000
2004-11-19,30.774999618530273,31.290000915527344,30.704999923706055,31.200000762939453,7879200
2004-11-22,31.024999618530273,31.104999542236328,30.75,30.899999618530273,6130400
2004-11-23,31.200000762939453,31.200000762939453,30.934999465942383,31.024999618530273,7367000
2004-11-24,31.225000381469727,31.290000915527344,31.165000915527344,31.19499969482422,4962400
2004-11-26,31.25,31.364999771118164,31.184999465942383,31.209999084472656,1774000
2004-11-29,31.100000381469727,31.415000915527344,31.030000686645508,31.360000610351562,7622200
2004-11-30,30.885000228881836,31.075000762939453,30.860000610351562,30.989999771118164,8465800
2004-12-01,31.440000534057617,31.440000534057617,31.024999618530273,31.075000762939453,9401200
2004-12-02,31.334999084472656,31.469999313354492,31.260000228881836,31.440000534057617,5129600
2004-12-03,31.200000762939453,31.344999313354492,31.09000015258789,31.28499984741211,5045400
2004-12-06,31.239999771118164,31.270000457763672,31.065000534057617,31.184999465942383,4943000
2004-12-07,30.90999984741211,31.235000610351562,30.889999389648438,31.235000610351562,6421400
2004-12-08,31.209999084472656,31.295000076293945,30.9950008392334,31.125,7434000
2004-12-09,31.479999542236328,31.489999771118164,31.049999237060547,31.100000381469727,7549000
2004-12-10,31.510000228881836,32.02000045776367,31.290000915527344,32.02000045776367,5739200
2004-12-13,31.625,31.690000534057617,31.520000457763672,31.549999237060547,6795600
2004-12-14,31.475000381469727,31.649999618530273,31.454999923706055,31.625,5706600
2004-12-15,31.264999389648438,31.549999237060547,31.225000381469727,31.46500015258789,7763800
2004-12-16,31.3799991607666,31.420000076293945,31.05500030517578,31.264999389648438,11531400
2004-12-17,31.0,31.280000686645508,30.94499969482422,31.0,13108000
2004-12-20,31.040000915527344,31.190000534057617,30.975000381469727,31.174999237060547,6759200
2004-12-21,31.100000381469727,31.19499969482422,30.954999923706055,31.030000686645508,7022200
2004-12-22,31.145000457763672,31.200000762939453,30.924999237060547,31.03499984741211,7197800
2004-12-23,31.204999923706055,31.360000610351562,31.149999618530273,31.174999237060547,4441000
2004-12-27,31.155000686645508,31.40999984741211,31.155000686645508,31.299999237060547,4545400
2004-12-28,31.290000915527344,31.344999313354492,31.15999984741211,31.200000762939453,3614000
2004-12-29,31.200000762939453,31.325000762939453,31.079999923706055,31.200000762939453,3506400
2004-12-30,31.100000381469727,31.299999237060547,31.100000381469727,31.239999771118164,3413200
2004-12-31,31.075000762939453,31.235000610351562,31.075000762939453,31.1299991607666,2721400
2005-01-03,30.954999923706055,31.165000915527344,30.875,31.114999771118164,8168200
2005-01-04,30.979999542236328,31.25,30.885000228881836,30.975000381469727,9241400
2005-01-05,31.014999389648438,31.375,30.975000381469727,31.040000915527344,7694600
2005-01-06,31.125,31.149999618530273,30.899999618530273,31.049999237060547,8887600
2005-01-07,31.084999084472656,31.280000686645508,31.030000686645508,31.170000076293945,6573200
2005-01-10,31.065000534057617,31.225000381469727,30.825000762939453,31.024999618530273,7685200
2005-01-11,31.0049991607666,31.09000015258789,30.850000381469727,31.024999618530273,7490800
2005-01-12,30.59000015258789,30.975000381469727,30.549999237060547,30.934999465942383,11469200
2005-01-13,30.31999969482422,30.704999923706055,30.229999542236328,30.600000381469727,10710000
2005-01-14,30.344999313354492,30.424999237060547,30.15999984741211,30.315000534057617,10155000
2005-01-18,30.729999542236328,30.7549991607666,30.049999237060547,30.075000762939453,10051000
2005-01-19,30.5,30.7450008392334,30.479999542236328,30.700000762939453,6215400
2005-01-20,30.270000457763672,30.399999618530273,30.155000686645508,30.219999313354492,6901800
2005-01-21,30.059999465942383,30.290000915527344,30.0049991607666,30.204999923706055,6870600
2005-01-24,29.975000381469727,30.299999237060547,29.899999618530273,30.059999465942383,7968800
2005-01-25,30.165000915527344,30.239999771118164,29.975000381469727,29.975000381469727,7470600
2005-01-26,30.434999465942383,30.540000915527344,30.229999542236328,30.25,7278400
2005-01-27,30.21500015258789,30.485000610351562,30.094999313354492,30.235000610351562,6116000
2005-01-28,30.260000228881836,30.424999237060547,30.104999542236328,30.19499969482422,6079000
2005-01-31,30.649999618530273,30.700000762939453,30.454999923706055,30.530000686645508,6569800
2005-02-01,30.899999618530273,31.09000015258789,30.684999465942383,30.774999618530273,8031800
2005-02-02,30.389999389648438,30.625,30.270000457763672,30.625,8393000
2005-02-03,30.524999618530273,30.524999618530273,30.264999389648438,30.325000762939453,5671600
2005-02-04,30.489999771118164,30.55500030517578,30.290000915527344,30.549999237060547,5937600
2005-02-07,30.709999084472656,30.770000457763672,30.274999618530273,30.5,7077800
2005-02-08,30.719999313354492,30.9950008392334,30.635000228881836,30.9950008392334,7216800
2005-02-09,30.454999923706055,30.790000915527344,30.454999923706055,30.774999618530273,5659000
2005-02-10,30.21500015258789,30.649999618530273,30.204999923706055,30.575000762939453,8304000
2005-02-11,30.149999618530273,30.344999313354492,30.110000610351562,30.274999618530273,9075200
2005-02-14,30.655000686645508,30.655000686645508,30.469999313354492,30.489999771118164,6347800
2005-02-15,30.649999618530273,30.790000915527344,30.6200008392334,30.75,7888200
2005-02-16,30.3799991607666,30.610000610351562,30.350000381469727,30.600000381469727,6526800
2005-02-17,30.200000762939453,30.420000076293945,30.200000762939453,30.350000381469727,5904000
2005-02-18,29.905000686645508,30.2450008392334,29.860000610351562,30.225000381469727,8970000
2005-02-22,29.415000915527344,29.934999465942383,29.389999389648438,29.850000381469727,10694800
2005-02-23,29.7450008392334,29.799999237060547,29.55500030517578,29.625,10419800
2005-02-24,29.844999313354492,29.9950008392334,29.739999771118164,29.96500015258789,11462600
2005-02-25,29.950000762939453,30.075000762939453,29.735000610351562,29.850000381469727,6639200
2005-02-28,29.690000534057617,29.959999084472656,29.594999313354492,29.850000381469727,10207800
2005-03-01,29.924999237060547,30.094999313354492,29.825000762939453,29.825000762939453,7323600
2005-03-02,29.75,30.020000457763672,29.75,29.875,8147600
2005-03-03,29.704999923706055,29.985000610351562,29.704999923706055,29.899999618530273,7258600
2005-03-04,30.25,30.30500030517578,29.8799991607666,29.975000381469727,7183200
2005-03-07,30.364999771118164,30.559999465942383,30.235000610351562,30.25,6901600
2005-03-08,30.395000457763672,30.46500015258789,30.165000915527344,30.264999389648438,6662000
2005-03-09,29.8700008392334,30.239999771118164,29.844999313354492,30.190000534057617,8224600
2005-03-10,30.104999542236328,30.239999771118164,29.920000076293945,29.93000030517578,6687600
2005-03-11,29.899999618530273,30.25,29.795000076293945,30.174999237060547,6568800
2005-03-14,30.049999237060547,30.135000228881836,29.885000228881836,29.899999618530273,7924200
2005-03-15,29.989999771118164,30.329999923706055,29.959999084472656,30.225000381469727,6888400
2005-03-16,29.764999389648438,29.954999923706055,29.729999542236328,29.850000381469727,8023800
2005-03-17,29.799999237060547,29.950000762939453,29.635000228881836,29.649999618530273,6721000
2005-03-18,29.690000534057617,29.969999313354492,29.524999618530273,29.950000762939453,15738800
2005-03-21,29.594999313354492,29.760000228881836,29.5,29.690000534057617,7827200
2005-03-22,29.190000534057617,29.84000015258789,29.190000534057617,29.65999984741211,10154400
2005-03-23,29.3700008392334,29.514999389648438,29.075000762939453,29.149999618530273,9915800
2005-03-24,29.19499969482422,29.600000381469727,29.19499969482422,29.364999771118164,6903800
2005-03-28,29.434999465942383,29.625,29.299999237060547,29.299999237060547,6785400
2005-03-29,29.46500015258789,29.700000762939453,29.375,29.440000534057617,6835400
2005-03-30,29.850000381469727,29.889999389648438,29.485000610351562,29.485000610351562,7839000
2005-03-31,29.899999618530273,30.174999237060547,29.895000457763672,29.975000381469727,8826400
2005-04-01,29.71500015258789,30.135000228881836,29.6299991607666,30.075000762939453,10740000
2005-04-04,29.920000076293945,29.969999313354492,29.600000381469727,29.770000457763672,9716000
2005-04-05,29.84000015258789,30.024999618530273,29.829999923706055,29.920000076293945,5439400
2005-04-06,29.8700008392334,30.049999237060547,29.850000381469727,29.889999389648438,6572400
2005-04-07,29.940000534057617,30.145000457763672,29.829999923706055,29.8700008392334,6693600
2005-04-08,29.780000686645508,30.075000762939453,29.780000686645508,30.065000534057617,7322600
2005-04-11,30.0,30.065000534057617,29.8700008392334,29.96500015258789,5838200
2005-04-12,30.315000534057617,30.450000762939453,29.8700008392334,29.899999618530273,9482200
2005-04-13,30.110000610351562,30.440000534057617,30.040000915527344,30.3700008392334,8400000
2005-04-14,29.924999237060547,30.209999084472656,29.8700008392334,30.209999084472656,8100800
2005-04-15,29.565000534057617,30.020000457763672,29.565000534057617,29.924999237060547,9987200
2005-04-18,29.7549991607666,30.024999618530273,29.600000381469727,29.600000381469727,11165000
2005-04-19,29.46500015258789,29.795000076293945,29.46500015258789,29.75,10071000
2005-04-20,29.075000762939453,29.549999237060547,29.059999465942383,29.364999771118164,9099200
2005-04-21,29.334999084472656,29.344999313354492,28.885000228881836,29.25,10482400
2005-04-22,29.334999084472656,29.520000457763672,29.06999969482422,29.260000228881836,6322400
2005-04-25,29.575000762939453,29.639999389648438,29.3799991607666,29.450000762939453,6318800
2005-04-26,29.395000457763672,29.770000457763672,29.364999771118164,29.575000762939453,6901200
2005-04-27,29.7549991607666,29.875,29.235000610351562,29.3799991607666,8934400
2005-04-28,29.770000457763672,30.03499984741211,29.625,29.760000228881836,8910800
2005-04-29,29.969999313354492,29.985000610351562,29.59000015258789,29.809999465942383,9182000
2005-05-02,30.200000762939453,30.334999084472656,30.0049991607666,30.040000915527344,10383600
2005-05-03,30.145000457763672,30.405000686645508,30.045000076293945,30.229999542236328,8389200
2005-05-04,30.334999084472656,30.354999542236328,29.850000381469727,29.90999984741211,8421000
2005-05-05,30.125,30.399999618530273,29.905000686645508,30.274999618530273,6642000
2005-05-06,29.8799991607666,30.155000686645508,29.850000381469727,30.1299991607666,7046600
2005-05-09,30.110000610351562,30.200000762939453,29.81999969482422,29.885000228881836,6331200
2005-05-10,29.860000610351562,30.094999313354492,29.815000534057617,29.950000762939453,6476600
2005-05-11,30.024999618530273,30.110000610351562,29.7450008392334,29.84000015258789,5759800
2005-05-12,29.90999984741211,30.225000381469727,29.84000015258789,30.114999771118164,5820200
2005-05-13,29.625,29.924999237060547,29.5,29.739999771118164,7528000
2005-05-16,30.0049991607666,30.125,29.625,29.674999237060547,7479200
2005-05-17,30.229999542236328,30.25,29.825000762939453,29.899999618530273,6099600
2005-05-18,30.485000610351562,30.53499984741211,30.354999542236328,30.43000030517578,8407200
2005-05-19,30.639999389648438,30.645000457763672,30.420000076293945,30.610000610351562,5630600
2005-05-20,30.665000915527344,30.7450008392334,30.469999313354492,30.684999465942383,7065400
2005-05-23,30.700000762939453,30.899999618530273,30.645000457763672,30.700000762939453,6383600
2005-05-24,30.514999389648438,30.75,30.3700008392334,30.575000762939453,6047600
2005-05-25,30.44499969482422,30.469999313354492,30.25,30.399999618530273,4333400
2005-05-26,30.469999313354492,30.530000686645508,30.3700008392334,30.4950008392334,4074200
2005-05-27,30.395000457763672,30.459999084472656,30.350000381469727,30.424999237060547,5001400
2005-05-31,30.204999923706055,30.399999618530273,30.204999923706055,30.360000610351562,7182800
2005-06-01,30.75,30.80500030517578,30.25,30.274999618530273,9600200
2005-06-02,30.764999389648438,30.864999771118164,30.725000381469727,30.860000610351562,7398200
2005-06-03,30.674999237060547,30.80500030517578,30.579999923706055,30.790000915527344,6123000
2005-06-06,30.719999313354492,30.760000228881836,30.559999465942383,30.635000228881836,4051600
2005-06-07,30.684999465942383,31.049999237060547,30.670000076293945,30.844999313354492,5839800
2005-06-08,30.75,30.915000915527344,30.674999237060547,30.84000015258789,6303000
2005-06-09,30.665000915527344,30.815000534057617,30.639999389648438,30.75,5360200
2005-06-10,30.655000686645508,31.110000610351562,30.459999084472656,30.725000381469727,4914000
2005-06-13,30.549999237060547,30.75,30.420000076293945,30.59000015258789,4074200
2005-06-14,30.575000762939453,30.645000457763672,30.44499969482422,30.5,5180000
2005-06-15,30.674999237060547,30.68000030517578,30.530000686645508,30.604999542236328,5105600
2005-06-16,30.725000381469727,30.7450008392334,30.549999237060547,30.65999984741211,4433200
2005-06-17,30.795000076293945,31.020000457763672,30.709999084472656,31.020000457763672,9063600
2005-06-20,30.829999923706055,30.940000534057617,30.6299991607666,30.75,5869400
2005-06-21,30.7450008392334,30.8700008392334,30.65999984741211,30.829999923706055,4980600
2005-06-22,30.854999542236328,31.03499984741211,30.854999542236328,30.899999618530273,6314600
2005-06-23,30.5049991607666,30.8700008392334,30.5049991607666,30.84000015258789,6583200
2005-06-24,30.360000610351562,30.5,30.0,30.415000915527344,8934600
2005-06-27,30.299999237060547,30.4950008392334,30.270000457763672,30.334999084472656,5039000
2005-06-28,30.670000076293945,30.7450008392334,30.290000915527344,30.3799991607666,5376800
2005-06-29,30.969999313354492,31.059999465942383,30.84000015258789,30.954999923706055,9936400
2005-06-30,30.790000915527344,31.075000762939453,30.674999237060547,31.0,12656800
2005-07-01,30.635000228881836,30.959999084472656,30.514999389648438,30.899999618530273,6923400
2005-07-05,30.600000381469727,30.75,30.510000228881836,30.584999084472656,5957800
2005-07-06,30.420000076293945,30.6200008392334,30.405000686645508,30.540000915527344,7746600
2005-07-07,30.31999969482422,30.3799991607666,30.125,30.350000381469727,10395800
2005-07-08,30.635000228881836,30.684999465942383,30.315000534057617,30.315000534057617,8564600
2005-07-11,30.864999771118164,30.899999618530273,30.6200008392334,30.684999465942383,7286600
2005-07-12,30.774999618530273,30.934999465942383,30.65999984741211,30.850000381469727,7835400
2005-07-13,30.864999771118164,30.985000610351562,30.7450008392334,30.774999618530273,5686800
2005-07-14,31.235000610351562,31.239999771118164,30.864999771118164,30.950000762939453,9578600
2005-07-15,31.434999465942383,31.434999465942383,31.110000610351562,31.299999237060547,7989400
2005-07-18,30.9950008392334,31.420000076293945,30.975000381469727,31.420000076293945,7942600
2005-07-19,30.915000915527344,31.149999618530273,30.81999969482422,31.100000381469727,10659200
2005-07-20,31.104999542236328,31.235000610351562,30.790000915527344,30.864999771118164,7015600
2005-07-21,30.889999389648438,31.03499984741211,30.69499969482422,30.9950008392334,7499200
2005-07-22,30.875,30.924999237060547,30.559999465942383,30.809999465942383,7391200
2005-07-25,30.920000076293945,31.040000915527344,30.815000534057617,30.825000762939453,6154000
2005-07-26,31.0,31.149999618530273,30.844999313354492,30.989999771118164,6649800
2005-07-27,30.899999618530273,31.03499984741211,30.799999237060547,31.0049991607666,5821400
2005-07-28,30.969999313354492,31.09000015258789,30.885000228881836,30.924999237060547,5843200
2005-07-29,30.670000076293945,31.010000228881836,30.645000457763672,30.924999237060547,7598000
2005-08-01,30.770000457763672,30.8700008392334,30.700000762939453,30.725000381469727,4878200
2005-08-02,30.860000610351562,30.954999923706055,30.725000381469727,30.770000457763672,5580400
2005-08-03,30.625,30.670000076293945,30.475000381469727,30.600000381469727,5798000
2005-08-04,30.479999542236328,30.625,30.385000228881836,30.625,6358400
2005-08-05,30.184999465942383,30.415000915527344,30.094999313354492,30.40999984741211,7680200
2005-08-08,30.18000030517578,30.270000457763672,30.0,30.190000534057617,4739600
2005-08-09,30.219999313354492,30.290000915527344,30.139999389648438,30.235000610351562,7410400
2005-08-10,30.155000686645508,30.479999542236328,30.045000076293945,30.239999771118164,8688600
2005-08-11,30.229999542236328,30.290000915527344,30.114999771118164,30.155000686645508,6420800
2005-08-12,30.084999084472656,30.225000381469727,30.0,30.165000915527344,4704200
2005-08-15,30.3700008392334,30.424999237060547,30.024999618530273,30.084999084472656,6040200
2005-08-16,29.979999542236328,30.459999084472656,29.979999542236328,30.399999618530273,6524000
2005-08-17,30.0049991607666,30.114999771118164,29.895000457763672,29.979999542236328,6829800
2005-08-18,30.170000076293945,30.219999313354492,29.96500015258789,30.010000228881836,5449800
2005-08-19,30.315000534057617,30.434999465942383,30.2450008392334,30.315000534057617,5422400
2005-08-22,30.334999084472656,30.614999771118164,30.25,30.40999984741211,6036200
2005-08-23,30.024999618530273,30.325000762939453,29.975000381469727,30.299999237060547,8539400
2005-08-24,29.739999771118164,30.049999237060547,29.739999771118164,30.0,10031200
2005-08-25,29.78499984741211,29.84000015258789,29.639999389648438,29.75,5754400
2005-08-26,29.395000457763672,29.975000381469727,29.389999389648438,29.78499984741211,10717000
2005-08-29,29.639999389648438,29.655000686645508,29.100000381469727,29.219999313354492,9488200
2005-08-30,29.395000457763672,29.639999389648438,29.329999923706055,29.639999389648438,9986200
2005-08-31,29.809999465942383,29.81999969482422,29.315000534057617,29.5049991607666,9824800
2005-09-01,29.864999771118164,30.114999771118164,29.514999389648438,29.809999465942383,11171000
2005-09-02,29.645000457763672,30.0049991607666,29.645000457763672,30.0,5735200
2005-09-06,30.1200008392334,30.125,29.760000228881836,29.815000534057617,5899800
2005-09-07,30.03499984741211,30.1200008392334,29.924999237060547,30.1200008392334,5596000
2005-09-08,29.899999618530273,29.93000030517578,29.625,29.649999618530273,8651200
2005-09-09,29.90999984741211,29.9950008392334,29.8700008392334,29.899999618530273,13154600
2005-09-12,29.899999618530273,29.969999313354492,29.75,29.950000762939453,8940400
2005-09-13,29.799999237060547,29.924999237060547,29.649999618530273,29.850000381469727,10214000
2005-09-14,29.594999313354492,29.895000457763672,29.584999084472656,29.799999237060547,10502400
2005-09-15,29.30500030517578,29.415000915527344,29.200000762939453,29.299999237060547,15864800
2005-09-16,29.985000610351562,29.989999771118164,29.489999771118164,29.5049991607666,20939000
2005-09-19,29.799999237060547,29.905000686645508,29.71500015258789,29.899999618530273,7762200
2005-09-20,29.614999771118164,29.989999771118164,29.565000534057617,29.815000534057617,11905000
2005-09-21,29.204999923706055,29.549999237060547,29.200000762939453,29.420000076293945,14770400
2005-09-22,29.399999618530273,29.469999313354492,29.040000915527344,29.049999237060547,12277000
2005-09-23,29.485000610351562,29.610000610351562,29.334999084472656,29.405000686645508,6879000
2005-09-26,29.315000534057617,29.649999618530273,29.260000228881836,29.584999084472656,7148800
2005-09-27,29.290000915527344,29.434999465942383,29.260000228881836,29.350000381469727,10178600
2005-09-28,29.059999465942383,29.44499969482422,29.059999465942383,29.299999237060547,9702000
2005-09-29,29.5049991607666,29.565000534057617,29.0,29.049999237060547,10643600
2005-09-30,29.28499984741211,29.420000076293945,29.204999923706055,29.40999984741211,8148000
2005-10-03,29.225000381469727,29.34000015258789,29.075000762939453,29.25,7618000
2005-10-04,28.889999389648438,29.450000762939453,28.8700008392334,29.229999542236328,9730600
2005-10-05,28.90999984741211,29.125,28.860000610351562,28.889999389648438,9008800
2005-10-06,29.125,29.280000686645508,28.825000762939453,28.850000381469727,9648200
2005-10-07,29.28499984741211,29.530000686645508,29.155000686645508,29.43000030517578,7177000
2005-10-10,28.924999237060547,29.280000686645508,28.915000915527344,29.260000228881836,10048000
2005-10-11,28.934999465942383,29.110000610351562,28.8799991607666,28.950000762939453,9535400
2005-10-12,28.940000534057617,29.184999465942383,28.809999465942383,28.924999237060547,9155000
2005-10-13,29.270000457763672,29.375,28.829999923706055,28.84000015258789,8234600
2005-10-14,29.489999771118164,29.610000610351562,29.31999969482422,29.415000915527344,7975400
2005-10-17,29.56999969482422,29.68000030517578,29.354999542236328,29.549999237060547,7193200
2005-10-18,29.450000762939453,29.684999465942383,29.399999618530273,29.56999969482422,10685200
2005-10-19,29.850000381469727,29.915000915527344,29.25,29.274999618530273,9381600
2005-10-20,29.559999465942383,29.895000457763672,29.43000030517578,29.850000381469727,12349200
2005-10-21,29.579999923706055,29.940000534057617,29.454999923706055,29.799999237060547,15356400
2005-10-24,29.989999771118164,29.989999771118164,29.75,29.799999237060547,9054600
2005-10-25,29.934999465942383,30.0,29.80500030517578,29.854999542236328,7473800
2005-10-26,29.864999771118164,29.985000610351562,29.809999465942383,29.860000610351562,7888200
2005-10-27,29.795000076293945,30.030000686645508,29.795000076293945,29.825000762939453,9985600
2005-10-28,30.329999923706055,30.329999923706055,29.825000762939453,29.844999313354492,10868000
2005-10-31,30.100000381469727,30.329999923706055,30.0049991607666,30.325000762939453,13614800
2005-11-01,29.94499969482422,30.09000015258789,29.844999313354492,30.010000228881836,11941200
2005-11-02,29.815000534057617,30.045000076293945,29.684999465942383,29.700000762939453,8252000
2005-11-03,29.75,29.979999542236328,29.635000228881836,29.774999618530273,10389800
2005-11-04,29.860000610351562,29.895000457763672,29.729999542236328,29.875,8273000
2005-11-07,30.145000457763672,30.200000762939453,29.954999923706055,30.0049991607666,6431000
2005-11-08,30.079999923706055,30.100000381469727,29.924999237060547,29.9950008392334,6620800
2005-11-09,30.21500015258789,30.344999313354492,30.040000915527344,30.065000534057617,6741000
2005-11-10,30.725000381469727,30.795000076293945,30.209999084472656,30.219999313354492,10906600
2005-11-11,31.075000762939453,31.09000015258789,30.625,30.774999618530273,12150800
2005-11-14,31.19499969482422,31.239999771118164,30.975000381469727,31.040000915527344,10287200
2005-11-15,30.7549991607666,31.239999771118164,30.600000381469727,31.21500015258789,10838600
2005-11-16,30.4950008392334,30.950000762939453,30.405000686645508,30.7549991607666,9411800
2005-11-17,31.19499969482422,31.21500015258789,30.475000381469727,30.475000381469727,9780400
2005-11-18,31.2549991607666,31.364999771118164,30.954999923706055,31.200000762939453,12561600
2005-11-21,31.604999542236328,31.625,31.15999984741211,31.190000534057617,11281200
2005-11-22,31.915000915527344,31.94499969482422,31.424999237060547,31.424999237060547,11893000
2005-11-23,32.130001068115234,32.349998474121094,31.774999618530273,31.825000762939453,9218600
2005-11-25,32.16999816894531,32.16999816894531,32.0099983215332,32.130001068115234,2334400
2005-11-28,31.889999389648438,32.27000045776367,31.889999389648438,32.16999816894531,10322600
2005-11-29,31.920000076293945,32.14500045776367,31.905000686645508,32.07500076293945,9595800
2005-11-30,31.424999237060547,31.950000762939453,31.299999237060547,31.934999465942383,12234400
2005-12-01,31.46500015258789,31.75,31.420000076293945,31.700000762939453,7817800
2005-12-02,31.399999618530273,31.549999237060547,31.299999237060547,31.5,5053600
2005-12-05,31.559999465942383,31.575000762939453,31.200000762939453,31.399999618530273,5347400
2005-12-06,31.469999313354492,31.8700008392334,31.43000030517578,31.809999465942383,9467800
2005-12-07,31.25,31.5,31.020000457763672,31.450000762939453,7394800
2005-12-08,31.100000381469727,31.479999542236328,30.975000381469727,31.295000076293945,8688000
2005-12-09,31.30500030517578,31.510000228881836,31.059999465942383,31.165000915527344,6037600
2005-12-12,31.174999237060547,31.395000457763672,31.049999237060547,31.30500030517578,6328200
2005-12-13,31.600000381469727,31.80500030517578,31.100000381469727,31.114999771118164,7883800
2005-12-14,32.0099983215332,32.040000915527344,31.684999465942383,31.719999313354492,9934400
2005-12-15,31.854999542236328,32.064998626708984,31.80500030517578,32.005001068115234,7543200
2005-12-16,31.875,32.2400016784668,31.854999542236328,32.04499816894531,12464800
2005-12-19,31.825000762939453,32.10499954223633,31.764999389648438,31.875,7165600
2005-12-20,31.704999923706055,31.799999237060547,31.625,31.725000381469727,5788000
2005-12-21,31.84000015258789,32.099998474121094,31.704999923706055,31.924999237060547,8066200
2005-12-22,31.989999771118164,31.989999771118164,31.704999923706055,31.864999771118164,5297400
2005-12-23,32.01499938964844,32.07500076293945,31.934999465942383,32.060001373291016,3630400
2005-12-27,31.799999237060547,32.15999984741211,31.729999542236328,32.02000045776367,4331800
2005-12-28,31.575000762939453,31.8799991607666,31.559999465942383,31.80500030517578,5146000
2005-12-29,31.530000686645508,31.729999542236328,31.5,31.584999084472656,4514600
2005-12-30,31.415000915527344,31.53499984741211,31.21500015258789,31.415000915527344,5242800
2006-01-03,31.899999618530273,31.975000381469727,31.19499969482422,31.600000381469727,11016400
2006-01-04,31.530000686645508,31.81999969482422,31.364999771118164,31.799999237060547,10870000
2006-01-05,31.4950008392334,31.55500030517578,31.309999465942383,31.5,10158000
2006-01-06,31.68000030517578,31.774999618530273,31.385000228881836,31.579999923706055,8403800
2006-01-09,31.674999237060547,31.825000762939453,31.55500030517578,31.674999237060547,5619600
2006-01-10,31.649999618530273,31.684999465942383,31.44499969482422,31.549999237060547,7157800
2006-01-11,31.815000534057617,31.895000457763672,31.575000762939453,31.649999618530273,8047000
2006-01-12,31.44499969482422,31.790000915527344,31.43000030517578,31.704999923706055,10763600
2006-01-13,31.625,31.795000076293945,31.510000228881836,31.549999237060547,6365600
2006-01-17,31.299999237060547,31.575000762939453,31.200000762939453,31.459999084472656,10690400
2006-01-18,31.799999237060547,31.844999313354492,31.299999237060547,31.30500030517578,10780800
2006-01-19,31.30500030517578,31.81999969482422,31.270000457763672,31.80500030517578,8713400
2006-01-20,30.75,31.309999465942383,30.75,31.309999465942383,18166000
2006-01-23,30.80500030517578,30.969999313354492,30.75,30.7549991607666,7047400
2006-01-24,30.795000076293945,30.975000381469727,30.65999984741211,30.825000762939453,8232000
2006-01-25,31.0,31.065000534057617,30.729999542236328,30.834999084472656,8580800
2006-01-26,31.28499984741211,31.5,31.184999465942383,31.239999771118164,8598000
2006-01-27,31.350000381469727,31.600000381469727,31.03499984741211,31.28499984741211,7640000
2006-01-30,31.235000610351562,31.364999771118164,31.149999618530273,31.350000381469727,5756400
2006-01-31,31.18000030517578,31.295000076293945,31.104999542236328,31.125,11763400
2006-02-01,30.920000076293945,30.985000610351562,30.75,30.950000762939453,8224200
2006-02-02,30.649999618530273,30.895000457763672,30.600000381469727,30.825000762939453,9830600
2006-02-03,30.520000457763672,30.719999313354492,30.309999465942383,30.424999237060547,7532400
2006-02-06,30.524999618530273,30.600000381469727,30.334999084472656,30.424999237060547,7290000
2006-02-07,30.565000534057617,30.68000030517578,30.450000762939453,30.5,8095000
2006-02-08,30.665000915527344,30.725000381469727,30.395000457763672,30.5,5924400
2006-02-09,30.614999771118164,30.815000534057617,30.5049991607666,30.604999542236328,7052600
2006-02-10,30.864999771118164,30.969999313354492,30.56999969482422,30.635000228881836,6501200
2006-02-13,30.825000762939453,30.875,30.600000381469727,30.774999618530273,5401400
2006-02-14,31.325000762939453,31.584999084472656,30.889999389648438,30.950000762939453,8263600
2006-02-15,31.7450008392334,31.7450008392334,31.315000534057617,31.325000762939453,10144800
2006-02-16,31.975000381469727,32.0,31.5049991607666,31.674999237060547,8282600
2006-02-17,31.80500030517578,32.02000045776367,31.690000534057617,31.979999542236328,6829000
2006-02-21,31.7549991607666,31.920000076293945,31.545000076293945,31.899999618530273,6424800
2006-02-22,32.19499969482422,32.29999923706055,31.854999542236328,31.899999618530273,8381400
2006-02-23,32.19499969482422,32.400001525878906,31.860000610351562,32.150001525878906,8148800
2006-02-24,32.28499984741211,32.415000915527344,32.15999984741211,32.31999969482422,7995600
2006-02-27,32.244998931884766,32.470001220703125,32.17499923706055,32.279998779296875,6128800
2006-02-28,32.099998474121094,32.27000045776367,31.885000228881836,32.16999816894531,9832000
2006-03-01,32.345001220703125,32.38999938964844,32.154998779296875,32.224998474121094,8469600
2006-03-02,31.920000076293945,32.21500015258789,31.774999618530273,32.209999084472656,7875800
2006-03-03,31.90999984741211,32.099998474121094,31.709999084472656,31.850000381469727,6991800
2006-03-06,31.860000610351562,31.94499969482422,31.704999923706055,31.844999313354492,7712200
2006-03-07,32.244998931884766,32.310001373291016,31.725000381469727,31.860000610351562,10496800
2006-03-08,32.20500183105469,32.415000915527344,31.934999465942383,32.150001525878906,6629200
2006-03-09,31.954999923706055,32.279998779296875,31.899999618530273,32.17499923706055,5337200
2006-03-10,32.125,32.20500183105469,31.850000381469727,31.950000762939453,6338800
2006-03-13,32.18000030517578,32.310001373291016,32.08000183105469,32.130001068115234,5802800
2006-03-14,32.459999084472656,32.5,32.09000015258789,32.119998931884766,9241000
2006-03-15,32.45000076293945,32.494998931884766,32.220001220703125,32.375,5446200
2006-03-16,32.470001220703125,32.685001373291016,32.349998474121094,32.5,6533800
2006-03-17,32.529998779296875,32.65999984741211,32.474998474121094,32.64500045776367,9776600
2006-03-20,32.564998626708984,32.6349983215332,32.400001525878906,32.540000915527344,3767200
2006-03-21,32.439998626708984,32.709999084472656,32.345001220703125,32.599998474121094,8162200
2006-03-22,32.685001373291016,32.755001068115234,32.0,32.0,7438200
2006-03-23,32.48500061035156,32.6150016784668,32.314998626708984,32.599998474121094,5277400
2006-03-24,32.4900016784668,32.54499816894531,32.32500076293945,32.415000915527344,5661600
2006-03-27,32.46500015258789,32.52000045776367,32.32500076293945,32.32500076293945,4370400
2006-03-28,32.029998779296875,32.435001373291016,31.924999237060547,32.435001373291016,12745600
2006-03-29,32.099998474121094,32.290000915527344,31.850000381469727,31.989999771118164,8398400
2006-03-30,32.064998626708984,32.25,31.94499969482422,32.099998474121094,7766800
2006-03-31,31.934999465942383,32.209999084472656,31.885000228881836,32.13999938964844,7081600
2006-04-03,32.165000915527344,32.349998474121094,31.959999084472656,31.989999771118164,8248200
2006-04-04,32.435001373291016,32.630001068115234,32.130001068115234,32.165000915527344,7475600
2006-04-05,32.564998626708984,32.709999084472656,32.435001373291016,32.5099983215332,6983200
2006-04-06,32.470001220703125,32.5,32.26499938964844,32.43000030517578,4383200
2006-04-07,32.185001373291016,32.625,32.029998779296875,32.470001220703125,6489800
2006-04-10,32.20500183105469,32.48500061035156,32.15999984741211,32.27000045776367,4753800
2006-04-11,32.189998626708984,32.375,32.11000061035156,32.290000915527344,6077400
2006-04-12,32.19499969482422,32.33000183105469,32.064998626708984,32.25,4091200
2006-04-13,32.32500076293945,32.3849983215332,32.09000015258789,32.19499969482422,5030000
2006-04-17,32.22999954223633,32.45000076293945,32.07500076293945,32.25,6532600
2006-04-18,32.529998779296875,32.59000015258789,31.899999618530273,32.10499954223633,10444200
2006-04-19,32.3650016784668,32.529998779296875,32.290000915527344,32.529998779296875,6701600
2006-04-20,32.51499938964844,32.71500015258789,32.30500030517578,32.349998474121094,7559400
2006-04-21,32.51499938964844,32.724998474121094,32.349998474121094,32.720001220703125,7587400
2006-04-24,32.54999923706055,32.65999984741211,32.36000061035156,32.51499938964844,5664800
2006-04-25,32.54499816894531,32.625,32.38999938964844,32.5,9045600
2006-04-26,32.79999923706055,32.810001373291016,32.57500076293945,32.57500076293945,8547800
2006-04-27,33.584999084472656,33.78499984741211,32.65999984741211,32.70000076293945,14258200
2006-04-28,34.345001220703125,34.55500030517578,33.42499923706055,33.505001068115234,17036400
2006-05-01,34.0,34.42499923706055,33.93000030517578,34.42499923706055,13684800
2006-05-02,33.94499969482422,34.15999984741211,33.834999084472656,34.03499984741211,9664400
2006-05-03,33.67499923706055,33.779998779296875,33.47999954223633,33.685001373291016,6397400
2006-05-04,34.09000015258789,34.1349983215332,33.79999923706055,33.79999923706055,7822400
2006-05-05,34.435001373291016,34.47999954223633,34.189998626708984,34.2400016784668,7290600
2006-05-08,34.19499969482422,34.619998931884766,34.099998474121094,34.36000061035156,6428800
2006-05-09,34.150001525878906,34.310001373291016,34.099998474121094,34.14500045776367,5520200
2006-05-10,33.974998474121094,34.30500030517578,33.82500076293945,34.19499969482422,7143800
2006-05-11,33.7400016784668,33.970001220703125,33.51499938964844,33.90999984741211,7774600
2006-05-12,33.58000183105469,33.939998626708984,33.53499984741211,33.75,7781200
2006-05-15,33.83000183105469,34.0,33.584999084472656,33.599998474121094,9386200
2006-05-16,33.959999084472656,34.060001373291016,33.72999954223633,33.875,5938800
2006-05-17,33.23500061035156,33.95000076293945,33.07500076293945,33.775001525878906,10174000
2006-05-18,32.834999084472656,33.25,32.834999084472656,33.11000061035156,10211200
2006-05-19,33.029998779296875,33.220001220703125,32.85499954223633,32.85499954223633,11928600
2006-05-22,33.31999969482422,33.625,33.0,33.029998779296875,11066200
2006-05-23,33.44499969482422,33.84000015258789,33.369998931884766,33.5099983215332,9861800
2006-05-24,33.5,33.790000915527344,33.28499984741211,33.349998474121094,13867600
2006-05-25,33.54499816894531,33.744998931884766,33.25,33.744998931884766,7225400
2006-05-26,33.625,33.75,33.42499923706055,33.73500061035156,7154800
2006-05-30,33.125,33.48500061035156,33.09000015258789,33.404998779296875,8249600
2006-05-31,33.185001373291016,33.369998931884766,32.88999938964844,33.27000045776367,14804400
2006-06-01,33.83000183105469,33.849998474121094,33.185001373291016,33.25,11070400
2006-06-02,34.06999969482422,34.154998779296875,33.84000015258789,33.94499969482422,11030600
2006-06-05,33.66999816894531,34.119998931884766,33.650001525878906,33.94499969482422,7216600
2006-06-06,33.82500076293945,33.85499954223633,33.334999084472656,33.71500015258789,10172200
2006-06-07,34.1150016784668,34.525001525878906,33.834999084472656,33.845001220703125,12921000
2006-06-08,34.6349983215332,34.665000915527344,33.75,33.900001525878906,16089400
2006-06-09,34.560001373291016,34.845001220703125,34.349998474121094,34.7599983215332,9589400
2006-06-12,34.60499954223633,34.85499954223633,34.310001373291016,34.560001373291016,8986000
2006-06-13,33.53499984741211,34.45000076293945,33.375,34.44499969482422,18554200
2006-06-14,33.26499938964844,33.584999084472656,32.67499923706055,33.505001068115234,15514400
2006-06-15,33.459999084472656,33.54499816894531,33.0,33.29499816894531,13550800
2006-06-16,33.32500076293945,33.459999084472656,33.099998474121094,33.28499984741211,11961200
2006-06-19,33.22999954223633,33.54999923706055,33.11000061035156,33.42499923706055,7249400
2006-06-20,33.2400016784668,33.45000076293945,33.084999084472656,33.084999084472656,7897200
2006-06-21,33.31999969482422,33.619998931884766,33.22999954223633,33.2400016784668,7764800
2006-06-22,33.20500183105469,33.275001525878906,33.025001525878906,33.1349983215332,6289000
2006-06-23,32.755001068115234,32.959999084472656,32.619998931884766,32.95500183105469,10360000
2006-06-26,32.92499923706055,32.9900016784668,32.6349983215332,32.79999923706055,7111000
2006-06-27,32.56999969482422,32.900001525878906,32.56999969482422,32.900001525878906,8223400
2006-06-28,33.125,33.2599983215332,32.875,32.970001220703125,11937000
2006-06-29,33.70000076293945,33.88999938964844,32.630001068115234,33.125,9938800
2006-06-30,33.540000915527344,33.959999084472656,33.529998779296875,33.709999084472656,7969400
2006-07-03,33.720001220703125,33.7400016784668,33.45500183105469,33.55500030517578,2963400
2006-07-05,33.439998626708984,33.654998779296875,33.35499954223633,33.650001525878906,6975600
2006-07-06,33.75,33.7599983215332,33.45500183105469,33.470001220703125,6018600
2006-07-07,34.05500030517578,34.255001068115234,33.650001525878906,33.77000045776367,9838000
2006-07-10,34.165000915527344,34.2599983215332,34.084999084472656,34.17499923706055,4874200
2006-07-11,34.42499923706055,34.435001373291016,33.8849983215332,34.099998474121094,7012400
2006-07-12,34.040000915527344,34.56999969482422,34.01499938964844,34.42499923706055,10465800
2006-07-13,33.994998931884766,34.2599983215332,33.88999938964844,33.904998779296875,12563400
2006-07-14,33.8849983215332,34.06999969482422,33.75,33.994998931884766,7958800
2006-07-17,34.275001525878906,34.474998474121094,33.875,33.88999938964844,9472000
2006-07-18,34.125,34.435001373291016,33.92499923706055,34.025001525878906,11284600
2006-07-19,35.415000915527344,35.45000076293945,34.29999923706055,34.400001525878906,23302400
2006-07-20,35.39500045776367,35.994998931884766,35.39500045776367,35.48500061035156,15528000
2006-07-21,35.595001220703125,35.82500076293945,35.25,35.25,18395400
2006-07-24,35.435001373291016,35.755001068115234,35.345001220703125,35.6150016784668,9715800
2006-07-25,35.349998474121094,35.45000076293945,35.095001220703125,35.2599983215332,9140800
2006-07-26,35.43000030517578,35.540000915527344,35.17499923706055,35.2400016784668,9591400
2006-07-27,35.03499984741211,35.625,34.970001220703125,35.529998779296875,9789400
2006-07-28,36.20500183105469,36.290000915527344,35.349998474121094,35.349998474121094,14244400
2006-07-31,36.16999816894531,36.279998779296875,35.91999816894531,35.97999954223633,11020400
2006-08-01,36.27000045776367,36.34000015258789,35.880001068115234,36.154998779296875,7252400
2006-08-02,36.20000076293945,36.334999084472656,35.834999084472656,36.05500030517578,9775200
2006-08-03,36.32500076293945,36.43000030517578,36.005001068115234,36.20000076293945,9832400
2006-08-04,36.5,36.88999938964844,36.40999984741211,36.59000015258789,10971600
2006-08-07,36.189998626708984,36.505001068115234,36.08000183105469,36.5,7244000
2006-08-08,35.73500061035156,36.34000015258789,35.57500076293945,36.19499969482422,12422400
2006-08-09,34.8650016784668,35.93000030517578,34.75,35.810001373291016,15922800
2006-08-10,34.724998474121094,34.755001068115234,34.29999923706055,34.75,13050800
2006-08-11,34.79499816894531,34.84000015258789,34.474998474121094,34.560001373291016,6047800
2006-08-14,34.650001525878906,35.59000015258789,34.5,35.540000915527344,6539400
2006-08-15,34.970001220703125,35.849998474121094,34.95000076293945,35.84000015258789,8049500
2006-08-16,35.22999954223633,35.380001068115234,35.08000183105469,35.29999923706055,7873400
2006-08-17,35.25,35.38999938964844,35.060001373291016,35.34000015258789,5339700
2006-08-18,35.13999938964844,35.77000045776367,35.0,35.34000015258789,6990000
2006-08-21,35.209999084472656,35.290000915527344,35.0099983215332,35.119998931884766,6733700
2006-08-22,34.880001068115234,35.31999969482422,34.869998931884766,35.31999969482422,8289800
2006-08-23,34.90999984741211,34.970001220703125,34.58000183105469,34.88999938964844,7197400
2006-08-24,35.209999084472656,35.2400016784668,34.970001220703125,35.0,7025200
2006-08-25,34.900001525878906,35.209999084472656,34.790000915527344,35.099998474121094,4387700
2006-08-28,35.119998931884766,35.220001220703125,34.88999938964844,35.0,4224000
2006-08-29,34.849998474121094,35.130001068115234,34.619998931884766,35.130001068115234,6449700
2006-08-30,34.689998626708984,35.0,34.689998626708984,34.779998779296875,5045600
2006-08-31,34.75,34.900001525878906,34.689998626708984,34.88999938964844,11055800
2006-09-01,34.81999969482422,34.900001525878906,34.63999938964844,34.880001068115234,6150900
2006-09-05,34.83000183105469,35.040000915527344,34.75,34.86000061035156,6165500
2006-09-06,35.040000915527344,35.2400016784668,34.70000076293945,34.83000183105469,8283200
2006-09-07,34.66999816894531,35.13999938964844,34.56999969482422,35.040000915527344,6723800
2006-09-08,34.97999954223633,35.099998474121094,34.5099983215332,35.099998474121094,6596700
2006-09-11,35.040000915527344,35.11000061035156,34.209999084472656,35.099998474121094,5197800
2006-09-12,35.34000015258789,35.45000076293945,35.040000915527344,35.189998626708984,8839300
2006-09-13,35.47999954223633,35.540000915527344,35.13999938964844,35.33000183105469,6318700
2006-09-14,35.63999938964844,35.689998626708984,35.2599983215332,35.47999954223633,7104900
2006-09-15,35.869998931884766,36.02000045776367,35.720001220703125,35.91999816894531,12860300
2006-09-18,35.779998779296875,35.97999954223633,35.45000076293945,35.77000045776367,7045800
2006-09-19,35.970001220703125,35.97999954223633,35.630001068115234,35.849998474121094,4750900
2006-09-20,36.29999923706055,36.400001525878906,36.0,36.0,7031200
2006-09-21,36.099998474121094,36.4900016784668,35.880001068115234,36.40999984741211,6262000
2006-09-22,36.0099983215332,36.279998779296875,35.90999984741211,36.279998779296875,3550400
2006-09-25,36.369998931884766,36.4900016784668,36.04999923706055,36.290000915527344,6484300
2006-09-26,36.459999084472656,36.47999954223633,36.25,36.47999954223633,6973500
2006-09-27,36.18000030517578,36.459999084472656,36.09000015258789,36.45000076293945,5727500
2006-09-28,36.119998931884766,36.36000061035156,36.06999969482422,36.25,5447100
2006-09-29,36.18000030517578,36.439998626708984,36.099998474121094,36.150001525878906,5432100
2006-10-02,36.04999923706055,36.31999969482422,35.83000183105469,36.31999969482422,4577500
2006-10-03,36.4900016784668,36.560001373291016,36.04999923706055,36.04999923706055,6904600
2006-10-04,36.630001068115234,36.72999954223633,36.18000030517578,36.279998779296875,7836700
2006-10-05,36.5099983215332,36.720001220703125,36.400001525878906,36.599998474121094,4114600
2006-10-06,36.34000015258789,36.45000076293945,36.20000076293945,36.369998931884766,4834400
2006-10-09,36.40999984741211,36.41999816894531,36.18000030517578,36.2599983215332,2392000
2006-10-10,36.279998779296875,36.56999969482422,36.22999954223633,36.40999984741211,4296700
2006-10-11,36.220001220703125,36.380001068115234,36.02000045776367,36.279998779296875,4630000
2006-10-12,36.29999923706055,36.439998626708984,36.13999938964844,36.369998931884766,5446500
2006-10-13,36.33000183105469,36.459999084472656,36.15999984741211,36.22999954223633,6359300
2006-10-16,36.20000076293945,36.349998474121094,35.9900016784668,36.33000183105469,7133700
2006-10-17,36.47999954223633,36.68000030517578,35.75,36.20000076293945,8750900
2006-10-18,36.810001373291016,36.95000076293945,36.4900016784668,36.72999954223633,6670400
2006-10-19,36.7400016784668,36.81999969482422,36.29999923706055,36.65999984741211,7139800
2006-10-20,36.630001068115234,36.9900016784668,36.4900016784668,36.90999984741211,11002100
2006-10-23,36.66999816894531,36.75,36.33000183105469,36.459999084472656,4544800
2006-10-24,36.45000076293945,36.599998474121094,36.220001220703125,36.5,7779500
2006-10-25,36.38999938964844,36.540000915527344,36.029998779296875,36.45000076293945,7103600
2006-10-26,36.43000030517578,36.47999954223633,36.08000183105469,36.33000183105469,6275300
2006-10-27,36.31999969482422,36.619998931884766,36.25,36.43000030517578,8199100
2006-10-30,36.34000015258789,36.529998779296875,36.209999084472656,36.470001220703125,5850600
2006-10-31,36.290000915527344,36.72999954223633,36.18000030517578,36.4900016784668,11531700
2006-11-01,35.9900016784668,36.29999923706055,35.77000045776367,36.29999923706055,7279600
2006-11-02,35.869998931884766,36.099998474121094,35.72999954223633,35.869998931884766,6738800
2006-11-03,36.0,36.22999954223633,35.93000030517578,35.970001220703125,6358200
2006-11-06,36.34000015258789,36.400001525878906,36.02000045776367,36.099998474121094,7950800
2006-11-07,36.38999938964844,36.56999969482422,36.20000076293945,36.349998474121094,6877000
2006-11-08,36.79999923706055,36.91999816894531,36.349998474121094,36.439998626708984,6838200
2006-11-09,36.72999954223633,36.900001525878906,36.59000015258789,36.900001525878906,5831000
2006-11-10,36.66999816894531,36.81999969482422,36.47999954223633,36.7400016784668,5366300
2006-11-13,36.4900016784668,36.95000076293945,36.38999938964844,36.709999084472656,6552100
2006-11-14,36.709999084472656,36.91999816894531,36.189998626708984,36.529998779296875,5911000
2006-11-15,36.22999954223633,36.720001220703125,36.119998931884766,36.630001068115234,9744200
2006-11-16,36.5,36.630001068115234,36.349998474121094,36.61000061035156,7102800
2006-11-17,36.27000045776367,36.5,36.2599983215332,36.29999923706055,11406500
2006-11-20,36.15999984741211,36.310001373291016,36.040000915527344,36.27000045776367,5877200
2006-11-21,35.779998779296875,36.20000076293945,35.77000045776367,36.15999984741211,7766300
2006-11-22,35.5099983215332,35.81999969482422,35.40999984741211,35.65999984741211,9128900
2006-11-24,35.56999969482422,35.72999954223633,35.279998779296875,35.34000015258789,3660000
2006-11-27,35.20000076293945,35.56999969482422,35.150001525878906,35.459999084472656,10366100
2006-11-28,35.11000061035156,35.150001525878906,34.900001525878906,35.11000061035156,9385700
2006-11-29,35.459999084472656,35.5,35.150001525878906,35.15999984741211,5941700
2006-11-30,35.2400016784668,35.47999954223633,34.9900016784668,35.459999084472656,6475300
2006-12-01,35.22999954223633,35.4900016784668,35.0099983215332,35.43000030517578,8862600
2006-12-04,35.4900016784668,35.619998931884766,35.20000076293945,35.22999954223633,8880800
2006-12-05,35.52000045776367,35.56999969482422,35.310001373291016,35.5,8803800
2006-12-06,35.52000045776367,35.68000030517578,35.5099983215332,35.619998931884766,5104800
2006-12-07,35.4900016784668,35.79999923706055,35.40999984741211,35.650001525878906,5952900
2006-12-08,35.43000030517578,35.58000183105469,35.209999084472656,35.400001525878906,8873800
2006-12-11,35.38999938964844,35.61000061035156,35.33000183105469,35.43000030517578,7216500
2006-12-12,35.34000015258789,35.470001220703125,35.189998626708984,35.31999969482422,12805500
2006-12-13,35.349998474121094,35.4900016784668,35.290000915527344,35.349998474121094,10873500
2006-12-14,35.56999969482422,35.68000030517578,35.29999923706055,35.41999816894531,14117700
2006-12-15,35.650001525878906,35.77000045776367,35.43000030517578,35.599998474121094,19638400
2006-12-18,35.7599983215332,35.810001373291016,35.529998779296875,35.7400016784668,10313500
2006-12-19,35.88999938964844,36.06999969482422,35.70000076293945,35.709999084472656,10087800
2006-12-20,35.880001068115234,36.04999923706055,35.849998474121094,35.91999816894531,6413300
2006-12-21,35.88999938964844,36.060001373291016,35.86000061035156,35.88999938964844,5323400
2006-12-22,35.84000015258789,36.0,35.52000045776367,35.79999923706055,4564000
2006-12-26,35.939998626708984,35.970001220703125,35.720001220703125,35.7599983215332,5115000
2006-12-27,36.04999923706055,36.15999984741211,35.95000076293945,35.97999954223633,5199700
2006-12-28,35.91999816894531,36.09000015258789,35.83000183105469,36.04999923706055,4328300
2006-12-29,35.560001373291016,35.90999984741211,35.47999954223633,35.81999969482422,5992100
2007-01-03,35.7400016784668,36.0099983215332,35.369998931884766,35.93000030517578,12447600
2007-01-04,35.79999923706055,36.02000045776367,35.540000915527344,35.7400016784668,11060500
2007-01-05,35.599998474121094,35.83000183105469,35.5099983215332,35.790000915527344,10329200
2007-01-08,35.5,35.88999938964844,35.38999938964844,35.61000061035156,11650400
2007-01-09,35.59000015258789,35.849998474121094,35.47999954223633,35.58000183105469,10159800
2007-01-10,35.47999954223633,35.650001525878906,35.369998931884766,35.41999816894531,9801800
2007-01-11,35.540000915527344,35.63999938964844,35.45000076293945,35.45000076293945,7089700
2007-01-12,35.5099983215332,35.720001220703125,35.400001525878906,35.540000915527344,10251800
2007-01-16,36.22999954223633,36.5,35.75,35.810001373291016,15186000
2007-01-17,36.27000045776367,36.47999954223633,36.04999923706055,36.310001373291016,11854100
2007-01-18,36.20000076293945,36.38999938964844,36.13999938964844,36.27000045776367,8292400
2007-01-19,36.040000915527344,36.33000183105469,35.869998931884766,36.290000915527344,10649900
2007-01-22,35.75,36.060001373291016,35.58000183105469,35.959999084472656,13683900
2007-01-23,36.0099983215332,36.04999923706055,35.560001373291016,35.79999923706055,8460900
2007-01-24,36.560001373291016,36.630001068115234,35.95000076293945,35.970001220703125,10893500
2007-01-25,36.08000183105469,36.63999938964844,36.02000045776367,36.459999084472656,8555000
2007-01-26,36.029998779296875,36.22999954223633,35.83000183105469,36.130001068115234,10103800
2007-01-29,35.95000076293945,36.119998931884766,35.849998474121094,35.90999984741211,13256200
2007-01-30,35.900001525878906,36.11000061035156,35.810001373291016,36.09000015258789,9689100
2007-01-31,35.91999816894531,36.0,35.470001220703125,35.47999954223633,8536500
2007-02-01,35.869998931884766,36.09000015258789,35.619998931884766,35.93000030517578,7875600
2007-02-02,35.86000061035156,36.04999923706055,35.77000045776367,35.869998931884766,6222200
2007-02-05,35.689998626708984,35.849998474121094,35.65999984741211,35.790000915527344,15495800
2007-02-06,35.900001525878906,36.02000045776367,35.75,35.790000915527344,9657100
2007-02-07,35.880001068115234,36.040000915527344,35.7599983215332,35.90999984741211,9411400
2007-02-08,35.560001373291016,35.810001373291016,35.36000061035156,35.810001373291016,11147500
2007-02-09,35.36000061035156,35.849998474121094,35.22999954223633,35.41999816894531,12378900
2007-02-12,35.599998474121094,35.630001068115234,35.369998931884766,35.47999954223633,8153500
2007-02-13,35.869998931884766,36.029998779296875,35.56999969482422,35.599998474121094,10409500
2007-02-14,36.0099983215332,36.20000076293945,35.81999969482422,35.880001068115234,10671900
2007-02-15,36.0099983215332,36.36000061035156,35.97999954223633,36.220001220703125,6591900
2007-02-16,35.7599983215332,36.279998779296875,35.54999923706055,36.27000045776367,11446000
2007-02-20,35.939998626708984,35.970001220703125,35.599998474121094,35.77000045776367,7986600
2007-02-21,36.18000030517578,36.279998779296875,35.81999969482422,35.939998626708984,12414900
2007-02-22,36.209999084472656,36.22999954223633,35.939998626708984,36.130001068115234,10513900
2007-02-23,35.630001068115234,36.209999084472656,35.540000915527344,36.16999816894531,15818200
2007-02-26,35.66999816894531,35.81999969482422,35.41999816894531,35.75,11862000
2007-02-27,34.38999938964844,35.5,33.79999923706055,35.150001525878906,15744000
2007-02-28,34.70000076293945,35.02000045776367,34.20000076293945,34.5,19013100
2007-03-01,34.65999984741211,34.90999984741211,34.209999084472656,34.5,18585400
2007-03-02,34.439998626708984,35.0,34.400001525878906,34.599998474121094,14720900
2007-03-05,34.029998779296875,34.650001525878906,33.97999954223633,34.0,15652700
2007-03-06,34.65999984741211,34.75,34.20000076293945,34.45000076293945,14467900
2007-03-07,34.31999969482422,34.72999954223633,34.290000915527344,34.52000045776367,10505800
2007-03-08,34.5099983215332,34.779998779296875,34.45000076293945,34.619998931884766,9772400
2007-03-09,34.5,34.84000015258789,34.47999954223633,34.779998779296875,10890000
2007-03-12,34.529998779296875,34.540000915527344,34.02000045776367,34.209999084472656,8307700
2007-03-13,33.470001220703125,34.439998626708984,33.41999816894531,34.2599983215332,21867900
2007-03-14,33.650001525878906,33.880001068115234,33.0099983215332,33.47999954223633,26108800
2007-03-15,34.099998474121094,34.54999923706055,33.52000045776367,33.619998931884766,20471200
2007-03-16,33.95000076293945,34.54999923706055,33.90999984741211,34.130001068115234,21731600
2007-03-19,34.25,34.439998626708984,34.09000015258789,34.09000015258789,12432400
2007-03-20,34.61000061035156,34.66999816894531,34.20000076293945,34.25,10092400
2007-03-21,35.47999954223633,35.560001373291016,34.33000183105469,34.65999984741211,16124700
2007-03-22,34.9900016784668,35.56999969482422,34.619998931884766,35.04999923706055,13373700
2007-03-23,34.959999084472656,35.16999816894531,34.810001373291016,35.02000045776367,9270700
2007-03-26,34.68000030517578,35.0,34.41999816894531,34.84000015258789,11924600
2007-03-27,34.400001525878906,34.95000076293945,34.38999938964844,34.5,14390400
2007-03-28,34.13999938964844,34.439998626708984,34.08000183105469,34.31999969482422,18239700
2007-03-29,34.540000915527344,34.68000030517578,34.22999954223633,34.5,10156800
2007-03-30,34.43000030517578,34.779998779296875,34.15999984741211,34.5,12506300
2007-04-02,34.0099983215332,34.45000076293945,33.93000030517578,34.41999816894531,19070700
2007-04-03,34.5099983215332,34.54999923706055,34.099998474121094,34.099998474121094,11247100
2007-04-04,34.34000015258789,34.54999923706055,34.29999923706055,34.54999923706055,8783800
2007-04-05,34.439998626708984,34.47999954223633,34.189998626708984,34.20000076293945,8935200
2007-04-09,34.369998931884766,34.43000030517578,34.220001220703125,34.40999984741211,10389300
2007-04-10,34.40999984741211,34.47999954223633,34.290000915527344,34.38999938964844,10856200
2007-04-11,34.16999816894531,34.540000915527344,34.16999816894531,34.43000030517578,16288300
2007-04-12,34.34000015258789,34.43000030517578,34.029998779296875,34.16999816894531,13058300
2007-04-13,34.630001068115234,34.7400016784668,34.099998474121094,34.150001525878906,11352900
2007-04-16,35.5099983215332,35.5099983215332,34.70000076293945,34.79999923706055,16418600
2007-04-17,35.25,35.849998474121094,35.09000015258789,35.689998626708984,15190100
2007-04-18,35.95000076293945,36.08000183105469,35.150001525878906,35.400001525878906,17211900
2007-04-19,36.13999938964844,36.220001220703125,35.599998474121094,35.849998474121094,11740400
2007-04-20,36.29999923706055,36.4900016784668,36.02000045776367,36.41999816894531,20674700
2007-04-23,36.02000045776367,36.41999816894531,36.0099983215332,36.369998931884766,9400400
2007-04-24,35.779998779296875,36.0,35.59000015258789,35.95000076293945,11667100
2007-04-25,36.279998779296875,36.33000183105469,35.83000183105469,35.83000183105469,17424400
2007-04-26,36.06999969482422,36.36000061035156,35.540000915527344,35.540000915527344,15068300
2007-04-27,35.939998626708984,36.08000183105469,35.79999923706055,35.970001220703125,8692500
2007-04-30,35.88999938964844,36.22999954223633,35.86000061035156,36.150001525878906,19273800
2007-05-01,36.040000915527344,36.150001525878906,35.720001220703125,36.029998779296875,10277400
2007-05-02,35.689998626708984,35.93000030517578,35.63999938964844,35.7599983215332,8231300
2007-05-03,35.84000015258789,35.97999954223633,35.70000076293945,35.720001220703125,6225100
2007-05-04,35.91999816894531,36.099998474121094,35.75,35.959999084472656,8103300
2007-05-07,36.06999969482422,36.16999816894531,35.90999984741211,35.91999816894531,8388900
2007-05-08,35.810001373291016,36.06999969482422,35.72999954223633,35.869998931884766,9384100
2007-05-09,36.11000061035156,36.220001220703125,35.720001220703125,35.75,11187600
2007-05-10,35.400001525878906,36.029998779296875,35.400001525878906,36.029998779296875,11804500
2007-05-11,35.52000045776367,35.79999923706055,35.41999816894531,35.52000045776367,13532500
2007-05-14,35.29999923706055,35.79999923706055,35.25,35.61000061035156,12078800
2007-05-15,35.40999984741211,35.84000015258789,35.29999923706055,35.45000076293945,11736100
2007-05-16,36.220001220703125,36.22999954223633,35.43000030517578,35.66999816894531,13810700
2007-05-17,36.2400016784668,36.29999923706055,36.0,36.04999923706055,9456600
2007-05-18,36.41999816894531,36.439998626708984,36.279998779296875,36.34000015258789,11731400
2007-05-21,36.310001373291016,36.4900016784668,36.130001068115234,36.45000076293945,15405800
2007-05-22,36.0,36.31999969482422,35.970001220703125,36.2599983215332,12812300
2007-05-23,36.09000015258789,36.189998626708984,35.900001525878906,36.060001373291016,14520200
2007-05-24,36.040000915527344,36.40999984741211,35.9900016784668,36.060001373291016,14604100
2007-05-25,36.130001068115234,36.13999938964844,35.900001525878906,36.06999969482422,7717100
2007-05-29,36.150001525878906,36.29999923706055,36.029998779296875,36.150001525878906,9657300
2007-05-30,36.22999954223633,36.25,35.95000076293945,36.060001373291016,9801600
2007-05-31,36.09000015258789,36.29999923706055,35.9900016784668,36.18000030517578,10211900
2007-06-01,36.400001525878906,36.470001220703125,36.04999923706055,36.09000015258789,9860900
2007-06-04,36.20000076293945,36.400001525878906,36.13999938964844,36.400001525878906,7486000
2007-06-05,35.90999984741211,36.15999984741211,35.75,36.11000061035156,13274400
2007-06-06,35.59000015258789,35.84000015258789,35.5,35.84000015258789,11550300
2007-06-07,35.060001373291016,35.72999954223633,35.040000915527344,35.560001373291016,12456600
2007-06-08,35.34000015258789,35.380001068115234,35.040000915527344,35.04999923706055,10598900
2007-06-11,35.47999954223633,35.689998626708984,35.209999084472656,35.27000045776367,7012700
2007-06-12,35.18000030517578,35.650001525878906,35.150001525878906,35.310001373291016,12201500
2007-06-13,35.939998626708984,35.97999954223633,35.209999084472656,35.29999923706055,10914500
2007-06-14,35.88999938964844,36.099998474121094,35.40999984741211,35.45000076293945,7805400
2007-06-15,35.970001220703125,36.470001220703125,35.95000076293945,36.0,13530400
2007-06-18,36.13999938964844,36.2599983215332,35.900001525878906,36.130001068115234,8271400
2007-06-19,36.380001068115234,36.439998626708984,36.029998779296875,36.150001525878906,10029000
2007-06-20,35.68000030517578,36.459999084472656,35.66999816894531,36.45000076293945,11947500
2007-06-21,35.630001068115234,35.779998779296875,35.33000183105469,35.68000030517578,9491900
2007-06-22,35.02000045776367,35.56999969482422,35.0099983215332,35.470001220703125,18177800
2007-06-25,35.08000183105469,35.40999984741211,34.970001220703125,35.0,14861400
2007-06-26,35.060001373291016,35.41999816894531,35.0099983215332,35.310001373291016,11361000
2007-06-27,35.33000183105469,35.369998931884766,34.689998626708984,34.810001373291016,13528900
2007-06-28,35.279998779296875,35.63999938964844,35.040000915527344,35.33000183105469,9297300
2007-06-29,35.16999816894531,36.150001525878906,34.95000076293945,35.5,14624700
2007-07-02,35.5099983215332,35.650001525878906,35.29999923706055,35.41999816894531,6758900
2007-07-03,35.68000030517578,35.900001525878906,35.529998779296875,35.7400016784668,3654400
2007-07-05,35.31999969482422,35.7400016784668,35.11000061035156,35.56999969482422,7500800
2007-07-06,35.33000183105469,35.400001525878906,35.13999938964844,35.2400016784668,8711000
2007-07-09,35.119998931884766,35.59000015258789,35.08000183105469,35.400001525878906,10523600
2007-07-10,34.439998626708984,35.0,34.33000183105469,35.0,21159600
2007-07-11,34.91999816894531,35.0,34.34000015258789,34.400001525878906,16253500
2007-07-12,35.439998626708984,35.47999954223633,34.91999816894531,35.150001525878906,18310100
2007-07-13,35.540000915527344,35.61000061035156,35.290000915527344,35.34000015258789,9719500
2007-07-16,35.45000076293945,36.0099983215332,35.45000076293945,35.650001525878906,10034300
2007-07-17,35.59000015258789,35.97999954223633,35.400001525878906,35.79999923706055,15446500
2007-07-18,35.38999938964844,35.4900016784668,34.9900016784668,35.45000076293945,19774000
2007-07-19,35.540000915527344,35.75,35.16999816894531,35.540000915527344,14956400
2007-07-20,34.720001220703125,35.65999984741211,34.650001525878906,35.18000030517578,21416100
2007-07-23,34.849998474121094,35.150001525878906,34.720001220703125,34.95000076293945,15077800
2007-07-24,33.93000030517578,34.689998626708984,33.83000183105469,34.45000076293945,23414300
2007-07-25,34.56999969482422,34.869998931884766,34.150001525878906,34.38999938964844,22049700
2007-07-26,33.650001525878906,34.369998931884766,33.40999984741211,33.849998474121094,30408300
2007-07-27,33.560001373291016,34.36000061035156,33.400001525878906,33.689998626708984,26603700
2007-07-30,34.61000061035156,34.720001220703125,33.34000015258789,33.77000045776367,23790300
2007-07-31,33.77000045776367,35.040000915527344,33.68000030517578,34.720001220703125,21447300
2007-08-01,34.47999954223633,34.560001373291016,33.529998779296875,33.7599983215332,29218200
2007-08-02,34.41999816894531,34.81999969482422,33.689998626708984,33.689998626708984,19716100
2007-08-03,32.810001373291016,34.4900016784668,32.65999984741211,34.11000061035156,34723700
2007-08-06,34.7599983215332,34.810001373291016,32.810001373291016,32.810001373291016,36005500
2007-08-07,34.88999938964844,35.29999923706055,34.25,34.25,29253000
2007-08-08,34.9900016784668,35.25,34.290000915527344,34.630001068115234,27057900
2007-08-09,34.15999984741211,35.209999084472656,32.72999954223633,33.900001525878906,25370300
2007-08-10,34.400001525878906,34.88999938964844,33.5,33.5099983215332,24789400
2007-08-13,33.900001525878906,34.810001373291016,33.79999923706055,34.68000030517578,13300800
2007-08-14,33.65999984741211,34.22999954223633,33.540000915527344,33.939998626708984,18934300
2007-08-15,33.56999969482422,34.689998626708984,33.220001220703125,33.68000030517578,22875600
2007-08-16,35.400001525878906,35.959999084472656,32.900001525878906,33.06999969482422,44702200
2007-08-17,37.2400016784668,37.9900016784668,35.90999984741211,37.040000915527344,49846400
2007-08-20,37.099998474121094,37.29999923706055,36.349998474121094,37.220001220703125,29025800
2007-08-21,37.369998931884766,37.77000045776367,36.65999984741211,36.93000030517578,27153000
2007-08-22,36.70000076293945,37.7400016784668,36.380001068115234,37.40999984741211,25721000
2007-08-23,36.45000076293945,37.0,36.150001525878906,36.779998779296875,17197600
2007-08-24,36.56999969482422,36.63999938964844,36.15999984741211,36.45000076293945,16806800
2007-08-27,36.130001068115234,36.58000183105469,36.08000183105469,36.369998931884766,18149200
2007-08-28,35.20000076293945,35.880001068115234,35.130001068115234,35.70000076293945,19522200
2007-08-29,35.97999954223633,36.11000061035156,35.0099983215332,35.349998474121094,15912900
2007-08-30,35.7400016784668,36.09000015258789,35.5,35.79999923706055,14342300
2007-08-31,36.540000915527344,36.779998779296875,36.099998474121094,36.380001068115234,15133700
2007-09-04,36.59000015258789,36.88999938964844,36.22999954223633,36.47999954223633,12123600
2007-09-05,35.88999938964844,36.36000061035156,35.25,36.0099983215332,13896400
2007-09-06,35.650001525878906,36.0,35.16999816894531,35.849998474121094,15233800
2007-09-07,35.20000076293945,35.599998474121094,34.90999984741211,35.06999969482422,17034300
2007-09-10,35.13999938964844,35.5099983215332,34.709999084472656,35.34000015258789,13618400
2007-09-11,36.119998931884766,36.209999084472656,35.08000183105469,35.25,16563400
2007-09-12,35.68000030517578,36.04999923706055,35.63999938964844,35.959999084472656,13375900
2007-09-13,35.810001373291016,36.0099983215332,35.63999938964844,35.7400016784668,14613700
2007-09-14,35.65999984741211,35.810001373291016,35.380001068115234,35.560001373291016,12095900
2007-09-17,35.65999984741211,35.790000915527344,35.380001068115234,35.459999084472656,11573500
2007-09-18,37.189998626708984,37.25,35.459999084472656,35.470001220703125,20974500
2007-09-19,37.29999923706055,37.9900016784668,37.189998626708984,37.380001068115234,21376400
2007-09-20,36.54999923706055,37.41999816894531,36.25,37.11000061035156,17721400
2007-09-21,36.2400016784668,36.90999984741211,36.119998931884766,36.5,23788600
2007-09-24,35.959999084472656,36.290000915527344,35.869998931884766,36.2400016784668,15541500
2007-09-25,36.06999969482422,36.25,35.560001373291016,35.560001373291016,15990400
2007-09-26,35.849998474121094,36.25,35.650001525878906,36.20000076293945,14538500
2007-09-27,36.02000045776367,36.189998626708984,35.54999923706055,35.91999816894531,13663600
2007-09-28,35.619998931884766,35.97999954223633,35.459999084472656,35.86000061035156,15879300
2007-10-01,36.650001525878906,36.72999954223633,35.20000076293945,35.20000076293945,19206300
2007-10-02,36.630001068115234,36.83000183105469,36.22999954223633,36.790000915527344,14569000
2007-10-03,37.0,37.119998931884766,36.34000015258789,36.47999954223633,16787300
2007-10-04,37.27000045776367,37.5,37.0,37.0,12525700
2007-10-05,37.470001220703125,37.779998779296875,36.970001220703125,37.4900016784668,11630000
2007-10-08,36.959999084472656,37.5099983215332,36.7599983215332,37.45000076293945,9408300
2007-10-09,37.119998931884766,37.2400016784668,36.79999923706055,37.099998474121094,10259500
2007-10-10,36.619998931884766,37.11000061035156,36.279998779296875,37.11000061035156,13995900
2007-10-11,36.31999969482422,37.0,35.97999954223633,36.65999984741211,16334300
2007-10-12,36.040000915527344,36.61000061035156,35.97999954223633,36.45000076293945,13902700
2007-10-15,35.95000076293945,36.22999954223633,35.58000183105469,35.970001220703125,14955400
2007-10-16,34.54999923706055,35.06999969482422,34.209999084472656,35.06999969482422,34443800
2007-10-17,34.27000045776367,34.939998626708984,33.7599983215332,34.86000061035156,29190300
2007-10-18,33.5,33.90999984741211,33.29999923706055,33.720001220703125,28606400
2007-10-19,32.86000061035156,33.75,32.86000061035156,33.36000061035156,25084800
2007-10-22,33.81999969482422,33.91999816894531,32.65999984741211,32.72999954223633,23442600
2007-10-23,33.7599983215332,34.16999816894531,33.5,34.099998474121094,13762300
2007-10-24,34.040000915527344,34.34000015258789,32.869998931884766,33.5099983215332,31495500
2007-10-25,33.810001373291016,34.16999816894531,33.36000061035156,34.150001525878906,30605800
2007-10-26,34.54999923706055,34.63999938964844,33.70000076293945,34.4900016784668,18356600
2007-10-29,34.130001068115234,34.779998779296875,34.09000015258789,34.70000076293945,13636300
2007-10-30,34.0,34.25,33.849998474121094,34.0099983215332,12756900
2007-10-31,34.0099983215332,34.52000045776367,33.400001525878906,34.47999954223633,21564500
2007-11-01,32.11000061035156,33.400001525878906,32.040000915527344,33.18000030517578,32112000
2007-11-02,32.310001373291016,32.720001220703125,31.8700008392334,32.349998474121094,32732300
2007-11-05,31.93000030517578,32.459999084472656,31.540000915527344,32.0,28996500
2007-11-06,32.95000076293945,33.0,31.950000762939453,32.0,31844600
2007-11-07,30.760000228881836,33.02000045776367,30.75,32.689998626708984,49881300
2007-11-08,31.479999542236328,31.670000076293945,30.56999969482422,31.389999389648438,41754200
2007-11-09,31.65999984741211,32.43000030517578,30.649999618530273,31.1299991607666,33082100
2007-11-12,32.349998474121094,33.279998779296875,31.540000915527344,31.540000915527344,28380000
2007-11-13,33.88999938964844,33.93000030517578,32.470001220703125,32.9900016784668,22352300
2007-11-14,33.25,34.290000915527344,33.11000061035156,34.15999984741211,18661800
2007-11-15,31.969999313354492,33.13999938964844,31.670000076293945,32.630001068115234,34812300
2007-11-16,31.139999389648438,31.850000381469727,30.81999969482422,31.690000534057617,39530300
2007-11-19,30.530000686645508,31.1200008392334,29.829999923706055,31.010000228881836,40613800
2007-11-20,30.420000076293945,30.979999542236328,29.700000762939453,30.270000457763672,38990900
2007-11-21,29.920000076293945,30.56999969482422,29.829999923706055,30.110000610351562,41541600
2007-11-23,30.84000015258789,31.139999389648438,30.260000228881836,30.479999542236328,12297700
2007-11-26,29.489999771118164,31.020000457763672,29.440000534057617,30.899999618530273,27166400
2007-11-27,29.829999923706055,30.18000030517578,29.290000915527344,30.18000030517578,39726300
2007-11-28,30.719999313354492,31.639999389648438,29.989999771118164,30.09000015258789,54712600
2007-11-29,30.540000915527344,30.790000915527344,30.049999237060547,30.719999313354492,24391500
2007-11-30,32.43000030517578,34.0,31.229999542236328,32.16999816894531,51608600
2007-12-03,31.84000015258789,32.75,31.68000030517578,32.75,19735700
2007-12-04,31.760000228881836,31.950000762939453,31.18000030517578,31.709999084472656,22999900
2007-12-05,32.400001525878906,32.529998779296875,31.84000015258789,32.290000915527344,18992400
2007-12-06,32.59000015258789,33.43000030517578,31.530000686645508,31.940000534057617,25330600
2007-12-07,31.709999084472656,32.970001220703125,31.559999465942383,32.720001220703125,22086200
2007-12-10,32.63999938964844,32.900001525878906,31.760000228881836,31.760000228881836,19879600
2007-12-11,30.770000457763672,32.599998474121094,30.670000076293945,32.599998474121094,35948300
2007-12-12,30.670000076293945,31.8799991607666,29.829999923706055,31.360000610351562,41219400
2007-12-13,30.559999465942383,30.639999389648438,29.75,30.030000686645508,27845000
2007-12-14,30.06999969482422,30.829999923706055,29.850000381469727,30.3799991607666,21069200
2007-12-17,30.06999969482422,30.8799991607666,29.5,30.0,21773800
2007-12-18,30.31999969482422,30.68000030517578,29.649999618530273,30.299999237060547,20313700
2007-12-19,30.6200008392334,31.290000915527344,30.209999084472656,30.389999389648438,23568800
2007-12-20,30.3700008392334,30.969999313354492,29.93000030517578,30.90999984741211,17637400
2007-12-21,30.3700008392334,30.770000457763672,29.8799991607666,30.670000076293945,35344200
2007-12-24,31.200000762939453,31.389999389648438,30.399999618530273,30.450000762939453,9505400
2007-12-26,31.260000228881836,31.43000030517578,30.760000228881836,31.219999313354492,11876900
2007-12-27,30.299999237060547,30.889999389648438,30.209999084472656,30.760000228881836,18016800
2007-12-28,30.09000015258789,30.579999923706055,29.899999618530273,30.520000457763672,12907200
2007-12-31,30.190000534057617,30.56999969482422,29.75,30.09000015258789,12947700
2008-01-02,29.100000381469727,30.479999542236328,28.979999542236328,30.479999542236328,24387800
2008-01-03,28.520000457763672,29.3700008392334,28.170000076293945,29.25,26313100
2008-01-04,27.489999771118164,28.31999969482422,26.989999771118164,28.25,50818700
2008-01-07,27.68000030517578,28.040000915527344,27.110000610351562,27.700000762939453,25887100
2008-01-08,26.5,28.110000610351562,26.3700008392334,27.8700008392334,41495200
2008-01-09,27.040000915527344,27.1200008392334,25.790000915527344,26.5,37293300
2008-01-10,27.90999984741211,28.459999084472656,26.5,26.559999465942383,44359200
2008-01-11,28.200000762939453,28.639999389648438,27.149999618530273,27.709999084472656,32925100
2008-01-14,28.209999084472656,28.420000076293945,27.65999984741211,28.3799991607666,22667200
2008-01-15,26.489999771118164,27.389999389648438,26.450000762939453,27.209999084472656,36283900
2008-01-16,27.3700008392334,28.110000610351562,26.719999313354492,27.700000762939453,43681900
2008-01-17,26.1299991607666,27.690000534057617,26.0,27.510000228881836,34795200
2008-01-18,25.479999542236328,26.989999771118164,25.020000457763672,26.65999984741211,49848000
2008-01-22,26.950000762939453,28.270000457763672,24.3799991607666,24.3799991607666,60889400
2008-01-23,29.3799991607666,30.100000381469727,26.200000762939453,26.209999084472656,88250400
2008-01-24,31.15999984741211,31.440000534057617,29.469999313354492,30.0,65278700
2008-01-25,30.65999984741211,32.040000915527344,30.030000686645508,31.540000915527344,57728300
2008-01-28,31.799999237060547,31.93000030517578,30.270000457763672,30.40999984741211,36801500
2008-01-29,32.599998474121094,32.83000183105469,31.360000610351562,32.0,44412500
2008-01-30,32.7599983215332,34.0,32.189998626708984,32.47999954223633,62076900
2008-01-31,34.08000183105469,34.25,31.770000457763672,32.209999084472656,60276300
2008-02-01,33.650001525878906,34.560001373291016,33.13999938964844,33.2599983215332,44720500
2008-02-04,31.389999389648438,32.54999923706055,31.100000381469727,32.38999938964844,39734200
2008-02-05,30.469999313354492,30.969999313354492,30.219999313354492,30.579999923706055,33198700
2008-02-06,30.079999923706055,30.989999771118164,29.75,30.84000015258789,30586300
2008-02-07,30.459999084472656,30.8700008392334,29.690000534057617,29.84000015258789,31932500
2008-02-08,29.479999542236328,30.469999313354492,29.049999237060547,30.360000610351562,34869000
2008-02-11,29.540000915527344,29.899999618530273,28.829999923706055,29.899999618530273,23042800
2008-02-12,29.920000076293945,30.350000381469727,29.40999984741211,29.780000686645508,28865800
2008-02-13,30.469999313354492,30.65999984741211,29.6200008392334,30.209999084472656,34892200
2008-02-14,29.59000015258789,30.639999389648438,29.5,30.540000915527344,25116200
2008-02-15,29.690000534057617,29.790000915527344,28.75,29.420000076293945,26386700
2008-02-19,29.860000610351562,30.770000457763672,29.459999084472656,30.5,29717800
2008-02-20,30.649999618530273,30.81999969482422,29.260000228881836,29.540000915527344,28800700
2008-02-21,30.739999771118164,31.15999984741211,30.610000610351562,30.81999969482422,28937100
2008-02-22,31.440000534057617,31.579999923706055,30.309999465942383,30.860000610351562,28788100
2008-02-25,31.690000534057617,31.860000610351562,30.700000762939453,31.200000762939453,42232900
2008-02-26,31.399999618530273,31.979999542236328,31.010000228881836,31.59000015258789,30393300
2008-02-27,31.739999771118164,32.310001373291016,30.65999984741211,30.84000015258789,30550200
2008-02-28,30.559999465942383,31.43000030517578,30.540000915527344,31.43000030517578,27700300
2008-02-29,29.229999542236328,30.399999618530273,29.030000686645508,30.260000228881836,33507400
2008-03-03,28.8700008392334,29.25,28.219999313354492,29.239999771118164,25951400
2008-03-04,28.829999923706055,29.06999969482422,27.84000015258789,28.440000534057617,30441700
2008-03-05,28.979999542236328,30.0,28.59000015258789,29.260000228881836,32727100
2008-03-06,27.829999923706055,28.809999465942383,27.75,28.59000015258789,33668800
2008-03-07,28.110000610351562,29.389999389648438,27.1299991607666,27.479999542236328,48327100
2008-03-10,27.889999389648438,28.549999237060547,27.440000534057617,28.479999542236328,33698100
2008-03-11,30.81999969482422,30.81999969482422,28.75,29.8799991607666,51189600
2008-03-12,29.540000915527344,31.59000015258789,29.440000534057617,30.420000076293945,39549000
2008-03-13,29.479999542236328,29.81999969482422,27.8700008392334,28.799999237060547,51569200
2008-03-14,28.450000762939453,30.059999465942383,28.0,29.75,51388600
2008-03-17,28.780000686645508,29.309999465942383,27.100000381469727,27.25,54665200
2008-03-18,31.540000915527344,31.579999923706055,29.649999618530273,30.100000381469727,55149600
2008-03-19,30.579999923706055,32.43000030517578,30.290000915527344,31.690000534057617,46917900
2008-03-20,32.54999923706055,32.79999923706055,30.75,30.959999084472656,47658600
2008-03-24,32.09000015258789,33.529998779296875,32.0,32.38999938964844,45234500
2008-03-25,32.060001373291016,32.47999954223633,31.350000381469727,32.040000915527344,27482600
2008-03-26,30.809999465942383,31.790000915527344,30.149999618530273,31.790000915527344,36599400
2008-03-27,30.260000228881836,31.200000762939453,30.049999237060547,31.200000762939453,26998000
2008-03-28,29.350000381469727,30.520000457763672,29.209999084472656,30.40999984741211,28854000
2008-03-31,29.100000381469727,29.75,28.90999984741211,29.389999389648438,34976200
2008-04-01,31.489999771118164,31.530000686645508,30.110000610351562,30.329999923706055,36070500
2008-04-02,30.530000686645508,31.75,30.309999465942383,31.709999084472656,37101500
2008-04-03,30.790000915527344,31.0,30.0,30.229999542236328,20045200
2008-04-04,30.93000030517578,31.139999389648438,30.3799991607666,30.809999465942383,25087100
2008-04-07,30.790000915527344,31.770000457763672,30.770000457763672,31.459999084472656,20142300
2008-04-08,29.93000030517578,30.329999923706055,29.65999984741211,30.270000457763672,33757900
2008-04-09,29.450000762939453,30.149999618530273,29.040000915527344,30.010000228881836,29806200
2008-04-10,28.520000457763672,29.559999465942383,28.399999618530273,29.309999465942383,45453800
2008-04-11,27.969999313354492,28.84000015258789,27.899999618530273,28.239999771118164,44211800
2008-04-14,27.200000762939453,27.90999984741211,27.079999923706055,27.649999618530273,36081500
2008-04-15,27.809999465942383,27.979999542236328,27.1200008392334,27.479999542236328,29674500
2008-04-16,29.010000228881836,30.34000015258789,28.489999771118164,29.950000762939453,69841500
2008-04-17,29.709999084472656,29.90999984741211,28.579999923706055,28.700000762939453,32575200
2008-04-18,30.399999618530273,31.040000915527344,30.25,30.6299991607666,37941600
2008-04-21,29.270000457763672,29.940000534057617,29.059999465942383,29.8700008392334,24365800
2008-04-22,29.3799991607666,29.59000015258789,28.950000762939453,29.190000534057617,22788100
2008-04-23,28.920000076293945,29.639999389648438,28.579999923706055,29.440000534057617,24533400
2008-04-24,29.850000381469727,30.139999389648438,28.770000457763672,28.959999084472656,28973100
2008-04-25,30.59000015258789,30.799999237060547,29.559999465942383,30.059999465942383,25805400
2008-04-28,30.34000015258789,30.68000030517578,30.1200008392334,30.5,17222000
2008-04-29,29.8799991607666,30.43000030517578,29.739999771118164,30.34000015258789,19367400
2008-04-30,29.75,30.59000015258789,29.56999969482422,29.889999389648438,21492200
2008-05-01,31.18000030517578,31.770000457763672,29.75,29.770000457763672,38326900
2008-05-02,31.139999389648438,32.400001525878906,30.940000534057617,31.790000915527344,25950200
2008-05-05,31.149999618530273,31.389999389648438,30.65999984741211,31.1200008392334,18618000
2008-05-06,31.270000457763672,31.59000015258789,30.510000228881836,30.6299991607666,21163200
2008-05-07,29.899999618530273,31.260000228881836,29.780000686645508,31.219999313354492,27670800
2008-05-08,29.3799991607666,30.110000610351562,29.079999923706055,30.06999969482422,24230300
2008-05-09,29.329999923706055,29.950000762939453,29.0,29.25,16056300
2008-05-12,29.760000228881836,29.899999618530273,29.389999389648438,29.5,13503000
2008-05-13,28.969999313354492,29.959999084472656,28.899999618530273,29.790000915527344,27224800
2008-05-14,28.90999984741211,29.43000030517578,28.770000457763672,29.1299991607666,25831600
2008-05-15,29.600000381469727,29.600000381469727,28.709999084472656,28.979999542236328,27903900
2008-05-16,28.950000762939453,29.649999618530273,28.610000610351562,29.639999389648438,25883600
2008-05-19,28.479999542236328,29.440000534057617,28.399999618530273,29.0,28571900
2008-05-20,28.049999237060547,28.329999923706055,27.75,28.290000915527344,31462700
2008-05-21,27.700000762939453,28.389999389648438,27.469999313354492,27.950000762939453,32859800
2008-05-22,27.90999984741211,28.440000534057617,27.549999237060547,27.75,26221400
2008-05-23,27.68000030517578,27.93000030517578,27.450000762939453,27.829999923706055,23920700
2008-05-27,27.559999465942383,28.020000457763672,27.149999618530273,27.639999389648438,27493300
2008-05-28,27.469999313354492,27.8700008392334,26.6299991607666,27.709999084472656,39715000
2008-05-29,27.979999542236328,28.1299991607666,27.25,27.360000610351562,25225100
2008-05-30,27.56999969482422,28.290000915527344,27.5,28.290000915527344,19411300
2008-06-02,27.110000610351562,27.540000915527344,26.709999084472656,27.469999313354492,23179200
2008-06-03,26.780000686645508,27.440000534057617,26.59000015258789,27.260000228881836,30363600
2008-06-04,26.639999389648438,27.0,26.200000762939453,26.610000610351562,33490000
2008-06-05,27.200000762939453,27.469999313354492,26.610000610351562,26.81999969482422,26962600
2008-06-06,25.420000076293945,26.81999969482422,25.31999969482422,26.799999237060547,57724400
2008-06-09,25.270000457763672,25.8700008392334,24.81999969482422,25.719999313354492,40108200
2008-06-10,25.90999984741211,26.489999771118164,24.809999465942383,25.040000915527344,43539900
2008-06-11,25.549999237060547,26.15999984741211,25.5,26.110000610351562,48023600
2008-06-12,26.020000457763672,26.829999923706055,25.59000015258789,25.729999542236328,40700800
2008-06-13,26.079999923706055,26.600000381469727,25.290000915527344,26.299999237060547,32367300
2008-06-16,26.3799991607666,26.979999542236328,25.6200008392334,26.030000686645508,33166500
2008-06-17,25.399999618530273,27.200000762939453,25.270000457763672,26.739999771118164,40682000
2008-06-18,25.43000030517578,25.850000381469727,24.770000457763672,25.0,42211000
2008-06-19,25.6299991607666,25.700000762939453,24.56999969482422,25.469999313354492,47029900
2008-06-20,24.5,25.399999618530273,24.0,24.559999465942383,62647400
2008-06-23,24.260000228881836,24.790000915527344,23.8799991607666,24.6299991607666,36638600
2008-06-24,25.200000762939453,25.690000534057617,23.899999618530273,24.219999313354492,50002700
2008-06-25,25.399999618530273,26.540000915527344,25.219999313354492,25.3700008392334,41995500
2008-06-26,24.06999969482422,25.309999465942383,24.06999969482422,24.790000915527344,59131200
2008-06-27,24.030000686645508,24.59000015258789,23.6200008392334,24.239999771118164,49640300
2008-06-30,23.75,24.329999923706055,23.459999084472656,24.110000610351562,42295500
2008-07-01,24.1200008392334,24.219999313354492,23.040000915527344,23.469999313354492,58147900
2008-07-02,23.59000015258789,24.780000686645508,23.549999237060547,24.219999313354492,34038500
2008-07-03,23.920000076293945,24.420000076293945,23.360000610351562,23.899999618530273,28348800
2008-07-07,23.520000457763672,24.5,22.5,24.200000762939453,58126600
2008-07-08,24.670000076293945,24.780000686645508,22.889999389648438,23.690000534057617,61171700
2008-07-09,23.709999084472656,25.170000076293945,23.559999465942383,24.729999542236328,52656700
2008-07-10,23.610000610351562,24.149999618530273,22.899999618530273,23.329999923706055,61009300
2008-07-11,23.0,23.780000686645508,22.110000610351562,22.559999465942383,82338800
2008-07-14,21.56999969482422,23.989999771118164,21.489999771118164,23.860000610351562,56418100
2008-07-15,20.510000228881836,22.81999969482422,20.459999084472656,21.010000228881836,122587000
2008-07-16,27.229999542236328,27.31999969482422,23.200000762939453,23.780000686645508,206249200
2008-07-17,27.829999923706055,28.729999542236328,25.540000915527344,26.969999313354492,115206800
2008-07-18,27.860000610351562,28.309999465942383,26.450000762939453,28.079999923706055,71649800
2008-07-21,27.540000915527344,28.600000381469727,27.299999237060547,28.049999237060547,70613600
2008-07-22,30.43000030517578,30.610000610351562,26.6299991607666,27.290000915527344,100898900
2008-07-23,30.450000762939453,31.969999313354492,29.860000610351562,30.1200008392334,122201200
2008-07-24,29.149999618530273,30.809999465942383,29.0,30.700000762939453,70564700
2008-07-25,29.09000015258789,30.010000228881836,28.510000228881836,29.329999923706055,55525300
2008-07-28,27.93000030517578,29.670000076293945,27.799999237060547,29.0,46645300
2008-07-29,30.459999084472656,30.459999084472656,27.729999542236328,28.170000076293945,62303400
2008-07-30,31.200000762939453,31.5,29.8700008392334,31.0,65749100
2008-07-31,30.270000457763672,31.239999771118164,30.010000228881836,30.709999084472656,48107500
2008-08-01,30.5,30.639999389648438,29.709999084472656,30.270000457763672,40425300
2008-08-04,30.18000030517578,30.770000457763672,29.440000534057617,30.100000381469727,46627900
2008-08-05,31.540000915527344,31.690000534057617,30.239999771118164,30.549999237060547,45806300
2008-08-06,30.309999465942383,30.969999313354492,30.100000381469727,30.799999237060547,42199300
2008-08-07,29.010000228881836,30.639999389648438,28.549999237060547,29.90999984741211,57510900
2008-08-08,30.170000076293945,30.510000228881836,28.709999084472656,29.030000686645508,45857600
2008-08-11,31.610000610351562,32.06999969482422,30.200000762939453,30.200000762939453,55278900
2008-08-12,30.3799991607666,31.520000457763672,30.09000015258789,31.0,54318600
2008-08-13,29.290000915527344,30.329999923706055,29.0,30.139999389648438,53459400
2008-08-14,30.170000076293945,30.520000457763672,28.950000762939453,29.18000030517578,40937100
2008-08-15,29.760000228881836,30.489999771118164,29.25,29.809999465942383,43611700
2008-08-18,28.799999237060547,29.8700008392334,28.559999465942383,29.8700008392334,38157700
2008-08-19,27.790000915527344,28.5,27.3799991607666,28.5,45428100
2008-08-20,28.920000076293945,29.010000228881836,27.170000076293945,28.010000228881836,52813300
2008-08-21,28.440000534057617,28.68000030517578,28.040000915527344,28.170000076293945,37272800
2008-08-22,29.360000610351562,29.65999984741211,28.700000762939453,29.219999313354492,44892000
2008-08-25,28.670000076293945,29.229999542236328,28.540000915527344,28.920000076293945,30517900
2008-08-26,28.690000534057617,29.260000228881836,28.09000015258789,28.690000534057617,33048100
2008-08-27,28.90999984741211,29.139999389648438,28.3799991607666,28.729999542236328,25864700
2008-08-28,30.43000030517578,30.440000534057617,28.979999542236328,29.350000381469727,36971300
2008-08-29,30.270000457763672,30.56999969482422,29.84000015258789,30.170000076293945,29295400
2008-09-02,31.209999084472656,31.690000534057617,30.709999084472656,31.219999313354492,37648600
2008-09-03,31.010000228881836,31.389999389648438,30.579999923706055,31.1200008392334,38035000
2008-09-04,29.670000076293945,30.950000762939453,29.56999969482422,30.559999465942383,46546500
2008-09-05,31.200000762939453,31.34000015258789,28.790000915527344,29.56999969482422,52598700
2008-09-08,33.560001373291016,33.959999084472656,31.829999923706055,33.2400016784668,97528900
2008-09-09,31.170000076293945,33.75,31.15999984741211,33.06999969482422,68945200
2008-09-10,31.700000762939453,32.5,30.100000381469727,31.5,57747600
2008-09-11,33.849998474121094,33.939998626708984,30.520000457763672,30.700000762939453,76365300
2008-09-12,34.290000915527344,34.5,32.970001220703125,33.2599983215332,63888200
2008-09-15,31.0,35.0,31.0,32.66999816894531,100858600
2008-09-16,34.93000030517578,35.119998931884766,31.0,31.200000762939453,115545500
2008-09-17,33.43000030517578,35.25,32.900001525878906,33.79999923706055,98504500
2008-09-18,37.0,39.54999923706055,32.27000045776367,34.279998779296875,166561000
2008-09-19,39.79999923706055,44.75,37.0099983215332,44.29999923706055,96587700
2008-09-22,35.18000030517578,39.20000076293945,34.29999923706055,39.150001525878906,54381000
2008-09-23,34.16999816894531,36.59000015258789,34.029998779296875,35.04999923706055,32709700
2008-09-24,34.27000045776367,35.75,34.08000183105469,35.099998474121094,26497100
2008-09-25,34.119998931884766,35.79999923706055,34.02000045776367,35.25,38564000
2008-09-26,37.310001373291016,38.25,33.0,33.27000045776367,56079000
2008-09-29,33.25,38.40999984741211,33.25,36.0,67567100
2008-09-30,37.529998779296875,38.0,34.79999923706055,35.36000061035156,46865200
2008-10-01,36.70000076293945,38.599998474121094,36.4900016784668,36.97999954223633,47778200
2008-10-02,35.15999984741211,37.65999984741211,35.0099983215332,37.0,39351300
2008-10-03,34.560001373291016,38.95000076293945,34.5,37.97999954223633,81074700
2008-10-06,33.63999938964844,35.47999954223633,31.920000076293945,33.29999923706055,59028000
2008-10-07,30.600000381469727,34.9900016784668,30.600000381469727,34.099998474121094,45277800
2008-10-08,31.899999618530273,33.7599983215332,29.219999313354492,29.950000762939453,57472800
2008-10-09,27.25,33.06999969482422,26.18000030517578,33.060001373291016,122764600
2008-10-10,28.309999465942383,29.530000686645508,25.0,25.43000030517578,122081300
2008-10-13,30.399999618530273,31.0,27.559999465942383,30.649999618530273,69324000
2008-10-14,33.52000045776367,34.16999816894531,31.780000686645508,32.970001220703125,96432200
2008-10-15,33.349998474121094,35.029998779296875,32.02000045776367,32.29999923706055,95036300
2008-10-16,33.900001525878906,34.310001373291016,30.040000915527344,32.88999938964844,73953600
2008-10-17,32.060001373291016,34.439998626708984,31.770000457763672,33.400001525878906,67021500
2008-10-20,32.22999954223633,33.0,31.100000381469727,32.72999954223633,52147200
2008-10-21,32.63999938964844,34.0,31.540000915527344,31.579999923706055,52862300
2008-10-22,31.299999237060547,32.5,29.81999969482422,31.84000015258789,65131500
2008-10-23,31.329999923706055,31.899999618530273,29.15999984741211,31.209999084472656,63126100
2008-10-24,30.90999984741211,32.0,29.0,29.040000915527344,50050200
2008-10-27,30.829999923706055,32.150001525878906,30.260000228881836,30.420000076293945,48569000
2008-10-28,34.459999084472656,34.459999084472656,30.549999237060547,31.75,62933400
2008-10-29,32.11000061035156,34.209999084472656,31.850000381469727,34.060001373291016,69966000
2008-10-30,31.84000015258789,33.25,31.719999313354492,33.150001525878906,57908900
2008-10-31,34.04999923706055,34.560001373291016,31.540000915527344,31.600000381469727,63355800
2008-11-03,33.79999923706055,34.470001220703125,33.40999984741211,34.15999984741211,37362400
2008-11-04,35.11000061035156,35.25,33.91999816894531,34.47999954223633,47060300
2008-11-05,31.68000030517578,35.0,31.309999465942383,34.630001068115234,53767600
2008-11-06,28.770000457763672,30.969999313354492,28.0,29.780000686645508,119014900
2008-11-07,29.5,29.5,27.049999237060547,27.399999618530273,291576400
2008-11-10,28.6200008392334,30.030000686645508,28.040000915527344,29.940000534057617,80723300
2008-11-11,28.829999923706055,29.530000686645508,27.940000534057617,27.950000762939453,64961800
2008-11-12,27.299999237060547,29.420000076293945,27.299999237060547,28.31999969482422,64430300
2008-11-13,29.09000015258789,29.34000015258789,25.75,27.510000228881836,86007600
2008-11-14,28.729999542236328,29.889999389648438,27.6299991607666,28.200000762939453,69123200
2008-11-17,27.829999923706055,28.729999542236328,26.729999542236328,28.190000534057617,64412800
2008-11-18,27.200000762939453,28.3700008392334,25.829999923706055,27.969999313354492,81619800
2008-11-19,24.399999618530273,27.200000762939453,24.270000457763672,27.100000381469727,86670000
2008-11-20,22.530000686645508,25.440000534057617,22.0,23.8799991607666,110888100
2008-11-21,21.760000228881836,23.510000228881836,19.889999389648438,22.920000076293945,139652100
2008-11-24,26.020000457763672,26.15999984741211,22.75,22.979999542236328,99328200
2008-11-25,26.950000762939453,28.40999984741211,25.020000457763672,26.979999542236328,78431300
2008-11-26,28.649999618530273,28.799999237060547,25.829999923706055,26.350000381469727,56597700
2008-11-28,28.889999389648438,29.010000228881836,27.520000457763672,28.3700008392334,28138600
2008-12-01,23.40999984741211,28.040000915527344,22.860000610351562,28.040000915527344,76566300
2008-12-02,25.889999389648438,26.1299991607666,22.56999969482422,24.170000076293945,80340500
2008-12-03,28.100000381469727,28.5,24.75,24.860000610351562,72932900
2008-12-04,27.549999237060547,29.15999984741211,26.780000686645508,27.540000915527344,60716600
2008-12-05,29.940000534057617,30.0,26.579999923706055,27.100000381469727,69302900
2008-12-08,32.65999984741211,32.72999954223633,30.219999313354492,30.639999389648438,70930700
2008-12-09,30.5,32.7599983215332,30.399999618530273,32.13999938964844,56791300
2008-12-10,29.190000534057617,30.799999237060547,28.649999618530273,30.559999465942383,51041700
2008-12-11,25.899999618530273,28.479999542236328,25.709999084472656,28.219999313354492,72244500
2008-12-12,26.719999313354492,26.8700008392334,24.670000076293945,24.84000015258789,51372900
2008-12-15,26.06999969482422,27.030000686645508,25.530000686645508,26.979999542236328,37629900
2008-12-16,29.780000686645508,29.81999969482422,26.450000762939453,26.469999313354492,64931200
2008-12-17,29.979999542236328,30.549999237060547,28.8700008392334,29.200000762939453,57126400
2008-12-18,29.649999618530273,31.40999984741211,29.209999084472656,30.260000228881836,62937100
2008-12-19,29.360000610351562,30.18000030517578,28.5,30.09000015258789,88618600
2008-12-22,27.420000076293945,29.299999237060547,27.280000686645508,29.110000610351562,41191700
2008-12-23,26.989999771118164,28.09000015258789,26.989999771118164,27.959999084472656,28140900
2008-12-24,27.479999542236328,27.68000030517578,26.860000610351562,27.299999237060547,11211400
2008-12-26,27.510000228881836,27.860000610351562,27.149999618530273,27.56999969482422,12384400
2008-12-29,27.829999923706055,27.90999984741211,27.299999237060547,27.889999389648438,20971000
2008-12-30,28.799999237060547,28.799999237060547,27.610000610351562,27.809999465942383,28636600
2008-12-31,29.479999542236328,30.489999771118164,28.200000762939453,28.690000534057617,45109700
2009-01-02,30.0,30.469999313354492,28.670000076293945,29.18000030517578,36522300
2009-01-05,28.059999465942383,29.790000915527344,28.059999465942383,29.739999771118164,43614200
2009-01-06,27.540000915527344,28.81999969482422,27.290000915527344,28.670000076293945,54222900
2009-01-07,25.8700008392334,27.18000030517578,23.6200008392334,27.079999923706055,52631000
2009-01-08,25.719999313354492,26.06999969482422,25.110000610351562,25.360000610351562,52580100
2009-01-09,25.139999389648438,25.979999542236328,24.989999771118164,25.950000762939453,43187900
2009-01-12,23.799999237060547,25.31999969482422,23.540000915527344,25.190000534057617,57566500
2009-01-13,24.3799991607666,24.809999465942383,23.40999984741211,23.489999771118164,65413600
2009-01-14,23.06999969482422,23.709999084472656,22.700000762939453,23.360000610351562,71135600
2009-01-15,20.15999984741211,23.020000457763672,19.030000686645508,22.989999771118164,178862300
2009-01-16,18.68000030517578,21.290000915527344,17.030000686645508,20.829999923706055,173589900
2009-01-20,14.229999542236328,17.020000457763672,13.819999694824219,16.770000457763672,203896600
2009-01-21,16.649999618530273,16.829999923706055,13.739999771118164,15.0,188824400
2009-01-22,15.789999961853027,16.59000015258789,15.079999923706055,16.040000915527344,94501600
2009-01-23,15.869999885559082,16.15999984741211,14.6899995803833,14.930000305175781,84417000
2009-01-26,15.479999542236328,16.889999389648438,15.4399995803833,16.200000762939453,75464000
2009-01-27,16.190000534057617,16.639999389648438,15.75,15.800000190734863,77306500
2009-01-28,21.190000534057617,21.450000762939453,18.40999984741211,19.010000228881836,203219500
2009-01-29,18.780000686645508,20.729999542236328,18.729999542236328,19.829999923706055,127527600
2009-01-30,18.899999618530273,19.75,18.3700008392334,19.350000381469727,97576800
2009-02-02,19.229999542236328,19.479999542236328,18.200000762939453,18.40999984741211,81939400
2009-02-03,18.530000686645508,19.739999771118164,17.450000762939453,19.649999618530273,95285100
2009-02-04,17.450000762939453,19.299999237060547,17.280000686645508,18.5,89512300
2009-02-05,16.270000457763672,17.399999618530273,14.670000076293945,17.229999542236328,206588100
2009-02-06,19.139999389648438,19.389999389648438,17.100000381469727,17.350000381469727,118216200
2009-02-09,19.059999465942383,19.600000381469727,18.56999969482422,19.15999984741211,74538100
2009-02-10,16.350000381469727,19.059999465942383,16.06999969482422,18.84000015258789,136825300
2009-02-11,17.5,17.579999923706055,16.360000610351562,16.75,74251900
2009-02-12,16.799999237060547,16.809999465942383,15.270000457763672,16.540000915527344,144748600
2009-02-13,15.760000228881836,16.420000076293945,15.5600004196167,16.350000381469727,88502000
2009-02-17,13.6899995803833,15.0600004196167,13.6899995803833,14.579999923706055,122235400
2009-02-18,13.050000190734863,14.399999618530273,12.0600004196167,14.329999923706055,190592400
2009-02-19,12.010000228881836,13.75,11.9399995803833,12.90999984741211,129429500
2009-02-20,10.90999984741211,11.399999618530273,8.8100004196167,11.069999694824219,372764600
2009-02-23,11.029999732971191,12.949999809265137,10.5600004196167,11.760000228881836,225178200
2009-02-24,13.050000190734863,13.109999656677246,11.149999618530273,11.390000343322754,187177900
2009-02-25,13.4399995803833,14.079999923706055,11.770000457763672,12.960000038146973,209935600
2009-02-26,14.399999618530273,15.039999961853027,13.819999694824219,14.59000015258789,170145000
2009-02-27,12.100000381469727,14.829999923706055,11.869999885559082,12.550000190734863,186832300
2009-03-02,10.84000015258789,11.430000305175781,10.270000457763672,10.979999542236328,162697700
2009-03-03,10.670000076293945,11.770000457763672,10.4399995803833,11.479999542236328,156370200
2009-03-04,9.65999984741211,11.319999694824219,8.9399995803833,11.319999694824219,237467700
2009-03-05,8.119999885559082,8.9399995803833,7.800000190734863,8.890000343322754,274724600
2009-03-06,8.609999656677246,9.489999771118164,8.010000228881836,8.729999542236328,256312500
2009-03-09,9.970000267028809,10.699999809265137,8.5,8.649999618530273,209041300
2009-03-10,11.8100004196167,11.949999809265137,10.699999809265137,11.180000305175781,233377400
2009-03-11,11.880000114440918,12.729999542236328,11.319999694824219,12.420000076293945,190297200
2009-03-12,13.949999809265137,14.010000228881836,11.359999656677246,11.539999961853027,194211600
2009-03-13,13.9399995803833,15.010000228881836,12.90999984741211,14.479999542236328,197054500
2009-03-16,13.699999809265137,15.239999771118164,13.6899995803833,14.40999984741211,183999100
2009-03-17,14.65999984741211,14.65999984741211,12.9399995803833,13.569999694824219,144894400
2009-03-18,17.219999313354492,17.309999465942383,14.15999984741211,14.399999618530273,232658000
2009-03-19,15.420000076293945,17.600000381469727,15.170000076293945,17.459999084472656,175963000
2009-03-20,13.989999771118164,15.470000267028809,13.949999809265137,15.390000343322754,167275700
2009-03-23,17.329999923706055,17.670000076293945,15.220000267028809,15.899999618530273,186689100
2009-03-24,15.5,17.530000686645508,15.430000305175781,16.549999237060547,167873500
2009-03-25,16.420000076293945,17.190000534057617,14.869999885559082,16.299999237060547,217755200
2009-03-26,15.949999809265137,16.899999618530273,15.470000267028809,16.850000381469727,163404200
2009-03-27,15.59000015258789,16.6299991607666,15.3100004196167,15.359999656677246,129904000
2009-03-30,13.369999885559082,15.119999885559082,13.369999885559082,14.699999809265137,148010900
2009-03-31,14.239999771118164,14.75,13.75,14.010000228881836,145973500
2009-04-01,14.479999542236328,14.9399995803833,13.649999618530273,13.720000267028809,156839200
2009-04-02,15.329999923706055,16.25,14.90999984741211,15.920000076293945,206881200
2009-04-03,16.34000015258789,16.34000015258789,14.930000305175781,15.170000076293945,130556900
2009-04-06,15.25,15.640000343322754,15.039999961853027,15.479999542236328,119301700
2009-04-07,14.850000381469727,15.399999618530273,14.510000228881836,14.760000228881836,117192300
2009-04-08,14.890000343322754,15.170000076293945,14.40999984741211,15.100000381469727,91295200
2009-04-09,19.610000610351562,19.950000762939453,17.420000076293945,19.84000015258789,376577100
2009-04-13,19.670000076293945,19.950000762939453,18.510000228881836,18.850000381469727,173737800
2009-04-14,18.270000457763672,19.530000686645508,18.049999237060547,19.280000686645508,154442900
2009-04-15,19.549999237060547,19.6299991607666,17.600000381469727,17.969999313354492,119185500
2009-04-16,19.450000762939453,19.989999771118164,18.649999618530273,19.65999984741211,129565500
2009-04-17,20.260000228881836,20.989999771118164,18.8799991607666,19.40999984741211,166941600
2009-04-20,17.0,19.25,16.979999542236328,18.969999313354492,162271800
2009-04-21,18.809999465942383,18.809999465942383,16.139999389648438,16.559999465942383,185041900
2009-04-22,18.18000030517578,20.559999465942383,18.149999618530273,18.209999084472656,248215300
2009-04-23,20.09000015258789,20.280000686645508,18.600000381469727,18.6200008392334,206481900
2009-04-24,21.399999618530273,21.969999313354492,20.049999237060547,20.6299991607666,222241900
2009-04-27,20.299999237060547,21.229999542236328,20.260000228881836,20.459999084472656,134002500
2009-04-28,19.479999542236328,20.1200008392334,19.280000686645508,19.3799991607666,107394300
2009-04-29,19.969999313354492,20.690000534057617,19.350000381469727,19.84000015258789,142750100
2009-04-30,20.010000228881836,21.959999084472656,19.899999618530273,20.360000610351562,115836200
2009-05-01,19.610000610351562,20.3799991607666,19.350000381469727,19.979999542236328,96730100
2009-05-04,24.25,24.25,20.260000228881836,20.440000534057617,294065000
2009-05-05,23.270000457763672,24.149999618530273,22.729999542236328,23.6299991607666,175576000
2009-05-06,26.84000015258789,26.84000015258789,24.399999618530273,24.510000228881836,256184300
2009-05-07,24.760000228881836,28.34000015258789,24.229999542236328,27.950000762939453,236941900
2009-05-08,28.18000030517578,28.18000030517578,23.829999923706055,24.030000686645508,478736600
2009-05-11,26.530000686645508,28.450000762939453,26.530000686645508,27.190000534057617,188439600
2009-05-12,25.700000762939453,27.09000015258789,24.290000915527344,26.739999771118164,189795100
2009-05-13,24.200000762939453,25.34000015258789,24.15999984741211,24.68000030517578,135710100
2009-05-14,25.690000534057617,25.690000534057617,23.8700008392334,24.25,122509300
2009-05-15,24.8700008392334,26.1200008392334,24.579999923706055,25.579999923706055,94467400
2009-05-18,26.93000030517578,26.950000762939453,25.270000457763672,26.020000457763672,107543400
2009-05-19,25.450000762939453,27.079999923706055,25.399999618530273,27.020000457763672,96754700
2009-05-20,24.459999084472656,26.149999618530273,24.280000686645508,25.860000610351562,122873300
2009-05-21,25.040000915527344,25.270000457763672,23.440000534057617,23.450000762939453,98832400
2009-05-22,24.309999465942383,25.200000762939453,24.309999465942383,25.079999923706055,59379300
2009-05-26,25.649999618530273,25.760000228881836,24.079999923706055,24.229999542236328,92738800
2009-05-27,24.079999923706055,25.899999618530273,24.049999237060547,25.850000381469727,110028600
2009-05-28,24.770000457763672,24.770000457763672,23.219999313354492,24.170000076293945,128903700
2009-05-29,25.5,25.5,24.1299991607666,24.790000915527344,121275800
2009-06-01,25.43000030517578,26.049999237060547,25.0,25.760000228881836,122370300
2009-06-02,24.389999389648438,24.950000762939453,24.110000610351562,24.84000015258789,102133000
2009-06-03,24.1299991607666,24.639999389648438,23.8799991607666,24.299999237060547,82289300
2009-06-04,25.100000381469727,25.100000381469727,23.780000686645508,24.389999389648438,75247800
2009-06-05,24.719999313354492,25.690000534057617,24.690000534057617,25.469999313354492,79067200
2009-06-08,25.389999389648438,25.600000381469727,24.5,24.600000381469727,65703100
2009-06-09,25.65999984741211,25.690000534057617,25.1200008392334,25.5,70525600
2009-06-10,24.90999984741211,25.799999237060547,24.579999923706055,25.75,88999800
2009-06-11,25.020000457763672,25.399999618530273,24.239999771118164,24.940000534057617,63676900
2009-06-12,25.479999542236328,25.5,24.780000686645508,24.920000076293945,49000500
2009-06-15,24.709999084472656,25.5,24.649999618530273,25.219999313354492,59908800
2009-06-16,24.399999618530273,25.110000610351562,24.299999237060547,24.299999237060547,62161500
2009-06-17,23.09000015258789,24.239999771118164,22.979999542236328,24.15999984741211,100761400
2009-06-18,23.700000762939453,23.93000030517578,21.56999969482422,23.030000686645508,73968300
2009-06-19,24.190000534057617,25.200000762939453,23.139999389648438,24.0,101330400
2009-06-22,22.510000228881836,24.190000534057617,22.479999542236328,23.780000686645508,82122000
2009-06-23,22.90999984741211,23.299999237060547,22.15999984741211,22.65999984741211,83126100
2009-06-24,23.170000076293945,23.5,22.860000610351562,23.18000030517578,69038200
2009-06-25,23.799999237060547,23.809999465942383,22.25,23.06999969482422,64436000
2009-06-26,23.8700008392334,24.079999923706055,23.5,23.739999771118164,62738900
2009-06-29,24.530000686645508,24.639999389648438,23.600000381469727,23.959999084472656,60701400
2009-06-30,24.260000228881836,24.979999542236328,24.18000030517578,24.459999084472656,75007300
2009-07-01,24.139999389648438,24.6299991607666,24.040000915527344,24.25,57186500
2009-07-02,23.079999923706055,23.889999389648438,23.059999465942383,23.729999542236328,52546200
2009-07-06,23.100000381469727,23.420000076293945,22.219999313354492,22.950000762939453,77596200
2009-07-07,23.329999923706055,23.84000015258789,23.0,23.149999618530273,64747000
2009-07-08,22.90999984741211,23.56999969482422,22.079999923706055,23.329999923706055,93891900
2009-07-09,23.280000686645508,23.579999923706055,22.610000610351562,23.209999084472656,53836900
2009-07-10,22.8700008392334,23.34000015258789,22.809999465942383,23.06999969482422,53700500
2009-07-13,24.799999237060547,24.799999237060547,23.31999969482422,23.3799991607666,86119200
2009-07-14,24.399999618530273,24.829999923706055,23.950000762939453,24.719999313354492,67883400
2009-07-15,25.299999237060547,25.469999313354492,24.649999618530273,24.719999313354492,90990200
2009-07-16,25.049999237060547,25.3799991607666,24.56999969482422,25.06999969482422,61519900
2009-07-17,25.0,25.329999923706055,24.579999923706055,25.06999969482422,54724600
2009-07-20,25.520000457763672,25.979999542236328,24.760000228881836,25.079999923706055,64893800
2009-07-21,25.350000381469727,25.899999618530273,24.799999237060547,25.780000686645508,64544500
2009-07-22,24.450000762939453,24.8700008392334,23.420000076293945,23.690000534057617,150692300
2009-07-23,24.260000228881836,24.549999237060547,24.020000457763672,24.3799991607666,99923300
2009-07-24,23.469999313354492,24.049999237060547,23.170000076293945,24.030000686645508,93905100
2009-07-27,24.219999313354492,24.329999923706055,23.3799991607666,23.520000457763672,62487900
2009-07-28,24.520000457763672,24.639999389648438,23.899999618530273,23.989999771118164,62683700
2009-07-29,24.3799991607666,24.760000228881836,24.15999984741211,24.290000915527344,48075900
2009-07-30,24.8700008392334,25.309999465942383,24.530000686645508,24.649999618530273,54517400
2009-07-31,24.459999084472656,24.93000030517578,24.440000534057617,24.899999618530273,54880800
2009-08-03,25.799999237060547,25.829999923706055,24.8700008392334,24.899999618530273,66231200
2009-08-04,26.549999237060547,26.989999771118164,25.219999313354492,25.690000534057617,82298700
2009-08-05,28.020000457763672,28.049999237060547,26.600000381469727,26.709999084472656,87411700
2009-08-06,27.969999313354492,28.989999771118164,27.469999313354492,28.559999465942383,85642200
2009-08-07,28.760000228881836,29.350000381469727,28.0,28.40999984741211,71572200
2009-08-10,28.639999389648438,28.989999771118164,28.149999618530273,28.5,43352200
2009-08-11,26.889999389648438,28.31999969482422,26.889999389648438,28.299999237060547,72918200
2009-08-12,27.170000076293945,27.5,26.6200008392334,26.719999313354492,53521000
2009-08-13,27.8799991607666,27.899999618530273,26.049999237060547,27.540000915527344,49493800
2009-08-14,27.729999542236328,28.09000015258789,27.299999237060547,27.799999237060547,45055900
2009-08-17,26.299999237060547,26.989999771118164,26.25,26.75,51950300
2009-08-18,26.34000015258789,26.75,26.209999084472656,26.540000915527344,36659900
2009-08-19,26.610000610351562,26.860000610351562,25.829999923706055,26.020000457763672,46441900
2009-08-20,27.479999542236328,27.719999313354492,26.690000534057617,26.700000762939453,48097300
2009-08-21,27.940000534057617,28.079999923706055,27.6200008392334,27.90999984741211,51137800
2009-08-24,27.31999969482422,28.540000915527344,27.200000762939453,28.170000076293945,51642300
2009-08-25,27.329999923706055,28.06999969482422,27.299999237060547,27.56999969482422,42789000
2009-08-26,27.6200008392334,27.719999313354492,27.020000457763672,27.139999389648438,43310800
2009-08-27,27.739999771118164,27.850000381469727,27.360000610351562,27.549999237060547,35292800
2009-08-28,27.299999237060547,28.010000228881836,27.209999084472656,28.010000228881836,35405800
2009-08-31,27.520000457763672,27.600000381469727,26.770000457763672,26.969999313354492,35614100
2009-09-01,26.209999084472656,27.770000457763672,25.809999465942383,27.34000015258789,87353300
2009-09-02,26.09000015258789,26.700000762939453,25.889999389648438,26.100000381469727,53902400
2009-09-03,26.90999984741211,26.920000076293945,26.309999465942383,26.329999923706055,39465400
2009-09-04,26.90999984741211,26.979999542236328,26.559999465942383,26.8799991607666,31552900
2009-09-08,26.979999542236328,27.290000915527344,26.600000381469727,27.209999084472656,31736000
2009-09-09,27.68000030517578,27.75,26.979999542236328,27.030000686645508,47483700
2009-09-10,27.860000610351562,27.950000762939453,27.299999237060547,27.5,40938900
2009-09-11,27.43000030517578,28.09000015258789,27.3700008392334,27.81999969482422,33802300
2009-09-14,27.920000076293945,27.989999771118164,27.100000381469727,27.170000076293945,32056200
2009-09-15,28.579999923706055,28.889999389648438,27.790000915527344,27.93000030517578,50756800
2009-09-16,29.40999984741211,29.559999465942383,28.3700008392334,28.770000457763672,49675000
2009-09-17,28.780000686645508,29.440000534057617,28.549999237060547,29.239999771118164,36872000
2009-09-18,28.489999771118164,29.079999923706055,28.229999542236328,29.079999923706055,42749200
2009-09-21,28.290000915527344,28.690000534057617,28.149999618530273,28.389999389648438,34390700
2009-09-22,29.389999389648438,29.540000915527344,28.31999969482422,28.6299991607666,45230300
2009-09-23,28.760000228881836,29.40999984741211,28.709999084472656,29.329999923706055,38182200
2009-09-24,28.450000762939453,29.190000534057617,27.920000076293945,28.899999618530273,46650900
2009-09-25,28.190000534057617,28.440000534057617,27.790000915527344,28.270000457763672,34479100
2009-09-28,28.899999618530273,28.899999618530273,28.010000228881836,28.309999465942383,31319700
2009-09-29,28.350000381469727,28.969999313354492,28.299999237060547,28.700000762939453,29705900
2009-09-30,28.18000030517578,28.68000030517578,27.889999389648438,28.43000030517578,39190600
2009-10-01,26.600000381469727,28.059999465942383,26.530000686645508,28.059999465942383,56454900
2009-10-02,26.280000686645508,26.690000534057617,25.989999771118164,26.040000915527344,52060900
2009-10-05,28.09000015258789,28.299999237060547,27.34000015258789,27.440000534057617,56118100
2009-10-06,28.65999984741211,29.049999237060547,28.309999465942383,28.34000015258789,59068600
2009-10-07,29.260000228881836,29.299999237060547,28.360000610351562,28.489999771118164,41824100
2009-10-08,29.049999237060547,29.43000030517578,28.90999984741211,29.15999984741211,45338900
2009-10-09,29.209999084472656,29.329999923706055,28.860000610351562,29.010000228881836,29218700
2009-10-12,30.280000686645508,30.540000915527344,29.110000610351562,29.5,52504500
2009-10-13,30.059999465942383,30.34000015258789,29.6200008392334,29.979999542236328,38648600
2009-10-14,31.34000015258789,31.43000030517578,30.389999389648438,30.700000762939453,62894600
2009-10-15,31.3799991607666,31.530000686645508,30.920000076293945,31.0,39072700
2009-10-16,30.020000457763672,30.6299991607666,29.829999923706055,30.579999923706055,57472400
2009-10-19,30.06999969482422,30.420000076293945,29.770000457763672,30.350000381469727,32327500
2009-10-20,30.459999084472656,30.639999389648438,29.850000381469727,29.979999542236328,41722700
2009-10-21,28.899999618530273,31.1200008392334,28.84000015258789,30.100000381469727,113718800
2009-10-22,30.170000076293945,30.280000686645508,28.610000610351562,28.790000915527344,74918700
2009-10-23,29.31999969482422,30.18000030517578,29.049999237060547,30.18000030517578,49377700
2009-10-26,28.450000762939453,29.329999923706055,28.270000457763672,29.309999465942383,55207900
2009-10-27,28.389999389648438,28.709999084472656,28.040000915527344,28.40999984741211,49819400
2009-10-28,27.459999084472656,28.270000457763672,27.399999618530273,28.229999542236328,57274600
2009-10-29,28.56999969482422,28.6200008392334,27.690000534057617,27.979999542236328,47894800
2009-10-30,27.520000457763672,28.5,27.350000381469727,28.34000015258789,66430300
2009-11-02,27.610000610351562,28.239999771118164,26.739999771118164,27.860000610351562,55576000
2009-11-03,27.739999771118164,28.040000915527344,27.010000228881836,27.1200008392334,37878400
2009-11-04,26.81999969482422,28.1200008392334,26.719999313354492,28.020000457763672,46075800
2009-11-05,27.290000915527344,27.329999923706055,26.5,27.020000457763672,53391400
2009-11-06,27.1200008392334,27.329999923706055,26.579999923706055,26.719999313354492,37610100
2009-11-09,28.399999618530273,28.399999618530273,27.1200008392334,27.5,44419900
2009-11-10,28.100000381469727,28.450000762939453,27.93000030517578,28.25,35216700
2009-11-11,28.799999237060547,29.1299991607666,28.25,28.3700008392334,40085800
2009-11-12,28.219999313354492,28.899999618530273,28.110000610351562,28.780000686645508,34730700
2009-11-13,27.68000030517578,28.149999618530273,27.3700008392334,28.06999969482422,36576600
2009-11-16,28.209999084472656,28.68000030517578,27.780000686645508,27.920000076293945,45256000
2009-11-17,28.3700008392334,28.489999771118164,27.979999542236328,28.190000534057617,29199400
2009-11-18,28.860000610351562,28.93000030517578,28.270000457763672,28.290000915527344,27288800
2009-11-19,28.31999969482422,28.6299991607666,28.139999389648438,28.59000015258789,30848000
2009-11-20,27.8700008392334,28.280000686645508,27.65999984741211,28.209999084472656,41877900
2009-11-23,28.06999969482422,28.350000381469727,27.8799991607666,28.219999313354492,32738800
2009-11-24,27.860000610351562,28.06999969482422,27.479999542236328,27.889999389648438,29019100
2009-11-25,27.829999923706055,28.1299991607666,27.649999618530273,28.010000228881836,22882000
2009-11-27,27.139999389648438,27.59000015258789,26.899999618530273,26.959999084472656,23176800
2009-11-30,28.040000915527344,28.100000381469727,27.25,27.280000686645508,36739300
2009-12-01,27.989999771118164,28.389999389648438,27.850000381469727,28.149999618530273,33169200
2009-12-02,27.450000762939453,27.979999542236328,27.280000686645508,27.8799991607666,35368000
2009-12-03,26.489999771118164,27.90999984741211,26.40999984741211,27.520000457763672,66620600
2009-12-04,26.959999084472656,27.43000030517578,26.559999465942383,27.020000457763672,63916000
2009-12-07,26.360000610351562,27.309999465942383,26.18000030517578,27.06999969482422,35764600
2009-12-08,26.030000686645508,26.459999084472656,25.90999984741211,25.989999771118164,42682400
2009-12-09,25.959999084472656,26.350000381469727,25.81999969482422,26.149999618530273,35697000
2009-12-10,25.31999969482422,26.260000228881836,25.25,26.18000030517578,62139500
2009-12-11,25.40999984741211,25.649999618530273,25.010000228881836,25.09000015258789,48496300
2009-12-14,25.489999771118164,25.90999984741211,25.09000015258789,25.399999618530273,43877900
2009-12-15,25.65999984741211,26.31999969482422,25.0,26.020000457763672,254575800
2009-12-16,25.84000015258789,26.209999084472656,25.559999465942383,26.09000015258789,87439800
2009-12-17,26.06999969482422,26.18000030517578,25.6200008392334,25.639999389648438,80733500
2009-12-18,26.780000686645508,27.0,26.18000030517578,26.3799991607666,145756600
2009-12-21,27.34000015258789,27.489999771118164,26.850000381469727,26.989999771118164,47240800
2009-12-22,27.15999984741211,27.299999237060547,26.670000076293945,27.260000228881836,45699700
2009-12-23,26.850000381469727,27.280000686645508,26.719999313354492,27.270000457763672,25516800
2009-12-24,27.09000015258789,27.139999389648438,26.8700008392334,26.959999084472656,10481200
2009-12-28,26.75,27.200000762939453,26.540000915527344,27.079999923706055,19753100
2009-12-29,26.68000030517578,26.8799991607666,26.549999237060547,26.719999313354492,18586500
2009-12-30,26.81999969482422,26.81999969482422,26.440000534057617,26.5,19087700
2009-12-31,26.989999771118164,27.239999771118164,26.690000534057617,26.739999771118164,28942400
2010-01-04,27.31999969482422,27.479999542236328,26.81999969482422,27.020000457763672,39335700
2010-01-05,28.06999969482422,28.239999771118164,27.239999771118164,27.270000457763672,55416000
2010-01-06,28.110000610351562,28.329999923706055,27.790000915527344,28.030000686645508,33237000
2010-01-07,29.1299991607666,29.43000030517578,27.920000076293945,28.1200008392334,61649000
2010-01-08,28.860000610351562,29.350000381469727,28.600000381469727,28.899999618530273,35508700
2010-01-11,28.799999237060547,29.170000076293945,28.579999923706055,29.09000015258789,24387800
2010-01-12,28.079999923706055,28.549999237060547,27.5,28.469999313354492,39795000
2010-01-13,28.579999923706055,28.760000228881836,27.799999237060547,27.989999771118164,36715300
2010-01-14,28.989999771118164,29.209999084472656,28.5,28.5,31540700
2010-01-15,28.079999923706055,28.899999618530273,27.8799991607666,28.81999969482422,47255900
2010-01-19,28.280000686645508,28.469999313354492,27.610000610351562,27.93000030517578,40815800
2010-01-20,27.81999969482422,28.649999618530273,27.700000762939453,28.020000457763672,75712300
2010-01-21,28.0,28.5,27.18000030517578,27.979999542236328,90151500
2010-01-22,27.260000228881836,28.40999984741211,27.170000076293945,27.969999313354492,69506900
2010-01-25,27.65999984741211,28.049999237060547,27.190000534057617,27.450000762939453,48319700
2010-01-26,26.989999771118164,28.350000381469727,26.920000076293945,27.450000762939453,66590800
2010-01-27,28.200000762939453,28.239999771118164,26.8799991607666,26.899999618530273,63074200
2010-01-28,28.450000762939453,28.770000457763672,27.719999313354492,28.280000686645508,62109300
2010-01-29,28.43000030517578,29.170000076293945,28.3799991607666,28.440000534057617,88783700
2010-02-01,28.93000030517578,29.09000015258789,28.510000228881836,28.600000381469727,45240000
2010-02-02,28.790000915527344,29.1299991607666,28.510000228881836,28.959999084472656,50306600
2010-02-03,28.139999389648438,28.780000686645508,27.979999542236328,28.56999969482422,44597600
2010-02-04,27.059999465942383,28.079999923706055,27.0,27.950000762939453,68235300
2010-02-05,27.420000076293945,27.709999084472656,26.6200008392334,27.299999237060547,68479000
2010-02-08,26.43000030517578,27.40999984741211,26.399999618530273,27.229999542236328,43425800
2010-02-09,26.709999084472656,27.139999389648438,26.3700008392334,26.889999389648438,46845300
2010-02-10,27.18000030517578,27.559999465942383,26.549999237060547,26.610000610351562,42104800
2010-02-11,27.079999923706055,27.239999771118164,26.709999084472656,27.149999618530273,35821600
2010-02-12,26.8799991607666,27.040000915527344,26.469999313354492,26.790000915527344,45333600
2010-02-16,27.389999389648438,27.389999389648438,26.940000534057617,27.190000534057617,36097500
2010-02-17,27.329999923706055,27.639999389648438,27.09000015258789,27.59000015258789,50109700
2010-02-18,27.34000015258789,27.56999969482422,27.15999984741211,27.299999237060547,30287900
2010-02-19,27.3700008392334,27.479999542236328,27.06999969482422,27.079999923706055,32174300
2010-02-22,28.010000228881836,28.149999618530273,27.3799991607666,27.479999542236328,41852200
2010-02-23,27.290000915527344,28.0,27.18000030517578,27.950000762939453,38755100
2010-02-24,27.65999984741211,27.770000457763672,27.18000030517578,27.450000762939453,35782300
2010-02-25,27.440000534057617,27.479999542236328,27.040000915527344,27.170000076293945,34185600
2010-02-26,27.34000015258789,27.5,26.93000030517578,27.489999771118164,50819700
2010-03-01,27.350000381469727,27.59000015258789,27.149999618530273,27.450000762939453,34311000
2010-03-02,27.8700008392334,28.209999084472656,27.3700008392334,27.399999618530273,45592200
2010-03-03,28.200000762939453,28.450000762939453,27.940000534057617,27.950000762939453,35902200
2010-03-04,28.43000030517578,28.56999969482422,28.209999084472656,28.350000381469727,30891500
2010-03-05,29.149999618530273,29.270000457763672,28.549999237060547,28.6299991607666,40554100
2010-03-08,28.889999389648438,29.350000381469727,28.81999969482422,29.1299991607666,31311900
2010-03-09,28.979999542236328,29.219999313354492,28.469999313354492,28.780000686645508,31292400
2010-03-10,29.56999969482422,29.829999923706055,29.100000381469727,29.1299991607666,42568300
2010-03-11,29.760000228881836,29.760000228881836,29.239999771118164,29.530000686645508,32127400
2010-03-12,29.6299991607666,29.940000534057617,29.489999771118164,29.829999923706055,36671500
2010-03-15,29.889999389648438,29.889999389648438,29.260000228881836,29.479999542236328,26911900
2010-03-16,30.280000686645508,30.31999969482422,29.739999771118164,29.93000030517578,40201400
2010-03-17,30.549999237060547,30.670000076293945,30.260000228881836,30.40999984741211,33176200
2010-03-18,30.290000915527344,30.559999465942383,29.850000381469727,30.469999313354492,33984900
2010-03-19,30.3799991607666,30.540000915527344,29.959999084472656,30.3799991607666,53781800
2010-03-22,30.40999984741211,30.59000015258789,30.049999237060547,30.09000015258789,28594000
2010-03-23,31.079999923706055,31.1200008392334,30.3799991607666,30.469999313354492,39320200
2010-03-24,30.860000610351562,31.280000686645508,30.670000076293945,30.84000015258789,36135600
2010-03-25,31.059999465942383,31.989999771118164,30.899999618530273,31.030000686645508,47424300
2010-03-26,31.219999313354492,31.770000457763672,31.0,31.209999084472656,36079700
2010-03-29,31.100000381469727,31.450000762939453,30.899999618530273,31.350000381469727,25280200
2010-03-30,30.84000015258789,31.299999237060547,30.799999237060547,31.100000381469727,26937900
2010-03-31,31.1200008392334,31.15999984741211,30.579999923706055,30.579999923706055,28384000
2010-04-01,31.3700008392334,31.600000381469727,31.1299991607666,31.399999618530273,33041400
2010-04-05,31.510000228881836,31.75,31.260000228881836,31.489999771118164,30821900
2010-04-06,32.279998779296875,32.38999938964844,31.350000381469727,31.360000610351562,39500100
2010-04-07,31.989999771118164,32.4900016784668,31.770000457763672,32.279998779296875,34514700
2010-04-08,32.22999954223633,32.40999984741211,31.559999465942383,31.790000915527344,32203600
2010-04-09,32.29999923706055,32.650001525878906,31.920000076293945,32.400001525878906,27106200
2010-04-12,32.41999816894531,32.70000076293945,32.27000045776367,32.400001525878906,25108400
2010-04-13,32.150001525878906,32.2400016784668,31.729999542236328,32.15999984741211,38042000
2010-04-14,33.279998779296875,33.41999816894531,32.349998474121094,32.459999084472656,54445900
2010-04-15,33.5099983215332,33.88999938964844,33.119998931884766,33.22999954223633,47891800
2010-04-16,32.560001373291016,33.25,31.65999984741211,33.209999084472656,89843800
2010-04-19,33.02000045776367,33.2599983215332,32.130001068115234,32.619998931884766,54879400
2010-04-20,33.689998626708984,33.88999938964844,33.0,33.189998626708984,46816100
2010-04-21,33.0099983215332,34.25,32.5099983215332,32.59000015258789,96214600
2010-04-22,33.58000183105469,33.720001220703125,32.560001373291016,32.70000076293945,49765400
2010-04-23,33.47999954223633,33.790000915527344,33.20000076293945,33.70000076293945,30999200
2010-04-26,32.720001220703125,33.45000076293945,32.59000015258789,33.36000061035156,36186000
2010-04-27,31.719999313354492,33.06999969482422,31.649999618530273,32.20000076293945,52674300
2010-04-28,32.45000076293945,32.650001525878906,31.969999313354492,32.06999969482422,39027300
2010-04-29,33.22999954223633,33.400001525878906,32.72999954223633,32.790000915527344,31021400
2010-04-30,33.11000061035156,33.81999969482422,32.97999954223633,33.25,53446100
2010-05-03,33.880001068115234,34.09000015258789,33.209999084472656,33.220001220703125,37442300
2010-05-04,32.939998626708984,33.970001220703125,32.720001220703125,33.40999984741211,53828300
2010-05-05,32.65999984741211,33.18000030517578,31.719999313354492,32.630001068115234,45183200
2010-05-06,31.18000030517578,32.75,29.309999465942383,32.439998626708984,78743100
2010-05-07,30.81999969482422,31.75,30.200000762939453,30.8799991607666,66958000
2010-05-10,32.970001220703125,33.08000183105469,32.15999984741211,32.25,67195800
2010-05-11,32.90999984741211,33.66999816894531,32.41999816894531,32.5099983215332,47883200
2010-05-12,33.65999984741211,33.810001373291016,33.060001373291016,33.18000030517578,39616100
2010-05-13,33.08000183105469,33.83000183105469,33.08000183105469,33.5,33791100
2010-05-14,32.040000915527344,32.880001068115234,31.760000228881836,32.7599983215332,57390600
2010-05-17,31.969999313354492,32.2400016784668,31.139999389648438,32.08000183105469,47043700
2010-05-18,30.59000015258789,32.349998474121094,30.350000381469727,32.279998779296875,56666700
2010-05-19,30.079999923706055,30.280000686645508,29.09000015258789,29.950000762939453,72538500
2010-05-20,28.690000534057617,30.0,28.649999618530273,29.440000534057617,78027500
2010-05-21,30.110000610351562,30.299999237060547,28.049999237060547,28.049999237060547,88191700
2010-05-24,28.709999084472656,29.75,28.530000686645508,29.56999969482422,64867000
2010-05-25,28.899999618530273,28.90999984741211,27.440000534057617,27.709999084472656,55196200
2010-05-26,28.040000915527344,29.34000015258789,27.700000762939453,29.229999542236328,62366800
2010-05-27,29.40999984741211,29.479999542236328,28.5,28.709999084472656,48871900
2010-05-28,28.690000534057617,29.5,28.540000915527344,29.469999313354492,40885500
2010-06-01,28.229999542236328,29.200000762939453,28.190000534057617,28.68000030517578,39475500
2010-06-02,29.18000030517578,29.200000762939453,28.31999969482422,28.559999465942383,32478900
2010-06-03,28.860000610351562,29.479999542236328,28.520000457763672,29.360000610351562,30888500
2010-06-04,27.780000686645508,28.450000762939453,27.649999618530273,28.280000686645508,50696800
2010-06-07,27.290000915527344,28.110000610351562,27.260000228881836,28.010000228881836,36969800
2010-06-08,27.760000228881836,27.809999465942383,26.65999984741211,27.459999084472656,47134900
2010-06-09,27.030000686645508,27.959999084472656,26.899999618530273,27.950000762939453,37988200
2010-06-10,28.1299991607666,28.239999771118164,27.399999618530273,27.520000457763672,41612900
2010-06-11,27.84000015258789,27.950000762939453,27.350000381469727,27.739999771118164,39468100
2010-06-14,27.399999618530273,27.969999313354492,27.309999465942383,27.799999237060547,45506200
2010-06-15,27.90999984741211,27.93000030517578,27.5,27.59000015258789,45128400
2010-06-16,28.1200008392334,28.25,27.670000076293945,27.75,28707100
2010-06-17,27.93000030517578,28.190000534057617,27.530000686645508,28.100000381469727,30739400
2010-06-18,28.06999969482422,28.229999542236328,27.739999771118164,28.040000915527344,39496700
2010-06-21,27.940000534057617,28.5,27.790000915527344,28.440000534057617,30005400
2010-06-22,27.459999084472656,28.329999923706055,27.43000030517578,28.030000686645508,33694800
2010-06-23,27.31999969482422,27.760000228881836,27.149999618530273,27.3799991607666,36030500
2010-06-24,26.860000610351562,27.100000381469727,26.280000686645508,27.049999237060547,66950600
2010-06-25,27.049999237060547,27.610000610351562,26.850000381469727,27.149999618530273,78977700
2010-06-28,27.030000686645508,27.34000015258789,26.81999969482422,27.239999771118164,31717000
2010-06-29,25.93000030517578,26.65999984741211,25.790000915527344,26.56999969482422,55568200
2010-06-30,25.600000381469727,26.450000762939453,25.520000457763672,26.049999237060547,37501000
2010-07-01,25.18000030517578,25.940000534057617,24.600000381469727,25.540000915527344,58947800
2010-07-02,24.8799991607666,25.68000030517578,24.760000228881836,25.399999618530273,32231100
2010-07-06,25.149999618530273,25.639999389648438,24.790000915527344,25.459999084472656,37248300
2010-07-07,26.65999984741211,26.729999542236328,25.139999389648438,25.280000686645508,48830500
2010-07-08,26.639999389648438,27.059999465942383,26.100000381469727,27.059999465942383,38228800
2010-07-09,27.0,27.040000915527344,26.399999618530273,26.5,24905000
2010-07-12,27.059999465942383,27.1299991607666,26.559999465942383,26.93000030517578,18761700
2010-07-13,27.940000534057617,28.079999923706055,27.31999969482422,27.3700008392334,31658500
2010-07-14,27.65999984741211,27.780000686645508,27.25,27.700000762939453,31305800
2010-07-15,27.809999465942383,28.15999984741211,27.020000457763672,27.850000381469727,48127100
2010-07-16,26.239999771118164,27.469999313354492,26.15999984741211,27.440000534057617,55456400
2010-07-19,26.020000457763672,26.399999618530273,25.6200008392334,26.270000457763672,34667100
2010-07-20,25.90999984741211,25.920000076293945,25.299999237060547,25.469999313354492,47672300
2010-07-21,26.059999465942383,27.600000381469727,25.969999313354492,27.530000686645508,70914600
2010-07-22,27.389999389648438,27.489999771118164,26.549999237060547,26.6200008392334,53000300
2010-07-23,27.420000076293945,27.549999237060547,27.0,27.329999923706055,25737000
2010-07-26,27.90999984741211,27.920000076293945,27.229999542236328,27.450000762939453,22724200
2010-07-27,28.389999389648438,28.770000457763672,28.239999771118164,28.40999984741211,38411500
2010-07-28,28.06999969482422,28.540000915527344,27.920000076293945,28.25,23935100
2010-07-29,27.690000534057617,28.489999771118164,27.479999542236328,28.31999969482422,30045500
2010-07-30,27.729999542236328,27.989999771118164,27.25,27.270000457763672,27490900
2010-08-02,28.56999969482422,28.579999923706055,27.950000762939453,28.290000915527344,28005100
2010-08-03,28.1200008392334,28.489999771118164,27.940000534057617,28.450000762939453,29544200
2010-08-04,27.93000030517578,28.25,27.700000762939453,28.170000076293945,28936700
2010-08-05,27.8799991607666,27.959999084472656,27.559999465942383,27.709999084472656,21881200
2010-08-06,27.75,27.770000457763672,27.239999771118164,27.489999771118164,38637900
2010-08-09,28.229999542236328,28.270000457763672,27.520000457763672,27.899999618530273,29199300
2010-08-10,27.770000457763672,28.06999969482422,27.510000228881836,27.940000534057617,29837400
2010-08-11,26.299999237060547,27.389999389648438,26.260000228881836,27.260000228881836,39624100
2010-08-12,26.0,26.389999389648438,25.8700008392334,26.0,31944800
2010-08-13,25.84000015258789,26.299999237060547,25.809999465942383,25.989999771118164,25494200
2010-08-16,25.68000030517578,25.90999984741211,25.520000457763672,25.670000076293945,24593600
2010-08-17,25.34000015258789,26.010000228881836,25.209999084472656,25.959999084472656,49481000
2010-08-18,25.3799991607666,25.670000076293945,25.09000015258789,25.299999237060547,38076300
2010-08-19,24.43000030517578,25.360000610351562,24.270000457763672,25.100000381469727,51516800
2010-08-20,24.600000381469727,24.709999084472656,24.270000457763672,24.43000030517578,40025600
2010-08-23,24.229999542236328,24.8799991607666,24.190000534057617,24.860000610351562,33766900
2010-08-24,23.639999389648438,24.049999237060547,23.540000915527344,23.959999084472656,55658300
2010-08-25,23.600000381469727,23.649999618530273,23.020000457763672,23.40999984741211,55554200
2010-08-26,23.489999771118164,24.100000381469727,23.399999618530273,23.729999542236328,41212900
2010-08-27,24.0,24.0,23.469999313354492,23.639999389648438,45099500
2010-08-30,23.25,23.979999542236328,23.229999542236328,23.93000030517578,37964800
2010-08-31,23.549999237060547,23.68000030517578,23.030000686645508,23.18000030517578,35713300
2010-09-01,24.65999984741211,24.75,23.760000228881836,23.90999984741211,53882000
2010-09-02,25.100000381469727,25.110000610351562,24.6200008392334,24.68000030517578,38196400
2010-09-03,25.84000015258789,26.1299991607666,25.59000015258789,25.75,42741400
2010-09-07,24.920000076293945,25.68000030517578,24.90999984741211,25.56999969482422,30986700
2010-09-08,25.219999313354492,25.399999618530273,25.030000686645508,25.030000686645508,22687800
2010-09-09,25.690000534057617,26.010000228881836,25.219999313354492,25.709999084472656,28728700
2010-09-10,25.75,25.969999313354492,25.670000076293945,25.829999923706055,19893500
2010-09-13,26.5,26.790000915527344,26.25,26.3700008392334,39588200
2010-09-14,26.059999465942383,26.329999923706055,25.889999389648438,26.299999237060547,29814000
2010-09-15,26.34000015258789,26.440000534057617,25.610000610351562,25.719999313354492,32614200
2010-09-16,26.059999465942383,26.280000686645508,25.899999618530273,26.15999984741211,28999400
2010-09-17,26.010000228881836,26.3700008392334,25.8700008392334,26.3700008392334,34400600
2010-09-20,26.559999465942383,26.649999618530273,25.920000076293945,26.09000015258789,30529000
2010-09-21,26.3799991607666,26.959999084472656,26.290000915527344,26.6299991607666,32217500
2010-09-22,25.809999465942383,26.479999542236328,25.719999313354492,26.3700008392334,32251200
2010-09-23,25.040000915527344,25.670000076293945,25.040000915527344,25.299999237060547,59315100
2010-09-24,25.59000015258789,25.729999542236328,25.329999923706055,25.459999084472656,46480600
2010-09-27,25.530000686645508,25.920000076293945,25.489999771118164,25.719999313354492,28381000
2010-09-28,25.350000381469727,25.8700008392334,25.110000610351562,25.579999923706055,38697900
2010-09-29,25.040000915527344,25.3700008392334,24.90999984741211,25.209999084472656,37676000
2010-09-30,25.1200008392334,25.6299991607666,25.020000457763672,25.239999771118164,37365700
2010-10-01,25.559999465942383,25.690000534057617,25.1200008392334,25.299999237060547,32117900
2010-10-04,25.3799991607666,25.790000915527344,25.219999313354492,25.510000228881836,25645400
2010-10-05,26.25,26.350000381469727,25.399999618530273,25.670000076293945,42788700
2010-10-06,26.299999237060547,26.489999771118164,26.1299991607666,26.219999313354492,31852900
2010-10-07,26.0,26.579999923706055,25.84000015258789,26.469999313354492,27293900
2010-10-08,25.950000762939453,26.25,25.719999313354492,26.190000534057617,29467900
2010-10-11,25.649999618530273,26.100000381469727,25.459999084472656,25.959999084472656,24637400
2010-10-12,25.979999542236328,26.040000915527344,25.299999237060547,25.440000534057617,37344700
2010-10-13,25.809999465942383,26.34000015258789,25.6299991607666,26.229999542236328,41846800
2010-10-14,24.719999313354492,25.489999771118164,24.200000762939453,25.450000762939453,117397100
2010-10-15,23.579999923706055,25.0,23.3700008392334,25.0,144985700
2010-10-18,24.8700008392334,24.8799991607666,23.639999389648438,23.690000534057617,66672500
2010-10-19,24.549999237060547,25.31999969482422,24.389999389648438,24.670000076293945,72213100
2010-10-20,25.600000381469727,25.969999313354492,24.170000076293945,24.270000457763672,101499400
2010-10-21,26.030000686645508,26.40999984741211,23.8700008392334,25.770000457763672,52489800
2010-10-22,26.110000610351562,26.25,25.75,26.030000686645508,26633200
2010-10-25,25.719999313354492,26.420000076293945,25.520000457763672,26.3700008392334,36779700
2010-10-26,25.90999984741211,25.989999771118164,25.479999542236328,25.600000381469727,30595600
2010-10-27,25.75,26.0,25.600000381469727,25.690000534057617,35352000
2010-10-28,25.940000534057617,25.959999084472656,25.610000610351562,25.84000015258789,23976400
2010-10-29,26.059999465942383,26.1299991607666,25.670000076293945,25.81999969482422,24018000
2010-11-01,25.93000030517578,26.100000381469727,25.600000381469727,26.030000686645508,24764600
2010-11-02,25.969999313354492,26.049999237060547,25.780000686645508,26.0,25101700
2010-11-03,26.459999084472656,26.5,25.690000534057617,25.739999771118164,32381400
2010-11-04,27.459999084472656,27.5,26.6299991607666,26.809999465942383,57381100
2010-11-05,29.219999313354492,29.360000610351562,27.549999237060547,27.559999465942383,79752600
2010-11-08,29.040000915527344,29.280000686645508,28.510000228881836,28.90999984741211,35734000
2010-11-09,28.1299991607666,29.110000610351562,28.040000915527344,29.040000915527344,37178800
2010-11-10,28.579999923706055,28.6200008392334,27.8799991607666,28.079999923706055,37250900
2010-11-11,28.190000534057617,28.56999969482422,27.979999542236328,28.360000610351562,23280400
2010-11-12,27.540000915527344,28.040000915527344,27.399999618530273,28.010000228881836,27040000
2010-11-15,27.649999618530273,28.209999084472656,27.56999969482422,27.6200008392334,23160300
2010-11-16,27.190000534057617,27.6299991607666,26.850000381469727,27.5,45295900
2010-11-17,26.860000610351562,27.43000030517578,26.760000228881836,27.18000030517578,31956700
2010-11-18,27.510000228881836,27.709999084472656,27.110000610351562,27.239999771118164,30765200
2010-11-19,27.489999771118164,27.549999237060547,27.09000015258789,27.43000030517578,24750900
2010-11-22,26.950000762939453,27.360000610351562,26.780000686645508,27.260000228881836,24825700
2010-11-23,26.799999237060547,26.950000762939453,26.530000686645508,26.639999389648438,30165900
2010-11-24,27.110000610351562,27.139999389648438,26.75,26.920000076293945,22038200
2010-11-26,26.649999618530273,27.149999618530273,26.649999618530273,26.920000076293945,9239700
2010-11-29,27.200000762939453,27.350000381469727,26.510000228881836,26.579999923706055,31181000
2010-11-30,27.209999084472656,27.43000030517578,26.850000381469727,26.8799991607666,33064700
2010-12-01,27.530000686645508,27.799999237060547,27.200000762939453,27.579999923706055,35338900
2010-12-02,28.780000686645508,28.780000686645508,27.59000015258789,27.6299991607666,43197400
2010-12-03,29.049999237060547,29.1299991607666,28.299999237060547,28.350000381469727,36853100
2010-12-06,28.739999771118164,29.100000381469727,28.729999542236328,28.860000610351562,27255700
2010-12-07,28.469999313354492,29.25,28.420000076293945,29.09000015258789,30166400
2010-12-08,29.3700008392334,29.3700008392334,28.5,28.549999237060547,31376300
2010-12-09,30.06999969482422,30.110000610351562,29.489999771118164,29.549999237060547,45744200
2010-12-10,30.270000457763672,30.559999465942383,30.15999984741211,30.31999969482422,40143400
2010-12-13,30.219999313354492,30.56999969482422,30.0,30.489999771118164,30423700
2010-12-14,29.81999969482422,30.34000015258789,29.65999984741211,30.1299991607666,26799300
2010-12-15,29.790000915527344,30.1299991607666,29.649999618530273,29.780000686645508,36800800
2010-12-16,30.020000457763672,30.360000610351562,29.700000762939453,29.84000015258789,34396900
2010-12-17,29.959999084472656,30.239999771118164,29.709999084472656,29.989999771118164,37736800
2010-12-20,30.100000381469727,30.280000686645508,29.850000381469727,30.020000457763672,22290400
2010-12-21,30.81999969482422,30.889999389648438,30.059999465942383,30.1200008392334,25481400
2010-12-22,31.309999465942383,31.610000610351562,30.860000610351562,30.8799991607666,29063200
2010-12-23,30.989999771118164,31.360000610351562,30.860000610351562,31.229999542236328,16954800
2010-12-27,31.209999084472656,31.34000015258789,30.780000686645508,30.90999984741211,13823700
2010-12-28,31.200000762939453,31.299999237060547,31.0,31.059999465942383,14863300
2010-12-29,31.020000457763672,31.280000686645508,30.979999542236328,31.229999542236328,12280700
2010-12-30,30.81999969482422,31.1200008392334,30.700000762939453,31.040000915527344,11675700
2010-12-31,30.989999771118164,31.030000686645508,30.65999984741211,30.719999313354492,12108400
2011-01-03,31.579999923706055,31.65999984741211,31.15999984741211,31.299999237060547,34397100
2011-01-04,31.649999618530273,31.940000534057617,31.489999771118164,31.649999618530273,30341100
2011-01-05,32.369998931884766,32.5,31.399999618530273,31.40999984741211,43245600
2011-01-06,32.150001525878906,32.470001220703125,32.119998931884766,32.150001525878906,32500000
2011-01-07,31.5,32.22999954223633,30.639999389648438,32.22999954223633,81572300
2011-01-10,31.200000762939453,31.450000762939453,30.969999313354492,31.170000076293945,30263400
2011-01-11,31.399999618530273,31.690000534057617,31.040000915527344,31.690000534057617,27230700
2011-01-12,32.0099983215332,32.150001525878906,31.6200008392334,31.729999542236328,29181000
2011-01-13,31.889999389648438,32.13999938964844,31.700000762939453,32.130001068115234,25139400
2011-01-14,32.75,32.810001373291016,31.81999969482422,31.81999969482422,34358900
2011-01-18,32.4900016784668,32.9900016784668,32.060001373291016,32.779998779296875,35506000
2011-01-19,31.809999465942383,32.77000045776367,31.649999618530273,32.060001373291016,51635900
2011-01-20,31.889999389648438,32.400001525878906,31.6200008392334,32.0,34435600
2011-01-21,32.5099983215332,32.709999084472656,32.04999923706055,32.27000045776367,35549000
2011-01-24,32.70000076293945,32.709999084472656,32.45000076293945,32.5,27472000
2011-01-25,32.70000076293945,32.709999084472656,31.989999771118164,32.52000045776367,28232300
2011-01-26,32.45000076293945,32.83000183105469,32.40999984741211,32.7400016784668,25866200
2011-01-27,32.5,32.54999923706055,32.06999969482422,32.209999084472656,23077200
2011-01-28,31.84000015258789,32.79999923706055,31.790000915527344,32.59000015258789,30345800
2011-01-31,32.41999816894531,32.5,31.729999542236328,31.979999542236328,23646400
2011-02-01,33.439998626708984,33.4900016784668,32.529998779296875,32.61000061035156,31359000
2011-02-02,32.720001220703125,33.27000045776367,32.68000030517578,33.150001525878906,24766100
2011-02-03,32.75,32.970001220703125,32.5,32.65999984741211,18950200
2011-02-04,32.7599983215332,32.88999938964844,32.369998931884766,32.709999084472656,18236900
2011-02-07,33.31999969482422,33.54999923706055,32.939998626708984,33.0,21356800
2011-02-08,34.099998474121094,34.25,33.20000076293945,33.290000915527344,39820700
2011-02-09,33.130001068115234,33.65999984741211,32.7400016784668,33.22999954223633,71834200
2011-02-10,33.0,33.43000030517578,32.75,33.06999969482422,31174900
2011-02-11,33.7599983215332,33.88999938964844,32.650001525878906,32.689998626708984,40581700
2011-02-14,33.869998931884766,34.060001373291016,33.59000015258789,33.630001068115234,17735100
2011-02-15,33.68000030517578,34.189998626708984,33.58000183105469,33.939998626708984,24395000
2011-02-16,33.29999923706055,33.779998779296875,32.47999954223633,33.709999084472656,86403000
2011-02-17,32.95000076293945,33.20000076293945,32.880001068115234,33.060001373291016,26621100
2011-02-18,32.63999938964844,33.06999969482422,32.34000015258789,33.0099983215332,43900100
2011-02-22,31.3799991607666,32.2400016784668,31.1299991607666,31.969999313354492,59143100
2011-02-23,31.5,31.68000030517578,30.799999237060547,31.420000076293945,38562600
2011-02-24,31.440000534057617,31.59000015258789,30.940000534057617,31.079999923706055,35604200
2011-02-25,32.400001525878906,32.7400016784668,32.25,32.34000015258789,46480100
2011-02-28,32.2599983215332,32.66999816894531,32.040000915527344,32.52000045776367,30717000
2011-03-01,31.649999618530273,32.459999084472656,31.600000381469727,32.34000015258789,34960100
2011-03-02,31.549999237060547,31.950000762939453,29.81999969482422,31.399999618530273,31044700
2011-03-03,32.40999984741211,32.529998779296875,31.93000030517578,31.950000762939453,31246600
2011-03-04,31.90999984741211,32.36000061035156,31.56999969482422,32.279998779296875,39680800
2011-03-07,31.719999313354492,32.369998931884766,31.610000610351562,32.189998626708984,23555800
2011-03-08,32.5099983215332,32.779998779296875,31.850000381469727,31.950000762939453,33966900
2011-03-09,32.79999923706055,32.970001220703125,32.22999954223633,32.47999954223633,24760800
2011-03-10,32.060001373291016,32.58000183105469,32.0099983215332,32.310001373291016,29742100
2011-03-11,32.380001068115234,32.47999954223633,31.940000534057617,31.959999084472656,22893500
2011-03-14,32.099998474121094,32.2400016784668,31.739999771118164,31.989999771118164,27021900
2011-03-15,32.27000045776367,32.310001373291016,31.200000762939453,31.450000762939453,42774600
2011-03-16,31.229999542236328,32.380001068115234,31.100000381469727,32.290000915527344,48008900
2011-03-17,31.360000610351562,31.700000762939453,30.6299991607666,31.6200008392334,50554400
2011-03-18,31.829999923706055,32.369998931884766,31.6200008392334,31.84000015258789,63760300
2011-03-21,31.8799991607666,32.25,31.459999084472656,32.2400016784668,32893300
2011-03-22,31.510000228881836,31.860000610351562,31.5,31.84000015258789,24174100
2011-03-23,31.450000762939453,31.520000457763672,30.920000076293945,31.440000534057617,25385700
2011-03-24,31.540000915527344,31.610000610351562,31.059999465942383,31.219999313354492,20992300
2011-03-25,31.940000534057617,32.220001220703125,31.389999389648438,31.5,23474900
2011-03-28,31.610000610351562,32.040000915527344,31.600000381469727,32.029998779296875,17533000
2011-03-29,31.59000015258789,31.610000610351562,31.260000228881836,31.610000610351562,21738700
2011-03-30,31.90999984741211,32.08000183105469,31.600000381469727,31.809999465942383,19395700
2011-03-31,31.709999084472656,31.799999237060547,31.530000686645508,31.610000610351562,21679800
2011-04-01,32.060001373291016,32.27000045776367,31.81999969482422,32.09000015258789,24788900
2011-04-04,31.799999237060547,32.130001068115234,31.520000457763672,31.979999542236328,24425900
2011-04-05,31.989999771118164,32.27000045776367,31.610000610351562,31.770000457763672,23086800
2011-04-06,32.400001525878906,32.52000045776367,31.8700008392334,32.119998931884766,34716200
2011-04-07,32.16999816894531,32.630001068115234,32.029998779296875,32.369998931884766,30236500
2011-04-08,31.6200008392334,32.529998779296875,31.559999465942383,32.5,25826800
2011-04-11,31.399999618530273,31.809999465942383,31.270000457763672,31.6200008392334,27145200
2011-04-12,31.399999618530273,31.690000534057617,31.020000457763672,31.15999984741211,22836800
2011-04-13,30.68000030517578,31.59000015258789,30.649999618530273,31.540000915527344,38994300
2011-04-14,30.149999618530273,30.59000015258789,30.100000381469727,30.549999237060547,39664600
2011-04-15,29.889999389648438,30.469999313354492,29.860000610351562,30.309999465942383,78436200
2011-04-18,29.520000457763672,29.8799991607666,29.350000381469727,29.5,44730100
2011-04-19,30.06999969482422,30.149999618530273,29.600000381469727,29.68000030517578,40190900
2011-04-20,28.829999923706055,29.43000030517578,28.209999084472656,29.270000457763672,143256200
2011-04-21,28.540000915527344,29.040000915527344,28.299999237060547,28.959999084472656,67291500
2011-04-25,28.559999465942383,28.799999237060547,28.459999084472656,28.5,32213300
2011-04-26,28.8700008392334,28.899999618530273,28.420000076293945,28.68000030517578,34600000
2011-04-27,29.270000457763672,29.3799991607666,28.850000381469727,28.940000534057617,31409900
2011-04-28,29.270000457763672,29.3700008392334,29.100000381469727,29.100000381469727,37234200
2011-04-29,29.110000610351562,29.420000076293945,28.989999771118164,29.209999084472656,27800000
2011-05-02,29.1299991607666,29.360000610351562,28.940000534057617,29.34000015258789,30771000
2011-05-03,29.510000228881836,29.530000686645508,28.850000381469727,28.889999389648438,31819500
2011-05-04,28.780000686645508,29.549999237060547,28.760000228881836,29.40999984741211,40496200
2011-05-05,28.1299991607666,28.809999465942383,27.770000457763672,28.709999084472656,53431000
2011-05-06,28.25,28.59000015258789,28.1200008392334,28.440000534057617,35833900
2011-05-09,28.209999084472656,28.469999313354492,28.049999237060547,28.06999969482422,21580100
2011-05-10,28.530000686645508,28.579999923706055,28.299999237060547,28.34000015258789,25331200
2011-05-11,28.15999984741211,28.6200008392334,28.030000686645508,28.459999084472656,28456300
2011-05-12,28.229999542236328,28.280000686645508,27.700000762939453,28.219999313354492,27282700
2011-05-13,27.93000030517578,28.399999618530273,27.850000381469727,28.280000686645508,32371800
2011-05-16,27.860000610351562,28.34000015258789,27.780000686645508,27.81999969482422,32320800
2011-05-17,28.75,28.760000228881836,27.75,27.780000686645508,40162800
2011-05-18,28.920000076293945,28.940000534057617,28.459999084472656,28.719999313354492,23852500
2011-05-19,28.610000610351562,29.079999923706055,28.459999084472656,29.010000228881836,25207600
2011-05-20,28.0,28.610000610351562,27.950000762939453,28.469999313354492,29293400
2011-05-23,27.530000686645508,27.93000030517578,27.520000457763672,27.59000015258789,28094700
2011-05-24,27.6299991607666,27.729999542236328,27.3799991607666,27.56999969482422,21103400
2011-05-25,27.559999465942383,27.90999984741211,27.43000030517578,27.43000030517578,20648700
2011-05-26,27.700000762939453,27.829999923706055,27.40999984741211,27.469999313354492,18407800
2011-05-27,28.139999389648438,28.479999542236328,27.709999084472656,27.729999542236328,24528200
2011-05-31,28.3700008392334,28.56999969482422,28.06999969482422,28.399999618530273,27428500
2011-06-01,26.940000534057617,28.360000610351562,26.920000076293945,28.360000610351562,46071600
2011-06-02,27.15999984741211,27.350000381469727,26.3700008392334,27.040000915527344,54133000
2011-06-03,26.860000610351562,27.329999923706055,26.610000610351562,26.670000076293945,31962700
2011-06-06,26.260000228881836,26.75,26.079999923706055,26.3700008392334,43207700
2011-06-07,25.770000457763672,26.600000381469727,25.700000762939453,26.3700008392334,43318200
2011-06-08,25.360000610351562,26.18000030517578,25.260000228881836,25.860000610351562,56130000
2011-06-09,26.219999313354492,26.3700008392334,25.350000381469727,25.489999771118164,43128400
2011-06-10,26.280000686645508,26.549999237060547,25.65999984741211,25.969999313354492,46257400
2011-06-13,26.899999618530273,27.030000686645508,26.43000030517578,26.639999389648438,41440900
2011-06-14,27.020000457763672,27.6200008392334,26.90999984741211,27.219999313354492,42166500
2011-06-15,26.549999237060547,26.799999237060547,26.09000015258789,26.670000076293945,43190200
2011-06-16,26.799999237060547,26.969999313354492,26.360000610351562,26.540000915527344,39935600
2011-06-17,27.329999923706055,27.469999313354492,27.100000381469727,27.190000534057617,46513800
2011-06-20,26.950000762939453,27.31999969482422,26.770000457763672,27.170000076293945,31769100
2011-06-21,27.459999084472656,27.559999465942383,26.950000762939453,27.139999389648438,29746600
2011-06-22,27.3700008392334,27.920000076293945,27.299999237060547,27.389999389648438,31172600
2011-06-23,27.040000915527344,27.239999771118164,26.59000015258789,26.90999984741211,46395300
2011-06-24,27.260000228881836,27.420000076293945,26.719999313354492,27.06999969482422,44103400
2011-06-27,27.450000762939453,27.690000534057617,27.18000030517578,27.190000534057617,30881900
2011-06-28,27.489999771118164,27.700000762939453,27.209999084472656,27.65999984741211,35223100
2011-06-29,28.06999969482422,28.1299991607666,27.530000686645508,27.899999618530273,38475600
2011-06-30,28.059999465942383,28.299999237060547,27.860000610351562,28.1299991607666,29556000
2011-07-01,28.670000076293945,28.75,27.959999084472656,28.079999923706055,30309400
2011-07-05,28.420000076293945,28.559999465942383,28.079999923706055,28.520000457763672,31275200
2011-07-06,28.1200008392334,28.18000030517578,27.639999389648438,27.969999313354492,29465000
2011-07-07,28.65999984741211,28.940000534057617,28.579999923706055,28.690000534057617,28868600
2011-07-08,28.299999237060547,28.399999618530273,28.059999465942383,28.280000686645508,24149500
2011-07-11,27.59000015258789,28.010000228881836,27.450000762939453,27.850000381469727,28903200
2011-07-12,27.389999389648438,27.920000076293945,27.350000381469727,27.360000610351562,25518600
2011-07-13,27.530000686645508,28.100000381469727,27.469999313354492,27.6299991607666,28163200
2011-07-14,27.280000686645508,27.799999237060547,27.229999542236328,27.68000030517578,27128100
2011-07-15,27.18000030517578,27.530000686645508,26.940000534057617,27.420000076293945,34385200
2011-07-18,26.8799991607666,27.25,26.3700008392334,27.030000686645508,49007200
2011-07-19,28.40999984741211,28.639999389648438,27.139999389648438,27.290000915527344,64679100
2011-07-20,28.700000762939453,29.190000534057617,28.549999237060547,28.56999969482422,44396200
2011-07-21,29.3799991607666,29.6299991607666,28.850000381469727,29.049999237060547,46306800
2011-07-22,29.139999389648438,29.43000030517578,28.979999542236328,29.389999389648438,25926400
2011-07-25,28.950000762939453,29.040000915527344,28.600000381469727,28.860000610351562,27127500
2011-07-26,28.969999313354492,29.270000457763672,28.729999542236328,28.950000762939453,22662900
2011-07-27,28.579999923706055,29.049999237060547,28.450000762939453,28.899999618530273,40987100
2011-07-28,28.299999237060547,28.959999084472656,28.200000762939453,28.65999984741211,26866800
2011-07-29,27.940000534057617,28.520000457763672,27.780000686645508,27.969999313354492,38011600
2011-08-01,27.93000030517578,28.440000534057617,27.469999313354492,28.3700008392334,31121600
2011-08-02,27.18000030517578,27.809999465942383,27.18000030517578,27.600000381469727,35543600
2011-08-03,27.299999237060547,27.40999984741211,26.790000915527344,27.09000015258789,33577000
2011-08-04,25.739999771118164,27.09000015258789,25.65999984741211,26.780000686645508,51507800
2011-08-05,25.209999084472656,26.389999389648438,24.90999984741211,26.139999389648438,58462000
2011-08-08,22.93000030517578,25.540000915527344,22.8799991607666,24.700000762939453,107020900
2011-08-09,24.780000686645508,24.860000610351562,22.649999618530273,24.350000381469727,104006100
2011-08-10,22.8799991607666,24.299999237060547,22.579999923706055,24.209999084472656,86503900
2011-08-11,24.290000915527344,24.719999313354492,23.110000610351562,23.200000762939453,73369600
2011-08-12,24.1299991607666,25.229999542236328,23.829999923706055,24.799999237060547,50527400
2011-08-15,25.020000457763672,25.059999465942383,24.549999237060547,24.559999465942383,35854000
2011-08-16,24.549999237060547,24.93000030517578,24.329999923706055,24.6299991607666,37863500
2011-08-17,24.8799991607666,25.229999542236328,24.610000610351562,24.860000610351562,30987300
2011-08-18,23.719999313354492,24.450000762939453,23.440000534057617,24.270000457763672,54908900
2011-08-19,23.360000610351562,23.950000762939453,23.020000457763672,23.3799991607666,56250900
2011-08-22,22.889999389648438,24.1200008392334,22.799999237060547,24.09000015258789,51264900
2011-08-23,23.940000534057617,23.950000762939453,22.639999389648438,23.040000915527344,45910400
2011-08-24,24.43000030517578,24.809999465942383,23.790000915527344,24.010000228881836,40816200
2011-08-25,24.760000228881836,25.8799991607666,24.34000015258789,25.360000610351562,57371600
2011-08-26,24.59000015258789,24.8799991607666,23.770000457763672,24.399999618530273,40700300
2011-08-29,25.420000076293945,25.450000762939453,24.899999618530273,24.90999984741211,28990900
2011-08-30,25.399999618530273,25.610000610351562,25.0,25.239999771118164,28148200
2011-08-31,26.100000381469727,26.200000762939453,25.510000228881836,25.700000762939453,40392400
2011-09-01,25.229999542236328,26.239999771118164,25.200000762939453,26.110000610351562,38742000
2011-09-02,24.200000762939453,24.6200008392334,24.049999237060547,24.459999084472656,42752900
2011-09-06,23.920000076293945,24.040000915527344,23.270000457763672,23.40999984741211,44239400
2011-09-07,24.959999084472656,25.020000457763672,24.1200008392334,24.450000762939453,35509900
2011-09-08,24.399999618530273,24.829999923706055,24.280000686645508,24.670000076293945,30515500
2011-09-09,23.520000457763672,24.280000686645508,23.43000030517578,24.059999465942383,46465800
2011-09-12,24.100000381469727,24.149999618530273,23.0,23.09000015258789,46200700
2011-09-13,24.360000610351562,24.90999984741211,24.15999984741211,24.34000015258789,34748500
2011-09-14,24.690000534057617,24.959999084472656,23.889999389648438,24.479999542236328,34475300
2011-09-15,25.190000534057617,25.219999313354492,24.709999084472656,25.030000686645508,31740600
2011-09-16,24.950000762939453,25.40999984741211,24.520000457763672,25.360000610351562,43811100
2011-09-19,24.329999923706055,24.559999465942383,24.049999237060547,24.34000015258789,34552600
2011-09-20,24.670000076293945,25.170000076293945,24.239999771118164,24.43000030517578,36200400
2011-09-21,23.709999084472656,25.149999618530273,23.690000534057617,24.799999237060547,66061000
2011-09-22,23.170000076293945,23.40999984741211,22.700000762939453,23.110000610351562,61762900
2011-09-23,23.690000534057617,23.90999984741211,22.90999984741211,22.940000534057617,46958000
2011-09-26,24.790000915527344,24.889999389648438,23.75,23.959999084472656,46418300
2011-09-27,24.959999084472656,26.0,24.729999542236328,25.389999389648438,50743100
2011-09-28,24.450000762939453,25.329999923706055,24.40999984741211,24.959999084472656,40277800
2011-09-29,24.989999771118164,25.270000457763672,24.110000610351562,25.079999923706055,42439200
2011-09-30,24.1200008392334,25.06999969482422,24.110000610351562,24.579999923706055,40205200
2011-10-03,23.18000030517578,24.489999771118164,23.15999984741211,24.049999237060547,44760600
2011-10-04,24.209999084472656,24.270000457763672,22.610000610351562,22.90999984741211,61000000
2011-10-05,24.5,24.709999084472656,23.610000610351562,24.1200008392334,41426500
2011-10-06,25.3700008392334,25.459999084472656,23.940000534057617,24.420000076293945,41514800
2011-10-07,24.540000915527344,25.520000457763672,24.540000915527344,25.510000228881836,42315700
2011-10-10,26.1299991607666,26.139999389648438,25.229999542236328,25.290000915527344,38967600
2011-10-11,26.049999237060547,26.31999969482422,25.670000076293945,25.920000076293945,33668700
2011-10-12,26.950000762939453,27.540000915527344,26.25,26.360000610351562,54694200
2011-10-13,26.1200008392334,26.579999923706055,25.65999984741211,26.579999923706055,41606200
2011-10-14,26.670000076293945,26.790000915527344,25.799999237060547,26.59000015258789,39545600
2011-10-17,24.420000076293945,25.399999618530273,24.299999237060547,25.239999771118164,77765400
2011-10-18,25.860000610351562,26.200000762939453,24.520000457763672,24.850000381469727,69467900
2011-10-19,25.18000030517578,26.18000030517578,25.100000381469727,25.790000915527344,42878200
2011-10-20,25.760000228881836,25.90999984741211,24.920000076293945,25.239999771118164,35366200
2011-10-21,26.309999465942383,26.479999542236328,25.90999984741211,26.09000015258789,49625100
2011-10-24,26.520000457763672,26.739999771118164,25.989999771118164,26.020000457763672,37427600
2011-10-25,25.549999237060547,26.200000762939453,25.420000076293945,26.200000762939453,39377100
2011-10-26,25.760000228881836,26.09000015258789,25.3799991607666,26.040000915527344,53053100
2011-10-27,27.06999969482422,27.5,26.34000015258789,26.959999084472656,66818300
2011-10-28,27.079999923706055,27.360000610351562,26.459999084472656,26.81999969482422,36000200
2011-10-31,25.90999984741211,26.65999984741211,25.8799991607666,26.3700008392334,41518700
2011-11-01,24.770000457763672,25.610000610351562,24.540000915527344,24.780000686645508,52809300
2011-11-02,25.329999923706055,25.440000534057617,24.90999984741211,25.1200008392334,39223800
2011-11-03,25.809999465942383,25.899999618530273,25.049999237060547,25.6200008392334,30803800
2011-11-04,25.399999618530273,25.770000457763672,25.18000030517578,25.5,27170400
2011-11-07,25.420000076293945,25.56999969482422,25.059999465942383,25.399999618530273,24587900
2011-11-08,26.530000686645508,26.6299991607666,25.530000686645508,25.540000915527344,42714300
2011-11-09,24.989999771118164,26.049999237060547,24.829999923706055,25.920000076293945,46938400
2011-11-10,25.079999923706055,25.43000030517578,24.850000381469727,25.219999313354492,30472200
2011-11-11,25.649999618530273,25.75,25.399999618530273,25.440000534057617,25833300
2011-11-14,25.100000381469727,25.56999969482422,24.950000762939453,25.530000686645508,29278000
2011-11-15,25.290000915527344,25.469999313354492,24.81999969482422,24.989999771118164,28387500
2011-11-16,24.940000534057617,25.56999969482422,24.81999969482422,25.049999237060547,36164200
2011-11-17,24.670000076293945,25.270000457763672,24.469999313354492,24.93000030517578,39889500
2011-11-18,24.690000534057617,25.06999969482422,24.6200008392334,24.75,31119100
2011-11-21,24.18000030517578,24.459999084472656,24.030000686645508,24.18000030517578,32214100
2011-11-22,23.93000030517578,24.450000762939453,23.90999984741211,24.1299991607666,37236500
2011-11-23,23.209999084472656,23.700000762939453,23.190000534057617,23.610000610351562,35928800
2011-11-25,23.510000228881836,23.760000228881836,23.280000686645508,23.309999465942383,14601000
2011-11-28,24.149999618530273,24.579999923706055,23.8799991607666,24.579999923706055,32648300
2011-11-29,24.079999923706055,24.440000534057617,23.899999618530273,24.200000762939453,27692400
2011-11-30,25.860000610351562,25.950000762939453,24.790000915527344,25.020000457763672,51597900
2011-12-01,25.639999389648438,25.860000610351562,25.329999923706055,25.6200008392334,25810900
2011-12-02,26.06999969482422,26.469999313354492,25.729999542236328,25.790000915527344,36436400
2011-12-05,26.739999771118164,26.940000534057617,26.219999313354492,26.420000076293945,34440500
2011-12-06,26.649999618530273,26.8799991607666,26.450000762939453,26.540000915527344,22431700
2011-12-07,27.049999237060547,27.209999084472656,26.350000381469727,26.450000762939453,28082500
2011-12-08,26.190000534057617,26.850000381469727,26.059999465942383,26.690000534057617,29405800
2011-12-09,26.90999984741211,27.010000228881836,26.290000915527344,26.329999923706055,28607100
2011-12-12,26.290000915527344,26.68000030517578,26.06999969482422,26.6299991607666,24916000
2011-12-13,25.790000915527344,26.579999923706055,25.469999313354492,26.549999237060547,31517500
2011-12-14,25.860000610351562,26.200000762939453,25.389999389648438,25.389999389648438,33698900
2011-12-15,25.610000610351562,26.309999465942383,25.559999465942383,26.139999389648438,32596500
2011-12-16,25.979999542236328,26.110000610351562,25.75,25.809999465942383,43828300
2011-12-19,25.309999465942383,26.200000762939453,25.18000030517578,26.139999389648438,28759600
2011-12-20,26.5,26.690000534057617,25.719999313354492,25.850000381469727,37826000
2011-12-21,26.889999389648438,26.889999389648438,26.209999084472656,26.559999465942383,28577200
2011-12-22,27.25,27.350000381469727,26.899999618530273,26.90999984741211,38975400
2011-12-23,27.790000915527344,27.969999313354492,27.389999389648438,27.40999984741211,27457800
2011-12-27,27.610000610351562,27.889999389648438,27.610000610351562,27.709999084472656,14090300
2011-12-28,27.110000610351562,27.719999313354492,27.079999923706055,27.59000015258789,18306800
2011-12-29,27.760000228881836,27.829999923706055,27.219999313354492,27.25,20122000
2011-12-30,27.559999465942383,27.780000686645508,27.549999237060547,27.639999389648438,15071100
2012-01-03,28.43000030517578,28.520000457763672,27.940000534057617,27.940000534057617,40071200
2012-01-04,28.559999465942383,28.690000534057617,28.040000915527344,28.34000015258789,27519200
2012-01-05,29.020000457763672,29.579999923706055,28.25,28.5,48435100
2012-01-06,28.940000534057617,29.079999923706055,28.459999084472656,28.84000015258789,32303500
2012-01-09,29.299999237060547,29.3799991607666,29.0,29.149999618530273,25720100
2012-01-10,29.40999984741211,29.799999237060547,29.18000030517578,29.739999771118164,29860100
2012-01-11,29.6200008392334,29.68000030517578,29.079999923706055,29.25,30908700
2012-01-12,29.610000610351562,29.940000534057617,29.239999771118164,29.770000457763672,29175900
2012-01-13,29.610000610351562,29.639999389648438,28.850000381469727,28.899999618530273,43051100
2012-01-17,29.829999923706055,30.690000534057617,29.65999984741211,29.969999313354492,50040400
2012-01-18,30.239999771118164,30.290000915527344,29.5,29.610000610351562,42454000
2012-01-19,30.149999618530273,30.440000534057617,29.989999771118164,30.360000610351562,33156700
2012-01-20,30.540000915527344,30.56999969482422,29.959999084472656,30.1299991607666,37193700
2012-01-23,30.920000076293945,31.040000915527344,30.440000534057617,30.540000915527344,35272800
2012-01-24,30.540000915527344,30.649999618530273,30.15999984741211,30.450000762939453,28199400
2012-01-25,30.200000762939453,30.40999984741211,29.959999084472656,30.31999969482422,34173600
2012-01-26,29.049999237060547,30.420000076293945,28.799999237060547,30.420000076293945,54668100
2012-01-27,29.600000381469727,29.75,28.770000457763672,28.8799991607666,31196200
2012-01-30,29.25,29.329999923706055,29.030000686645508,29.25,22814800
2012-01-31,29.209999084472656,29.5,28.979999542236328,29.5,31203600
2012-02-01,29.889999389648438,30.09000015258789,29.549999237060547,29.6299991607666,34825000
2012-02-02,29.899999618530273,30.100000381469727,29.690000534057617,29.979999542236328,24624600
2012-02-03,30.6299991607666,30.709999084472656,30.350000381469727,30.440000534057617,46264900
2012-02-06,30.200000762939453,30.510000228881836,30.079999923706055,30.40999984741211,23337800
2012-02-07,30.260000228881836,30.489999771118164,30.0,30.020000457763672,25436800
2012-02-08,30.6299991607666,30.6299991607666,30.1299991607666,30.299999237060547,31639700
2012-02-09,30.579999923706055,30.850000381469727,30.290000915527344,30.780000686645508,29693200
2012-02-10,30.260000228881836,30.399999618530273,30.079999923706055,30.18000030517578,20049600
2012-02-13,30.6200008392334,30.75,30.450000762939453,30.600000381469727,21961600
2012-02-14,30.420000076293945,30.530000686645508,30.020000457763672,30.329999923706055,23510000
2012-02-15,30.170000076293945,30.719999313354492,30.049999237060547,30.6200008392334,27140300
2012-02-16,30.3700008392334,30.469999313354492,29.950000762939453,30.260000228881836,26470800
2012-02-17,31.09000015258789,31.1299991607666,30.34000015258789,30.559999465942383,35720000
2012-02-21,30.959999084472656,31.469999313354492,30.809999465942383,31.139999389648438,29334500
2012-02-22,30.59000015258789,30.90999984741211,30.5,30.799999237060547,29074600
2012-02-23,30.649999618530273,30.68000030517578,30.280000686645508,30.649999618530273,23327000
2012-02-24,30.18000030517578,30.65999984741211,30.020000457763672,30.440000534057617,21604000
2012-02-27,31.030000686645508,31.1299991607666,29.989999771118164,30.049999237060547,36242500
2012-02-28,31.3700008392334,31.459999084472656,30.979999542236328,31.010000228881836,30734800
2012-02-29,31.290000915527344,31.899999618530273,31.219999313354492,31.420000076293945,33656100
2012-03-01,31.540000915527344,31.75,31.309999465942383,31.559999465942383,27218100
2012-03-02,31.280000686645508,31.719999313354492,31.219999313354492,31.639999389648438,22716500
2012-03-05,30.969999313354492,31.15999984741211,30.700000762939453,31.149999618530273,21920400
2012-03-06,30.110000610351562,30.559999465942383,29.989999771118164,30.510000228881836,29644200
2012-03-07,30.40999984741211,30.739999771118164,30.18000030517578,30.270000457763672,23750200
2012-03-08,31.399999618530273,31.489999771118164,30.709999084472656,30.860000610351562,28442300
2012-03-09,31.65999984741211,31.899999618530273,31.290000915527344,31.489999771118164,24042700
2012-03-12,31.510000228881836,31.649999618530273,31.079999923706055,31.600000381469727,23677000
2012-03-13,33.33000183105469,33.58000183105469,31.68000030517578,31.84000015258789,62583800
2012-03-14,33.369998931884766,33.45000076293945,32.61000061035156,33.369998931884766,53025300
2012-03-15,34.06999969482422,34.08000183105469,33.11000061035156,33.5,45009500
2012-03-16,33.88999938964844,34.130001068115234,33.630001068115234,34.130001068115234,39886400
2012-03-19,34.25,34.59000015258789,33.5099983215332,33.7400016784668,36658700
2012-03-20,34.31999969482422,34.5099983215332,33.7400016784668,34.060001373291016,34156500
2012-03-21,34.02000045776367,34.52000045776367,34.0,34.5,29346900
2012-03-22,33.36000061035156,33.79999923706055,33.22999954223633,33.470001220703125,30065600
2012-03-23,33.529998779296875,33.689998626708984,33.290000915527344,33.38999938964844,25470400
2012-03-26,34.38999938964844,34.38999938964844,33.689998626708984,33.90999984741211,27043300
2012-03-27,34.0,34.470001220703125,33.91999816894531,34.400001525878906,24979000
2012-03-28,34.470001220703125,34.470001220703125,33.900001525878906,33.900001525878906,29445400
2012-03-29,33.939998626708984,34.41999816894531,33.540000915527344,34.36000061035156,31559500
2012-03-30,34.13999938964844,34.18000030517578,33.7599983215332,34.18000030517578,26891100
2012-04-02,34.5099983215332,34.59000015258789,33.79999923706055,33.83000183105469,24606100
2012-04-03,34.47999954223633,34.540000915527344,34.119998931884766,34.349998474121094,26009000
2012-04-04,33.880001068115234,34.290000915527344,33.619998931884766,34.09000015258789,26655600
2012-04-05,33.72999954223633,34.02000045776367,33.630001068115234,33.779998779296875,19563100
2012-04-09,33.41999816894531,33.72999954223633,32.97999954223633,33.060001373291016,22890500
2012-04-10,32.91999816894531,33.66999816894531,32.849998474121094,33.380001068115234,34674500
2012-04-11,33.619998931884766,33.90999984741211,33.41999816894531,33.5099983215332,29673900
2012-04-12,34.02000045776367,34.15999984741211,33.52000045776367,33.689998626708984,31469600
2012-04-13,32.84000015258789,33.869998931884766,32.79999923706055,33.72999954223633,41933000
2012-04-16,33.150001525878906,33.45000076293945,32.66999816894531,33.18000030517578,30129800
2012-04-17,33.68000030517578,33.779998779296875,33.279998779296875,33.31999969482422,23724900
2012-04-18,33.56999969482422,33.7400016784668,33.33000183105469,33.459999084472656,19718500
2012-04-19,33.119998931884766,33.77000045776367,32.88999938964844,33.70000076293945,25355100
2012-04-20,33.0,33.31999969482422,32.900001525878906,33.22999954223633,23511000
2012-04-23,32.689998626708984,32.77000045776367,32.43000030517578,32.650001525878906,27262400
2012-04-24,33.06999969482422,33.150001525878906,32.7400016784668,32.79999923706055,19978200
2012-04-25,33.349998474121094,33.470001220703125,32.869998931884766,33.29999923706055,20489000
2012-04-26,33.84000015258789,33.849998474121094,33.209999084472656,33.29999923706055,23413600
2012-04-27,33.77000045776367,33.97999954223633,33.61000061035156,33.90999984741211,19831300
2012-04-30,33.41999816894531,33.77000045776367,33.099998474121094,33.75,20361100
2012-05-01,34.09000015258789,34.29999923706055,33.400001525878906,33.54999923706055,25970300
2012-05-02,33.56999969482422,33.790000915527344,33.290000915527344,33.70000076293945,19156700
2012-05-03,33.38999938964844,33.790000915527344,33.2400016784668,33.790000915527344,18647800
2012-05-04,33.029998779296875,33.41999816894531,32.7599983215332,33.2400016784668,27154400
2012-05-07,33.5,33.650001525878906,32.779998779296875,32.790000915527344,28211800
2012-05-08,33.150001525878906,33.54999923706055,32.849998474121094,33.130001068115234,27069000
2012-05-09,32.630001068115234,32.90999984741211,32.459999084472656,32.810001373291016,27552100
2012-05-10,33.189998626708984,33.5,32.900001525878906,33.209999084472656,24902300
2012-05-11,33.310001373291016,33.599998474121094,32.52000045776367,32.66999816894531,36384600
2012-05-14,32.40999984741211,32.95000076293945,32.380001068115234,32.880001068115234,29761900
2012-05-15,32.2400016784668,32.720001220703125,32.099998474121094,32.279998779296875,28625200
2012-05-16,31.969999313354492,32.720001220703125,31.969999313354492,32.439998626708984,28226100
2012-05-17,31.440000534057617,32.15999984741211,31.43000030517578,31.959999084472656,46067300
2012-05-18,30.940000534057617,31.579999923706055,30.649999618530273,31.469999313354492,53576100
2012-05-21,31.399999618530273,31.469999313354492,30.520000457763672,30.93000030517578,30865500
2012-05-22,31.670000076293945,32.45000076293945,31.3700008392334,31.549999237060547,30213700
2012-05-23,31.739999771118164,31.799999237060547,30.979999542236328,31.5,30587800
2012-05-24,31.809999465942383,31.8799991607666,31.360000610351562,31.850000381469727,23765100
2012-05-25,31.860000610351562,32.150001525878906,31.770000457763672,31.81999969482422,18935300
2012-05-29,32.25,32.2599983215332,31.959999084472656,32.099998474121094,20188900
2012-05-30,31.700000762939453,32.040000915527344,31.520000457763672,31.899999618530273,28690800
2012-05-31,32.04999923706055,32.36000061035156,31.3799991607666,31.770000457763672,31879900
2012-06-01,30.15999984741211,31.459999084472656,30.0,31.399999618530273,50519500
2012-06-04,30.049999237060547,30.399999618530273,29.799999237060547,30.399999618530273,37812600
2012-06-05,30.520000457763672,30.579999923706055,29.8700008392334,29.950000762939453,24618000
2012-06-06,30.969999313354492,30.979999542236328,30.3700008392334,30.770000457763672,38718500
2012-06-07,31.18000030517578,31.579999923706055,31.139999389648438,31.450000762939453,28903000
2012-06-08,31.43000030517578,31.43000030517578,30.760000228881836,31.200000762939453,33927700
2012-06-11,30.989999771118164,31.940000534057617,30.959999084472656,31.649999618530273,26855900
2012-06-12,31.299999237060547,31.3799991607666,30.34000015258789,31.1200008392334,32437000
2012-06-13,31.579999923706055,31.969999313354492,31.149999618530273,31.260000228881836,30209200
2012-06-14,32.029998779296875,32.25,31.530000686645508,31.649999618530273,31265500
2012-06-15,32.45000076293945,32.54999923706055,31.790000915527344,32.150001525878906,39130600
2012-06-18,32.459999084472656,32.72999954223633,32.20000076293945,32.33000183105469,20933700
2012-06-19,32.959999084472656,33.220001220703125,32.5,32.709999084472656,30620000
2012-06-20,32.810001373291016,33.15999984741211,32.31999969482422,33.02000045776367,29557200
2012-06-21,32.34000015258789,33.13999938964844,32.27000045776367,32.90999984741211,31928700
2012-06-22,32.810001373291016,33.09000015258789,32.54999923706055,32.66999816894531,34799300
2012-06-25,32.220001220703125,32.5,32.0,32.459999084472656,20175000
2012-06-26,32.33000183105469,32.470001220703125,32.04999923706055,32.29999923706055,19167400
2012-06-27,32.72999954223633,32.849998474121094,32.38999938964844,32.59000015258789,17072700
2012-06-28,32.47999954223633,32.54999923706055,31.90999984741211,32.40999984741211,29698300
2012-06-29,33.439998626708984,33.439998626708984,32.970001220703125,33.15999984741211,30171700
2012-07-02,33.54999923706055,33.72999954223633,33.209999084472656,33.66999816894531,19654600
2012-07-03,33.47999954223633,33.720001220703125,33.349998474121094,33.529998779296875,13531500
2012-07-05,33.130001068115234,33.36000061035156,33.0,33.2599983215332,21927700
2012-07-06,33.04999923706055,33.18000030517578,32.619998931884766,32.75,17957600
2012-07-09,33.2599983215332,33.56999969482422,33.040000915527344,33.040000915527344,19708700
2012-07-10,32.970001220703125,33.68000030517578,32.75,33.4900016784668,21878400
2012-07-11,33.27000045776367,33.380001068115234,32.77000045776367,32.849998474121094,23266200
2012-07-12,32.849998474121094,33.119998931884766,32.63999938964844,33.02000045776367,29956400
2012-07-13,33.90999984741211,33.959999084472656,32.65999984741211,32.709999084472656,39549100
2012-07-16,34.02000045776367,34.349998474121094,33.72999954223633,33.91999816894531,29744300
2012-07-17,34.119998931884766,34.25,33.599998474121094,34.189998626708984,21711600
2012-07-18,33.959999084472656,34.130001068115234,33.7400016784668,33.91999816894531,23349300
2012-07-19,34.150001525878906,34.34000015258789,33.959999084472656,34.040000915527344,22687500
2012-07-20,33.810001373291016,34.290000915527344,33.7599983215332,33.959999084472656,24839600
2012-07-23,33.439998626708984,33.709999084472656,33.130001068115234,33.220001220703125,26461300
2012-07-24,33.22999954223633,33.560001373291016,32.95000076293945,33.5,24927200
2012-07-25,33.15999984741211,33.40999984741211,32.9900016784668,33.36000061035156,25968000
2012-07-26,33.779998779296875,33.84000015258789,33.279998779296875,33.66999816894531,22763000
2012-07-27,34.150001525878906,34.380001068115234,33.849998474121094,33.869998931884766,25808800
2012-07-30,33.959999084472656,34.400001525878906,33.90999984741211,34.150001525878906,19113800
2012-07-31,33.810001373291016,34.0,33.720001220703125,33.81999969482422,19404300
2012-08-01,33.900001525878906,34.79999923706055,33.79999923706055,33.91999816894531,41075800
2012-08-02,33.34000015258789,33.68000030517578,32.84000015258789,33.630001068115234,31475000
2012-08-03,34.34000015258789,34.400001525878906,33.630001068115234,33.7599983215332,25066400
2012-08-06,34.0,34.560001373291016,33.9900016784668,34.45000076293945,16959300
2012-08-07,33.959999084472656,34.400001525878906,33.959999084472656,34.20000076293945,16834400
2012-08-08,33.81999969482422,33.95000076293945,33.47999954223633,33.630001068115234,12444400
2012-08-09,33.81999969482422,33.97999954223633,33.61000061035156,33.75,13025800
2012-08-10,33.83000183105469,33.95000076293945,33.540000915527344,33.58000183105469,11408500
2012-08-13,33.959999084472656,34.029998779296875,33.59000015258789,33.65999984741211,11385300
2012-08-14,33.959999084472656,34.220001220703125,33.869998931884766,34.11000061035156,13204200
2012-08-15,33.970001220703125,34.18000030517578,33.83000183105469,34.0099983215332,13766800
2012-08-16,34.130001068115234,34.20000076293945,33.779998779296875,34.119998931884766,19596400
2012-08-17,34.029998779296875,34.29999923706055,33.959999084472656,34.25,16927000
2012-08-20,34.06999969482422,34.20000076293945,33.97999954223633,34.029998779296875,18147600
2012-08-21,34.380001068115234,34.7599983215332,34.099998474121094,34.2400016784668,25280400
2012-08-22,34.18000030517578,34.459999084472656,34.11000061035156,34.33000183105469,18862500
2012-08-23,33.91999816894531,34.220001220703125,33.880001068115234,34.15999984741211,17540600
2012-08-24,34.040000915527344,34.209999084472656,33.7599983215332,33.79999923706055,16677900
2012-08-27,34.02000045776367,34.25,33.91999816894531,34.09000015258789,13813000
2012-08-28,34.099998474121094,34.25,33.869998931884766,33.880001068115234,15936800
2012-08-29,34.06999969482422,34.279998779296875,34.06999969482422,34.099998474121094,12663500
2012-08-30,33.869998931884766,34.04999923706055,33.810001373291016,33.95000076293945,15140400
2012-08-31,34.029998779296875,34.20000076293945,33.93000030517578,34.0099983215332,16880100
2012-09-04,33.79999923706055,34.130001068115234,33.72999954223633,34.040000915527344,14717600
2012-09-05,33.75,34.0099983215332,33.7400016784668,33.84000015258789,16121100
2012-09-06,34.84000015258789,34.95000076293945,33.970001220703125,33.97999954223633,32143100
2012-09-07,35.0,35.189998626708984,34.7400016784668,34.959999084472656,26773900
2012-09-10,34.59000015258789,34.939998626708984,34.59000015258789,34.869998931884766,19616700
2012-09-11,34.150001525878906,34.56999969482422,34.099998474121094,34.130001068115234,28575700
2012-09-12,34.33000183105469,34.45000076293945,34.209999084472656,34.29999923706055,17146900
2012-09-13,35.54999923706055,35.630001068115234,34.13999938964844,34.34000015258789,35911100
2012-09-14,36.130001068115234,36.599998474121094,35.560001373291016,35.599998474121094,42005000
2012-09-17,35.33000183105469,35.9900016784668,35.310001373291016,35.66999816894531,32266600
2012-09-18,35.439998626708984,35.58000183105469,35.16999816894531,35.34000015258789,26286600
2012-09-19,35.25,35.84000015258789,35.2400016784668,35.650001525878906,25755900
2012-09-20,35.20000076293945,35.22999954223633,34.849998474121094,35.040000915527344,22245300
2012-09-21,34.970001220703125,35.45000076293945,34.79999923706055,35.41999816894531,67455100
2012-09-24,35.099998474121094,35.220001220703125,34.72999954223633,34.77000045776367,19628400
2012-09-25,34.720001220703125,35.619998931884766,34.720001220703125,35.220001220703125,31518500
2012-09-26,34.41999816894531,34.79999923706055,34.290000915527344,34.790000915527344,27547000
2012-09-27,34.7599983215332,34.83000183105469,34.38999938964844,34.5099983215332,21591600
2012-09-28,34.529998779296875,34.86000061035156,34.470001220703125,34.61000061035156,21511200
2012-10-01,34.70000076293945,35.119998931884766,34.61000061035156,34.779998779296875,18903300
2012-10-02,34.81999969482422,34.869998931884766,34.540000915527344,34.83000183105469,21664000
2012-10-03,35.439998626708984,35.65999984741211,34.900001525878906,34.97999954223633,29288800
2012-10-04,35.970001220703125,36.0,35.45000076293945,35.619998931884766,29103700
2012-10-05,35.84000015258789,36.34000015258789,35.63999938964844,36.099998474121094,26200600
2012-10-08,35.79999923706055,35.939998626708984,35.630001068115234,35.689998626708984,13882500
2012-10-09,35.099998474121094,35.95000076293945,34.970001220703125,35.86000061035156,40870500
2012-10-10,35.22999954223633,35.369998931884766,35.0,35.119998931884766,21229300
2012-10-11,35.18000030517578,35.65999984741211,35.06999969482422,35.59000015258789,23087800
2012-10-12,34.25,34.41999816894531,33.650001525878906,33.84000015258789,61315900
2012-10-15,33.900001525878906,34.20000076293945,33.529998779296875,34.09000015258789,50238300
2012-10-16,33.72999954223633,34.130001068115234,33.5,34.099998474121094,39858400
2012-10-17,34.470001220703125,34.720001220703125,33.880001068115234,33.93000030517578,34806200
2012-10-18,34.56999969482422,34.84000015258789,34.400001525878906,34.56999969482422,23132500
2012-10-19,34.34000015258789,34.61000061035156,34.02000045776367,34.61000061035156,27819800
2012-10-22,34.5,34.540000915527344,34.15999984741211,34.29999923706055,23043800
2012-10-23,33.869998931884766,34.15999984741211,33.63999938964844,34.040000915527344,29170300
2012-10-24,33.720001220703125,34.2599983215332,33.59000015258789,34.040000915527344,25150500
2012-10-25,34.060001373291016,34.22999954223633,33.72999954223633,34.099998474121094,18816500
2012-10-26,33.970001220703125,34.09000015258789,33.70000076293945,33.86000061035156,23257700
2012-10-31,33.689998626708984,34.27000045776367,33.650001525878906,34.189998626708984,24902700
2012-11-01,34.060001373291016,34.060001373291016,33.58000183105469,33.75,26179000
2012-11-02,33.7400016784668,34.40999984741211,33.65999984741211,34.34000015258789,19149600
2012-11-05,34.02000045776367,34.06999969482422,33.540000915527344,33.560001373291016,17548100
2012-11-06,34.31999969482422,34.400001525878906,34.0099983215332,34.04999923706055,18787700
2012-11-07,32.90999984741211,33.7599983215332,32.810001373291016,33.7599983215332,32189300
2012-11-08,32.349998474121094,33.33000183105469,32.31999969482422,33.18000030517578,28044300
2012-11-09,32.349998474121094,32.70000076293945,32.25,32.33000183105469,21637100
2012-11-12,32.369998931884766,32.560001373291016,32.220001220703125,32.45000076293945,14994700
2012-11-13,32.02000045776367,32.54999923706055,32.0,32.06999969482422,20615600
2012-11-14,31.43000030517578,32.27000045776367,31.25,32.08000183105469,30910400
2012-11-15,31.56999969482422,31.920000076293945,31.420000076293945,31.489999771118164,22953000
2012-11-16,31.940000534057617,32.0,31.399999618530273,31.6200008392334,25581200
2012-11-19,32.400001525878906,32.61000061035156,32.150001525878906,32.47999954223633,22655800
2012-11-20,32.91999816894531,33.220001220703125,32.27000045776367,32.400001525878906,23890300
2012-11-21,32.59000015258789,33.0,32.470001220703125,32.959999084472656,15861100
2012-11-23,33.20000076293945,33.20000076293945,32.72999954223633,32.849998474121094,8783100
2012-11-26,32.900001525878906,33.04999923706055,32.650001525878906,33.029998779296875,16967700
2012-11-27,32.630001068115234,33.040000915527344,32.58000183105469,32.810001373291016,18988300
2012-11-28,32.810001373291016,32.849998474121094,32.119998931884766,32.45000076293945,18115300
2012-11-29,33.15999984741211,33.33000183105469,32.939998626708984,33.029998779296875,21316700
2012-11-30,33.0099983215332,33.220001220703125,32.84000015258789,33.11000061035156,19535500
2012-12-03,32.75,33.2400016784668,32.7400016784668,33.18000030517578,19623300
2012-12-04,32.7400016784668,32.84000015258789,32.40999984741211,32.83000183105469,20296900
2012-12-05,32.97999954223633,33.20000076293945,32.689998626708984,32.91999816894531,27232100
2012-12-06,33.13999938964844,33.2599983215332,32.81999969482422,32.97999954223633,18833100
2012-12-07,33.22999954223633,33.349998474121094,33.0,33.290000915527344,18525200
2012-12-10,33.04999923706055,33.34000015258789,33.029998779296875,33.119998931884766,17977000
2012-12-11,33.290000915527344,33.439998626708984,33.04999923706055,33.11000061035156,20841900
2012-12-12,33.5,33.91999816894531,33.36000061035156,33.43000030517578,26297900
2012-12-13,33.2599983215332,33.630001068115234,33.20000076293945,33.4900016784668,18612400
2012-12-14,33.150001525878906,33.31999969482422,33.02000045776367,33.25,19231900
2012-12-17,34.380001068115234,34.45000076293945,33.25,33.25,43475600
2012-12-18,34.959999084472656,35.189998626708984,34.47999954223633,34.65999984741211,35083200
2012-12-19,34.619998931884766,35.029998779296875,34.599998474121094,34.970001220703125,33517600
2012-12-20,35.060001373291016,35.060001373291016,34.459999084472656,34.459999084472656,25128300
2012-12-21,34.47999954223633,34.880001068115234,34.20000076293945,34.689998626708984,37148300
2012-12-24,34.41999816894531,35.0,34.31999969482422,34.400001525878906,7911300
2012-12-26,34.33000183105469,34.619998931884766,34.20000076293945,34.470001220703125,14289700
2012-12-27,34.18000030517578,34.439998626708984,33.65999984741211,34.31999969482422,19264700
2012-12-28,33.90999984741211,34.22999954223633,33.869998931884766,33.88999938964844,15877700
2012-12-31,34.18000030517578,34.25,33.709999084472656,33.7400016784668,26697900
2013-01-02,35.04999923706055,35.06999969482422,34.7400016784668,35.029998779296875,30443000
2013-01-03,34.7599983215332,35.040000915527344,34.61000061035156,34.97999954223633,25374800
2013-01-04,34.939998626708984,35.040000915527344,34.45000076293945,34.59000015258789,31420300
2013-01-07,34.77000045776367,34.970001220703125,34.470001220703125,34.90999984741211,28135100
2013-01-08,34.709999084472656,34.790000915527344,34.43000030517578,34.68000030517578,20132600
2013-01-09,34.709999084472656,35.150001525878906,34.65999984741211,34.849998474121094,24589300
2013-01-10,35.400001525878906,35.400001525878906,34.88999938964844,35.029998779296875,37523100
2013-01-11,35.099998474121094,35.18000030517578,34.529998779296875,34.93000030517578,44149200
2013-01-14,34.77000045776367,35.060001373291016,34.52000045776367,34.9900016784668,23145600
2013-01-15,35.11000061035156,35.20000076293945,34.599998474121094,34.630001068115234,24837500
2013-01-16,35.09000015258789,35.290000915527344,34.90999984741211,34.970001220703125,16799200
2013-01-17,35.029998779296875,35.220001220703125,34.93000030517578,35.189998626708984,22912100
2013-01-18,34.93000030517578,35.08000183105469,34.5,34.9900016784668,31399000
2013-01-22,35.040000915527344,35.04999923706055,34.709999084472656,34.79999923706055,20931100
2013-01-23,34.95000076293945,35.119998931884766,34.869998931884766,35.029998779296875,18180200
2013-01-24,35.15999984741211,35.459999084472656,34.880001068115234,35.060001373291016,22090700
2013-01-25,35.13999938964844,35.310001373291016,34.95000076293945,35.279998779296875,19431600
2013-01-28,35.11000061035156,35.25,34.849998474121094,35.20000076293945,22067900
2013-01-29,35.27000045776367,35.33000183105469,35.04999923706055,35.099998474121094,16846900
2013-01-30,34.970001220703125,35.040000915527344,34.72999954223633,34.9900016784668,27810800
2013-01-31,34.83000183105469,34.9900016784668,34.790000915527344,34.86000061035156,16751600
2013-02-01,35.130001068115234,35.25,34.95000076293945,35.060001373291016,21009300
2013-02-04,34.7599983215332,35.0,34.619998931884766,34.93000030517578,22241600
2013-02-05,34.849998474121094,35.099998474121094,34.849998474121094,34.959999084472656,17534100
2013-02-06,34.970001220703125,34.97999954223633,34.709999084472656,34.83000183105469,24087000
2013-02-07,34.65999984741211,34.95000076293945,34.54999923706055,34.939998626708984,27095000
2013-02-08,34.880001068115234,34.91999816894531,34.68000030517578,34.689998626708984,18425800
2013-02-11,35.2599983215332,35.38999938964844,34.91999816894531,34.95000076293945,24198900
2013-02-12,35.5099983215332,35.54999923706055,35.220001220703125,35.33000183105469,19559000
2013-02-13,35.130001068115234,35.52000045776367,34.95000076293945,35.45000076293945,21344300
2013-02-14,35.209999084472656,35.27000045776367,34.90999984741211,35.02000045776367,22296200
2013-02-15,35.15999984741211,35.36000061035156,35.02000045776367,35.2400016784668,21105000
2013-02-19,35.13999938964844,35.27000045776367,35.08000183105469,35.16999816894531,25413400
2013-02-20,35.099998474121094,35.31999969482422,35.060001373291016,35.09000015258789,27539300
2013-02-21,35.459999084472656,35.68000030517578,35.02000045776367,35.04999923706055,38030800
2013-02-22,35.81999969482422,35.83000183105469,35.38999938964844,35.56999969482422,20521000
2013-02-25,34.790000915527344,35.95000076293945,34.77000045776367,35.84000015258789,27023500
2013-02-26,34.75,35.099998474121094,34.52000045776367,35.08000183105469,29601900
2013-02-27,35.130001068115234,35.220001220703125,34.599998474121094,34.81999969482422,32171300
2013-02-28,35.08000183105469,35.369998931884766,35.02000045776367,35.06999969482422,22097000
2013-03-01,35.38999938964844,35.560001373291016,34.849998474121094,34.939998626708984,20624800
2013-03-04,35.849998474121094,35.880001068115234,35.33000183105469,35.369998931884766,16880500
2013-03-05,35.880001068115234,36.290000915527344,35.810001373291016,35.9900016784668,23312000
2013-03-06,36.04999923706055,36.13999938964844,35.810001373291016,36.09000015258789,18491700
2013-03-07,36.41999816894531,36.47999954223633,36.08000183105469,36.130001068115234,21509700
2013-03-08,36.5,36.619998931884766,36.22999954223633,36.45000076293945,24042200
2013-03-11,37.130001068115234,37.13999938964844,36.529998779296875,36.58000183105469,18989900
2013-03-12,36.65999984741211,37.18000030517578,36.630001068115234,37.09000015258789,22688600
2013-03-13,36.77000045776367,36.86000061035156,36.529998779296875,36.7400016784668,15812000
2013-03-14,36.970001220703125,37.029998779296875,36.79999923706055,36.95000076293945,21874700
2013-03-15,38.20000076293945,38.20000076293945,37.29999923706055,37.36000061035156,56046200
2013-03-18,37.7599983215332,37.900001525878906,37.619998931884766,37.70000076293945,29754300
2013-03-19,37.4900016784668,37.93000030517578,37.33000183105469,37.91999816894531,23724800
2013-03-20,37.439998626708984,37.84000015258789,37.349998474121094,37.650001525878906,19049900
2013-03-21,37.13999938964844,37.380001068115234,37.099998474121094,37.15999984741211,24008300
2013-03-22,37.20000076293945,37.380001068115234,37.099998474121094,37.27000045776367,15646600
2013-03-25,37.209999084472656,37.400001525878906,36.939998626708984,37.349998474121094,20304500
2013-03-26,37.29999923706055,37.45000076293945,37.06999969482422,37.43000030517578,18635500
2013-03-27,36.97999954223633,37.15999984741211,36.79999923706055,37.09000015258789,14840800
2013-03-28,36.9900016784668,37.040000915527344,36.83000183105469,37.029998779296875,16967500
2013-04-01,36.93000030517578,37.09000015258789,36.75,37.02000045776367,10903800
2013-04-02,36.880001068115234,37.099998474121094,36.77000045776367,37.029998779296875,17094700
2013-04-03,36.66999816894531,36.95000076293945,36.54999923706055,36.869998931884766,26277200
2013-04-04,37.41999816894531,37.47999954223633,36.75,36.77000045776367,24102400
2013-04-05,37.150001525878906,37.20000076293945,36.619998931884766,36.810001373291016,24520900
2013-04-08,37.02000045776367,37.11000061035156,36.619998931884766,37.11000061035156,20087000
2013-04-09,37.45000076293945,37.650001525878906,36.97999954223633,37.150001525878906,21250100
2013-04-10,37.56999969482422,37.849998474121094,37.20000076293945,37.54999923706055,23566000
2013-04-11,37.5099983215332,37.90999984741211,37.150001525878906,37.59000015258789,30560000
2013-04-12,37.209999084472656,37.41999816894531,36.599998474121094,36.93000030517578,36662500
2013-04-15,36.56999969482422,37.41999816894531,36.540000915527344,37.02000045776367,23092300
2013-04-16,37.060001373291016,37.220001220703125,36.75,36.849998474121094,20352400
2013-04-17,36.560001373291016,36.880001068115234,36.25,36.810001373291016,31790200
2013-04-18,36.27000045776367,36.63999938964844,36.189998626708984,36.59000015258789,19322200
2013-04-19,36.689998626708984,36.72999954223633,36.290000915527344,36.40999984741211,18107000
2013-04-22,36.72999954223633,36.86000061035156,36.400001525878906,36.810001373291016,14432000
2013-04-23,37.130001068115234,37.13999938964844,36.709999084472656,36.849998474121094,19883100
2013-04-24,37.34000015258789,37.45000076293945,37.13999938964844,37.20000076293945,16740700
2013-04-25,37.63999938964844,37.79999923706055,37.33000183105469,37.470001220703125,14861200
2013-04-26,37.880001068115234,37.880001068115234,37.459999084472656,37.560001373291016,17814600
2013-04-29,37.880001068115234,37.97999954223633,37.7599983215332,37.95000076293945,16016500
2013-04-30,37.97999954223633,38.040000915527344,37.540000915527344,37.959999084472656,20585300
2013-05-01,37.459999084472656,37.959999084472656,37.290000915527344,37.900001525878906,17639200
2013-05-02,37.40999984741211,37.650001525878906,37.380001068115234,37.5099983215332,13205400
2013-05-03,37.7400016784668,37.91999816894531,37.599998474121094,37.7400016784668,15878400
2013-05-06,37.900001525878906,37.9900016784668,37.7400016784668,37.86000061035156,14228700
2013-05-07,38.400001525878906,38.560001373291016,37.90999984741211,38.02000045776367,23273300
2013-05-08,38.45000076293945,38.66999816894531,38.04999923706055,38.13999938964844,18741300
2013-05-09,37.88999938964844,38.5099983215332,37.779998779296875,38.439998626708984,27766600
2013-05-10,38.029998779296875,38.15999984741211,37.81999969482422,38.040000915527344,16390500
2013-05-13,38.20000076293945,38.290000915527344,37.83000183105469,38.040000915527344,12774700
2013-05-14,38.7599983215332,38.790000915527344,38.209999084472656,38.2599983215332,21730600
2013-05-15,39.29999923706055,39.380001068115234,38.61000061035156,38.70000076293945,25696800
2013-05-16,39.2599983215332,39.7400016784668,39.09000015258789,39.279998779296875,22959500
2013-05-17,39.880001068115234,39.90999984741211,39.33000183105469,39.41999816894531,24390400
2013-05-20,40.20000076293945,40.290000915527344,39.849998474121094,39.900001525878906,18939000
2013-05-21,40.68000030517578,40.79999923706055,40.16999816894531,40.33000183105469,23049200
2013-05-22,40.099998474121094,41.099998474121094,39.9900016784668,40.720001220703125,30388300
2013-05-23,40.0099983215332,40.439998626708984,39.400001525878906,39.400001525878906,24730000
2013-05-24,40.2400016784668,40.29999923706055,39.5,39.52000045776367,17121900
2013-05-28,40.52000045776367,40.97999954223633,40.40999984741211,40.79999923706055,20993200
2013-05-29,40.75,40.900001525878906,40.209999084472656,40.36000061035156,22848100
2013-05-30,41.25,41.59000015258789,40.70000076293945,40.790000915527344,22022700
2013-05-31,40.54999923706055,41.349998474121094,40.54999923706055,41.2599983215332,26904700
2013-06-03,40.72999954223633,40.959999084472656,39.9900016784668,40.83000183105469,23638000
2013-06-04,40.439998626708984,41.16999816894531,40.41999816894531,40.79999923706055,18708700
2013-06-05,39.81999969482422,40.54999923706055,39.65999984741211,40.2400016784668,21099300
2013-06-06,40.720001220703125,40.7599983215332,39.599998474121094,39.70000076293945,24721900
2013-06-07,41.25,41.380001068115234,40.810001373291016,41.22999954223633,23459300
2013-06-10,41.27000045776367,41.689998626708984,41.16999816894531,41.5,16340600
2013-06-11,40.65999984741211,41.20000076293945,40.59000015258789,40.779998779296875,18368500
2013-06-12,40.27000045776367,40.95000076293945,40.119998931884766,40.790000915527344,18320100
2013-06-13,40.939998626708984,40.9900016784668,40.20000076293945,40.290000915527344,17377700
2013-06-14,40.15999984741211,41.060001373291016,40.099998474121094,40.84000015258789,19475700
2013-06-17,40.61000061035156,40.709999084472656,40.34000015258789,40.59000015258789,15494200
2013-06-18,40.84000015258789,40.970001220703125,40.630001068115234,40.720001220703125,15784400
2013-06-19,40.65999984741211,41.18000030517578,40.619998931884766,40.779998779296875,20898800
2013-06-20,40.09000015258789,40.65999984741211,39.97999954223633,40.290000915527344,29302200
2013-06-21,40.959999084472656,41.20000076293945,40.150001525878906,40.63999938964844,38847800
2013-06-24,39.79999923706055,40.5,39.400001525878906,40.47999954223633,31047900
2013-06-25,40.29999923706055,40.529998779296875,39.88999938964844,40.15999984741211,22263000
2013-06-26,41.02000045776367,41.29999923706055,40.72999954223633,40.72999954223633,19405900
2013-06-27,41.560001373291016,41.7400016784668,41.150001525878906,41.380001068115234,18800400
2013-06-28,41.27000045776367,41.619998931884766,41.04999923706055,41.560001373291016,20249300
2013-07-01,41.36000061035156,41.959999084472656,41.27000045776367,41.560001373291016,16177100
2013-07-02,41.220001220703125,41.58000183105469,41.0099983215332,41.20000076293945,15558700
2013-07-03,41.220001220703125,41.29999923706055,40.790000915527344,40.97999954223633,8074400
2013-07-05,42.06999969482422,42.06999969482422,41.43000030517578,41.459999084472656,14933800
2013-07-08,42.83000183105469,42.970001220703125,42.290000915527344,42.36000061035156,22830100
2013-07-09,42.70000076293945,43.08000183105469,42.22999954223633,42.95000076293945,22540600
2013-07-10,42.06999969482422,42.58000183105469,41.7400016784668,42.54999923706055,25414800
2013-07-11,41.88999938964844,42.52000045776367,41.439998626708984,42.470001220703125,32231700
2013-07-12,42.630001068115234,43.04999923706055,42.20000076293945,42.599998474121094,35799500
2013-07-15,43.349998474121094,43.36000061035156,42.970001220703125,42.97999954223633,21926700
2013-07-16,43.02000045776367,43.45000076293945,42.849998474121094,43.349998474121094,21829100
2013-07-17,43.5099983215332,43.880001068115234,43.16999816894531,43.20000076293945,23959200
2013-07-18,44.40999984741211,44.59000015258789,43.66999816894531,43.720001220703125,23443500
2013-07-19,44.45000076293945,44.7599983215332,44.130001068115234,44.41999816894531,18904400
2013-07-22,44.630001068115234,44.779998779296875,44.27000045776367,44.47999954223633,18409400
2013-07-23,44.56999969482422,44.790000915527344,44.5,44.650001525878906,13431500
2013-07-24,44.310001373291016,44.72999954223633,44.25,44.68000030517578,17947800
2013-07-25,43.650001525878906,44.220001220703125,43.41999816894531,44.220001220703125,29467400
2013-07-26,43.5099983215332,43.70000076293945,43.20000076293945,43.54999923706055,18503800
2013-07-29,43.25,43.5,43.209999084472656,43.40999984741211,12402400
2013-07-30,43.2599983215332,43.63999938964844,43.189998626708984,43.4900016784668,18579200
2013-07-31,43.5,44.04999923706055,43.29999923706055,43.29999923706055,25488500
2013-08-01,44.2599983215332,44.7400016784668,44.119998931884766,44.189998626708984,19822300
2013-08-02,44.4900016784668,44.54999923706055,44.04999923706055,44.2400016784668,13506500
2013-08-05,44.34000015258789,44.54999923706055,44.220001220703125,44.470001220703125,14162200
2013-08-06,44.029998779296875,44.31999969482422,43.970001220703125,44.27000045776367,13788000
2013-08-07,43.27000045776367,43.5099983215332,43.27000045776367,43.34000015258789,18578700
2013-08-08,43.220001220703125,43.56999969482422,42.9900016784668,43.5099983215332,18704100
2013-08-09,43.22999954223633,43.380001068115234,43.0,43.209999084472656,10716100
2013-08-12,43.20000076293945,43.43000030517578,42.849998474121094,43.04999923706055,11087600
2013-08-13,43.31999969482422,43.36000061035156,43.060001373291016,43.25,12733900
2013-08-14,43.099998474121094,43.529998779296875,43.099998474121094,43.45000076293945,13772000
2013-08-15,42.9900016784668,43.119998931884766,42.810001373291016,42.900001525878906,17748800
2013-08-16,42.75,43.18000030517578,42.63999938964844,42.68000030517578,16238000
2013-08-19,42.4900016784668,42.97999954223633,42.459999084472656,42.959999084472656,15873700
2013-08-20,42.59000015258789,42.66999816894531,42.15999984741211,42.470001220703125,15113700
2013-08-21,42.36000061035156,42.66999816894531,42.130001068115234,42.45000076293945,14586200
2013-08-22,42.47999954223633,42.630001068115234,42.18000030517578,42.40999984741211,14037600
2013-08-23,42.7599983215332,42.83000183105469,42.349998474121094,42.68000030517578,12161600
2013-08-26,42.38999938964844,42.83000183105469,42.369998931884766,42.70000076293945,10107000
2013-08-27,41.11000061035156,41.90999984741211,41.040000915527344,41.88999938964844,19230000
2013-08-28,41.25,41.58000183105469,40.97999954223633,41.09000015258789,13927000
2013-08-29,41.25,41.65999984741211,41.029998779296875,41.060001373291016,10512600
2013-08-30,41.08000183105469,41.41999816894531,40.91999816894531,41.369998931884766,15031800
2013-09-03,41.38999938964844,41.849998474121094,41.060001373291016,41.650001525878906,15949300
2013-09-04,41.5,41.75,41.25,41.36000061035156,12465000
2013-09-05,41.81999969482422,42.0,41.5,41.54999923706055,11331000
2013-09-06,41.43000030517578,42.02000045776367,41.20000076293945,42.0099983215332,14548700
2013-09-09,41.720001220703125,41.720001220703125,40.88999938964844,41.52000045776367,27418600
2013-09-10,42.45000076293945,42.459999084472656,41.900001525878906,42.119998931884766,18702300
2013-09-11,42.5,42.529998779296875,42.25,42.4900016784668,14707900
2013-09-12,42.2599983215332,42.65999984741211,42.06999969482422,42.52000045776367,14499500
2013-09-13,42.189998626708984,42.38999938964844,42.06999969482422,42.119998931884766,9986500
2013-09-16,42.88999938964844,43.06999969482422,42.709999084472656,42.77000045776367,19286200
2013-09-17,42.849998474121094,43.04999923706055,42.56999969482422,42.970001220703125,16850300
2013-09-18,43.310001373291016,43.81999969482422,42.75,42.79999923706055,23921600
2013-09-19,42.959999084472656,43.83000183105469,42.7400016784668,43.83000183105469,15953300
2013-09-20,42.849998474121094,43.099998474121094,42.5,42.959999084472656,32062300
2013-09-23,42.310001373291016,42.52000045776367,42.060001373291016,42.41999816894531,16474300
2013-09-24,41.72999954223633,42.29999923706055,41.70000076293945,42.06999969482422,22392800
2013-09-25,41.810001373291016,41.959999084472656,41.290000915527344,41.83000183105469,19188200
2013-09-26,41.61000061035156,42.20000076293945,41.40999984741211,41.91999816894531,20495000
2013-09-27,41.59000015258789,41.77000045776367,41.5099983215332,41.56999969482422,20034100
2013-09-30,41.31999969482422,41.540000915527344,40.900001525878906,41.060001373291016,20358800
2013-10-01,41.4900016784668,41.56999969482422,41.09000015258789,41.369998931884766,12771100
2013-10-02,41.2599983215332,41.2599983215332,41.0,41.20000076293945,17782400
2013-10-03,41.0,41.220001220703125,40.63999938964844,41.220001220703125,19049600
2013-10-04,41.29999923706055,41.29999923706055,40.91999816894531,41.0,12329500
2013-10-07,40.619998931884766,40.900001525878906,40.619998931884766,40.790000915527344,15290200
2013-10-08,40.2400016784668,40.77000045776367,40.209999084472656,40.54999923706055,19256200
2013-10-09,40.36000061035156,40.54999923706055,40.06999969482422,40.43000030517578,17031000
2013-10-10,41.439998626708984,41.470001220703125,40.43000030517578,40.959999084472656,26580700
2013-10-11,41.43000030517578,41.5099983215332,40.29999923706055,40.439998626708984,46034600
2013-10-14,41.75,41.900001525878906,41.099998474121094,41.13999938964844,17183700
2013-10-15,41.540000915527344,41.97999954223633,41.41999816894531,41.86000061035156,17256600
2013-10-16,42.209999084472656,42.630001068115234,41.75,41.90999984741211,25931800
2013-10-17,42.68000030517578,42.7599983215332,42.0,42.040000915527344,18826200
2013-10-18,42.68000030517578,42.939998626708984,42.380001068115234,42.720001220703125,17581300
2013-10-21,42.619998931884766,42.86000061035156,42.52000045776367,42.63999938964844,16457100
2013-10-22,42.939998626708984,43.04999923706055,42.56999969482422,42.75,18654300
2013-10-23,42.7599983215332,42.970001220703125,42.70000076293945,42.90999984741211,13612900
2013-10-24,42.689998626708984,42.97999954223633,42.54999923706055,42.93000030517578,13956600
2013-10-25,42.86000061035156,42.93000030517578,42.56999969482422,42.63999938964844,19831600
2013-10-28,42.83000183105469,42.9900016784668,42.56999969482422,42.83000183105469,12704500
2013-10-29,42.959999084472656,43.060001373291016,42.66999816894531,43.0099983215332,13105700
2013-10-30,43.099998474121094,43.400001525878906,43.02000045776367,43.11000061035156,16039700
2013-10-31,42.689998626708984,43.22999954223633,42.68000030517578,43.040000915527344,18760200
2013-11-01,42.66999816894531,43.040000915527344,42.58000183105469,42.720001220703125,15538700
2013-11-04,42.70000076293945,42.84000015258789,42.529998779296875,42.75,11921600
2013-11-05,42.630001068115234,42.81999969482422,42.5,42.66999816894531,16603700
2013-11-06,42.439998626708984,42.63999938964844,42.27000045776367,42.619998931884766,14751500
2013-11-07,41.709999084472656,42.599998474121094,41.709999084472656,42.560001373291016,22432500
2013-11-08,42.709999084472656,42.959999084472656,41.709999084472656,41.720001220703125,23461300
2013-11-11,42.75,42.86000061035156,42.439998626708984,42.689998626708984,11764400
2013-11-12,42.279998779296875,42.75,42.06999969482422,42.68000030517578,13376800
2013-11-13,42.7599983215332,42.790000915527344,41.79999923706055,42.15999984741211,24062300
2013-11-14,43.09000015258789,43.119998931884766,42.58000183105469,42.880001068115234,17831300
2013-11-15,43.540000915527344,43.63999938964844,42.959999084472656,42.97999954223633,23401200
2013-11-18,43.40999984741211,43.720001220703125,43.36000061035156,43.58000183105469,13116600
2013-11-19,43.560001373291016,43.81999969482422,43.369998931884766,43.52000045776367,14700500
2013-11-20,43.619998931884766,44.06999969482422,43.47999954223633,43.72999954223633,15790600
2013-11-21,44.08000183105469,44.38999938964844,43.790000915527344,43.810001373291016,16441600
2013-11-22,44.36000061035156,44.380001068115234,43.93000030517578,44.0,11035100
2013-11-25,44.47999954223633,44.720001220703125,44.400001525878906,44.47999954223633,12363900
2013-11-26,44.310001373291016,44.75,44.290000915527344,44.529998779296875,13429900
2013-11-27,44.27000045776367,44.47999954223633,44.06999969482422,44.47999954223633,13655800
2013-11-29,44.02000045776367,44.5099983215332,43.959999084472656,44.38999938964844,9770200
2013-12-02,44.18000030517578,44.47999954223633,44.09000015258789,44.11000061035156,16740500
2013-12-03,43.72999954223633,44.279998779296875,43.56999969482422,44.06999969482422,22404100
2013-12-04,43.75,44.06999969482422,43.34000015258789,43.400001525878906,18009600
2013-12-05,43.25,43.95000076293945,43.209999084472656,43.619998931884766,19048900
2013-12-06,44.11000061035156,44.189998626708984,43.43000030517578,43.66999816894531,16909700
2013-12-09,44.31999969482422,44.47999954223633,44.13999938964844,44.13999938964844,14011200
2013-12-10,44.11000061035156,44.439998626708984,44.04999923706055,44.220001220703125,14352400
2013-12-11,43.52000045776367,44.16999816894531,43.47999954223633,44.06999969482422,18230100
2013-12-12,43.5,43.779998779296875,43.470001220703125,43.56999969482422,13744200
2013-12-13,43.72999954223633,43.83000183105469,43.4900016784668,43.52000045776367,14097300
2013-12-16,43.97999954223633,44.13999938964844,43.79999923706055,43.970001220703125,13254200
2013-12-17,43.59000015258789,43.81999969482422,43.4900016784668,43.7599983215332,13376100
2013-12-18,44.93000030517578,45.060001373291016,43.65999984741211,43.97999954223633,28008400
2013-12-19,45.02000045776367,45.20000076293945,44.5,44.619998931884766,17713600
2013-12-20,44.959999084472656,45.20000076293945,44.79999923706055,45.099998474121094,29401400
2013-12-23,45.209999084472656,45.529998779296875,45.099998474121094,45.119998931884766,13037300
2013-12-24,45.38999938964844,45.459999084472656,45.18000030517578,45.25,4355300
2013-12-26,45.540000915527344,45.63999938964844,45.43000030517578,45.5,7309800
2013-12-27,45.5,45.630001068115234,45.38999938964844,45.59000015258789,6843900
2013-12-30,45.5,45.61000061035156,45.33000183105469,45.56999969482422,11321400
2013-12-31,45.400001525878906,45.54999923706055,45.150001525878906,45.52000045776367,13243500
2014-01-02,45.02000045776367,45.29999923706055,44.90999984741211,45.150001525878906,17333100
2014-01-03,45.34000015258789,45.47999954223633,44.97999954223633,44.9900016784668,14693800
2014-01-06,45.41999816894531,45.810001373291016,45.36000061035156,45.529998779296875,18438900
2014-01-07,45.400001525878906,45.79999923706055,45.220001220703125,45.79999923706055,16897000
2014-01-08,45.91999816894531,45.95000076293945,45.349998474121094,45.400001525878906,20850700
2014-01-09,46.15999984741211,46.20000076293945,45.79999923706055,45.970001220703125,14229900
2014-01-10,45.939998626708984,46.060001373291016,45.630001068115234,46.060001373291016,15386700
2014-01-13,45.560001373291016,46.11000061035156,45.45000076293945,45.959999084472656,20950900
2014-01-14,45.59000015258789,45.84000015258789,44.91999816894531,45.47999954223633,28487500
2014-01-15,46.400001525878906,46.7400016784668,45.7599983215332,45.939998626708984,27394500
2014-01-16,46.38999938964844,46.459999084472656,46.06999969482422,46.29999923706055,12892600
2014-01-17,46.38999938964844,46.560001373291016,46.13999938964844,46.47999954223633,15168200
2014-01-21,46.5,46.84000015258789,46.2400016784668,46.5099983215332,15533900
2014-01-22,46.66999816894531,46.83000183105469,46.5,46.7400016784668,11817300
2014-01-23,46.349998474121094,46.45000076293945,46.0,46.400001525878906,19825200
2014-01-24,45.47999954223633,46.15999984741211,45.47999954223633,46.040000915527344,20115400
2014-01-27,45.529998779296875,45.880001068115234,45.22999954223633,45.529998779296875,21323600
2014-01-28,45.959999084472656,46.2400016784668,45.650001525878906,45.790000915527344,16117300
2014-01-29,45.59000015258789,46.209999084472656,45.4900016784668,45.630001068115234,20428800
2014-01-30,46.04999923706055,46.20000076293945,45.77000045776367,45.849998474121094,12623600
2014-01-31,45.34000015258789,45.709999084472656,45.22999954223633,45.40999984741211,27251200
2014-02-03,44.43000030517578,45.619998931884766,44.31999969482422,45.310001373291016,29540200
2014-02-04,44.77000045776367,44.81999969482422,44.22999954223633,44.56999969482422,20744800
2014-02-05,44.22999954223633,44.630001068115234,44.16999816894531,44.599998474121094,21998800
2014-02-06,44.779998779296875,44.790000915527344,44.27000045776367,44.369998931884766,21043100
2014-02-07,45.369998931884766,45.400001525878906,44.84000015258789,45.04999923706055,16773000
2014-02-10,45.52000045776367,45.619998931884766,45.220001220703125,45.38999938964844,12501500
2014-02-11,45.970001220703125,46.09000015258789,45.459999084472656,45.540000915527344,13561100
2014-02-12,45.9900016784668,46.25,45.810001373291016,45.959999084472656,12175700
2014-02-13,45.97999954223633,46.06999969482422,45.439998626708984,45.560001373291016,14597400
2014-02-14,46.130001068115234,46.279998779296875,45.810001373291016,46.029998779296875,11165300
2014-02-18,46.130001068115234,46.33000183105469,46.06999969482422,46.290000915527344,12120400
2014-02-19,45.529998779296875,46.25,45.47999954223633,46.04999923706055,16187900
2014-02-20,45.630001068115234,45.849998474121094,45.25,45.38999938964844,13388500
2014-02-21,45.599998474121094,46.060001373291016,45.47999954223633,45.619998931884766,15411100
2014-02-24,46.08000183105469,46.43000030517578,45.70000076293945,45.72999954223633,14106700
2014-02-25,46.08000183105469,46.2599983215332,45.95000076293945,46.20000076293945,13751600
2014-02-26,46.04999923706055,46.43000030517578,45.810001373291016,46.349998474121094,13910700
2014-02-27,46.04999923706055,46.08000183105469,45.61000061035156,45.95000076293945,13799700
2014-02-28,46.41999816894531,46.650001525878906,46.0099983215332,46.099998474121094,16347300
2014-03-03,46.150001525878906,46.2400016784668,45.959999084472656,46.11000061035156,16067600
2014-03-04,46.7400016784668,46.79999923706055,46.43000030517578,46.720001220703125,14881900
2014-03-05,47.09000015258789,47.22999954223633,46.689998626708984,46.81999969482422,13643700
2014-03-06,47.34000015258789,47.5,47.16999816894531,47.290000915527344,14726300
2014-03-07,47.95000076293945,48.47999954223633,47.599998474121094,47.7599983215332,20491600
2014-03-10,48.150001525878906,48.279998779296875,47.58000183105469,47.900001525878906,11810200
2014-03-11,47.810001373291016,48.36000061035156,47.720001220703125,48.34000015258789,13373600
2014-03-12,48.119998931884766,48.130001068115234,47.560001373291016,47.70000076293945,13497400
2014-03-13,47.84000015258789,48.29999923706055,47.7400016784668,48.22999954223633,14813900
2014-03-14,47.400001525878906,48.06999969482422,47.27000045776367,47.59000015258789,15347300
2014-03-17,48.130001068115234,48.16999816894531,47.58000183105469,47.70000076293945,11085700
2014-03-18,48.400001525878906,48.45000076293945,48.119998931884766,48.16999816894531,9757400
2014-03-19,47.810001373291016,48.40999984741211,47.47999954223633,48.380001068115234,28293000
2014-03-20,49.029998779296875,49.36000061035156,47.70000076293945,47.70000076293945,25208400
2014-03-21,49.119998931884766,49.970001220703125,49.040000915527344,49.790000915527344,30999100
2014-03-24,48.97999954223633,49.4900016784668,48.81999969482422,49.47999954223633,19677600
2014-03-25,48.959999084472656,49.27000045776367,48.90999984741211,49.25,14659400
2014-03-26,48.5,49.20000076293945,48.459999084472656,49.189998626708984,17399800
2014-03-27,49.099998474121094,49.790000915527344,48.650001525878906,49.5099983215332,29075100
2014-03-28,49.290000915527344,49.61000061035156,49.04999923706055,49.13999938964844,15008000
2014-03-31,49.7400016784668,49.90999984741211,49.459999084472656,49.75,17901800
2014-04-01,49.77000045776367,49.93000030517578,49.5,49.880001068115234,16397000
2014-04-02,49.7599983215332,49.880001068115234,49.5099983215332,49.77000045776367,13036800
2014-04-03,49.83000183105469,49.88999938964844,49.560001373291016,49.810001373291016,9598900
2014-04-04,49.560001373291016,50.4900016784668,49.560001373291016,50.04999923706055,18702400
2014-04-07,48.65999984741211,49.66999816894531,48.650001525878906,49.58000183105469,19653700
2014-04-08,48.83000183105469,49.0,48.439998626708984,48.65999984741211,19086900
2014-04-09,49.099998474121094,49.099998474121094,48.61000061035156,49.06999969482422,15928100
2014-04-10,47.709999084472656,49.220001220703125,47.709999084472656,49.220001220703125,24910800
2014-04-11,48.08000183105469,48.869998931884766,46.720001220703125,47.45000076293945,36426700
2014-04-14,48.11000061035156,48.68000030517578,47.439998626708984,48.369998931884766,24321400
2014-04-15,48.779998779296875,48.880001068115234,48.040000915527344,48.27000045776367,21749600
2014-04-16,49.09000015258789,49.22999954223633,48.630001068115234,49.060001373291016,17866000
2014-04-17,48.93000030517578,49.290000915527344,48.79999923706055,49.02000045776367,19399900
2014-04-21,49.119998931884766,49.33000183105469,48.959999084472656,49.08000183105469,12478000
2014-04-22,49.22999954223633,49.4900016784668,48.900001525878906,49.040000915527344,14203800
2014-04-23,49.59000015258789,49.66999816894531,49.20000076293945,49.20000076293945,13309900
2014-04-24,49.31999969482422,49.7400016784668,49.16999816894531,49.7400016784668,12617100
2014-04-25,49.04999923706055,49.45000076293945,49.0,49.27000045776367,16274500
2014-04-28,48.939998626708984,49.33000183105469,48.529998779296875,49.27000045776367,18411700
2014-04-29,49.470001220703125,49.5099983215332,49.130001068115234,49.27000045776367,14745800
2014-04-30,49.63999938964844,49.75,49.369998931884766,49.45000076293945,14982800
2014-05-01,49.63999938964844,49.84000015258789,49.45000076293945,49.7400016784668,11851000
2014-05-02,49.58000183105469,50.0099983215332,49.5,49.77000045776367,13369700
2014-05-05,49.560001373291016,49.63999938964844,49.099998474121094,49.279998779296875,9127000
2014-05-06,49.09000015258789,49.43000030517578,49.06999969482422,49.38999938964844,16213000
2014-05-07,49.38999938964844,49.43000030517578,48.869998931884766,49.0,15504500
2014-05-08,49.33000183105469,49.4900016784668,49.20000076293945,49.349998474121094,12901800
2014-05-09,49.08000183105469,49.31999969482422,48.90999984741211,49.27000045776367,15174600
2014-05-12,49.7599983215332,49.849998474121094,49.33000183105469,49.380001068115234,16450500
2014-05-13,49.810001373291016,49.959999084472656,49.63999938964844,49.779998779296875,9707100
2014-05-14,49.290000915527344,49.86000061035156,49.189998626708984,49.86000061035156,13262500
2014-05-15,49.029998779296875,49.25,48.65999984741211,49.099998474121094,17370900
2014-05-16,49.08000183105469,49.130001068115234,48.72999954223633,49.0099983215332,13923400
2014-05-19,49.4900016784668,49.540000915527344,48.81999969482422,48.84000015258789,10533800
2014-05-20,48.959999084472656,49.459999084472656,48.869998931884766,49.36000061035156,15095400
2014-05-21,49.66999816894531,49.810001373291016,49.15999984741211,49.18000030517578,12933500
2014-05-22,49.9900016784668,50.040000915527344,49.599998474121094,49.68000030517578,12159000
2014-05-23,50.15999984741211,50.22999954223633,49.77000045776367,49.90999984741211,13167200
2014-05-27,50.54999923706055,50.70000076293945,50.20000076293945,50.29999923706055,13322200
2014-05-28,50.439998626708984,50.70000076293945,50.31999969482422,50.529998779296875,12458400
2014-05-29,50.27000045776367,50.61000061035156,50.150001525878906,50.61000061035156,13026600
2014-05-30,50.779998779296875,50.81999969482422,50.31999969482422,50.31999969482422,15489200
2014-06-02,51.09000015258789,51.16999816894531,50.869998931884766,50.939998626708984,11828300
2014-06-03,51.09000015258789,51.15999984741211,50.75,50.880001068115234,9293500
2014-06-04,51.040000915527344,51.06999969482422,50.81999969482422,50.95000076293945,10129200
2014-06-05,51.630001068115234,51.720001220703125,51.02000045776367,51.11000061035156,11862900
2014-06-06,51.97999954223633,52.02000045776367,51.61000061035156,51.65999984741211,13152400
2014-06-09,52.5099983215332,52.56999969482422,51.880001068115234,51.900001525878906,11049600
2014-06-10,52.59000015258789,52.630001068115234,52.189998626708984,52.400001525878906,12331700
2014-06-11,52.2400016784668,52.5,52.060001373291016,52.349998474121094,11735400
2014-06-12,51.709999084472656,52.279998779296875,51.650001525878906,52.119998931884766,13420600
2014-06-13,51.900001525878906,52.08000183105469,51.7400016784668,51.88999938964844,11111900
2014-06-16,51.09000015258789,51.88999938964844,50.939998626708984,51.880001068115234,16310500
2014-06-17,51.65999984741211,51.75,50.97999954223633,51.029998779296875,15470800
2014-06-18,52.040000915527344,52.13999938964844,51.529998779296875,51.689998626708984,18077100
2014-06-19,52.02000045776367,52.20000076293945,51.93000030517578,52.0,16335000
2014-06-20,52.88999938964844,52.90999984741211,52.27000045776367,52.380001068115234,29836500
2014-06-23,52.97999954223633,53.04999923706055,52.529998779296875,52.70000076293945,13122500
2014-06-24,52.4900016784668,52.9900016784668,52.41999816894531,52.93000030517578,11226300
2014-06-25,52.599998474121094,52.75,52.06999969482422,52.290000915527344,12815300
2014-06-26,52.369998931884766,52.65999984741211,52.0,52.619998931884766,12545900
2014-06-27,52.900001525878906,52.900001525878906,52.150001525878906,52.22999954223633,16864500
2014-06-30,52.560001373291016,52.7599983215332,52.400001525878906,52.7400016784668,12914600
2014-07-01,52.720001220703125,52.95000076293945,52.619998931884766,52.72999954223633,12482600
2014-07-02,52.65999984741211,52.84000015258789,52.54999923706055,52.7599983215332,14436000
2014-07-03,53.0,53.08000183105469,52.83000183105469,52.88999938964844,8741500
2014-07-07,52.5,52.97999954223633,52.45000076293945,52.900001525878906,13551800
2014-07-08,52.25,52.45000076293945,52.099998474121094,52.29999923706055,17282100
2014-07-09,52.189998626708984,52.29999923706055,51.90999984741211,52.29999923706055,16116300
2014-07-10,51.810001373291016,51.959999084472656,51.529998779296875,51.779998779296875,20059900
2014-07-11,51.4900016784668,51.66999816894531,50.81999969482422,51.130001068115234,29998900
2014-07-14,51.310001373291016,51.84000015258789,51.13999938964844,51.40999984741211,21252400
2014-07-15,51.349998474121094,51.65999984741211,51.20000076293945,51.5099983215332,19293100
2014-07-16,51.16999816894531,51.65999984741211,51.04999923706055,51.58000183105469,21599400
2014-07-17,50.68000030517578,51.119998931884766,50.61000061035156,51.08000183105469,24398000
2014-07-18,51.279998779296875,51.36000061035156,50.790000915527344,50.970001220703125,15487400
2014-07-21,51.04999923706055,51.150001525878906,50.849998474121094,51.0,15236900
2014-07-22,51.349998474121094,51.47999954223633,51.04999923706055,51.20000076293945,11920800
2014-07-23,51.33000183105469,51.619998931884766,51.27000045776367,51.43000030517578,9109000
2014-07-24,51.59000015258789,51.65999984741211,51.41999816894531,51.45000076293945,9939600
2014-07-25,51.599998474121094,51.77000045776367,51.4900016784668,51.4900016784668,10040200
2014-07-28,51.599998474121094,51.709999084472656,51.16999816894531,51.310001373291016,13468000
2014-07-29,51.540000915527344,52.150001525878906,51.47999954223633,51.650001525878906,14511800
2014-07-30,52.099998474121094,52.29999923706055,51.689998626708984,51.72999954223633,11439600
2014-07-31,50.900001525878906,51.880001068115234,50.88999938964844,51.86000061035156,19638900
2014-08-01,50.349998474121094,51.11000061035156,50.22999954223633,50.5,18813700
2014-08-04,50.9900016784668,51.029998779296875,50.52000045776367,50.54999923706055,13380100
2014-08-05,50.400001525878906,50.93000030517578,50.2599983215332,50.72999954223633,12766000
2014-08-06,50.060001373291016,50.52000045776367,49.83000183105469,49.869998931884766,15271500
2014-08-07,49.70000076293945,50.40999984741211,49.599998474121094,50.34000015258789,14109100
2014-08-08,50.0,50.040000915527344,49.470001220703125,49.72999954223633,14563200
2014-08-11,49.88999938964844,50.25,49.779998779296875,50.08000183105469,14666400
2014-08-12,49.779998779296875,50.27000045776367,49.75,49.86000061035156,15219900
2014-08-13,49.9900016784668,50.119998931884766,49.84000015258789,50.02000045776367,12283100
2014-08-14,50.380001068115234,50.4900016784668,50.060001373291016,50.11000061035156,11904300
2014-08-15,50.209999084472656,50.619998931884766,49.869998931884766,50.5,13297200
2014-08-18,50.689998626708984,50.72999954223633,50.400001525878906,50.470001220703125,9913700
2014-08-19,50.86000061035156,51.09000015258789,50.75,50.77000045776367,8718400
2014-08-20,50.849998474121094,50.939998626708984,50.63999938964844,50.790000915527344,8402900
2014-08-21,51.290000915527344,51.400001525878906,50.900001525878906,51.0,10102200
2014-08-22,51.18000030517578,51.59000015258789,51.130001068115234,51.34000015258789,9210400
2014-08-25,51.45000076293945,51.75,51.40999984741211,51.47999954223633,8665600
2014-08-26,51.560001373291016,51.689998626708984,51.470001220703125,51.56999969482422,7025200
2014-08-27,51.34000015258789,51.70000076293945,51.27000045776367,51.650001525878906,8315800
2014-08-28,51.150001525878906,51.279998779296875,51.0,51.209999084472656,7718000
2014-08-29,51.439998626708984,51.470001220703125,51.18000030517578,51.27000045776367,8860700
2014-09-02,51.56999969482422,51.709999084472656,51.2400016784668,51.709999084472656,9990300
2014-09-03,51.54999923706055,52.029998779296875,51.400001525878906,51.75,7735500
2014-09-04,51.56999969482422,51.91999816894531,51.400001525878906,51.4900016784668,8306200
2014-09-05,51.650001525878906,51.650001525878906,51.15999984741211,51.380001068115234,12102500
2014-09-08,51.470001220703125,51.72999954223633,51.34000015258789,51.47999954223633,7746900
2014-09-09,51.06999969482422,51.36000061035156,51.0,51.22999954223633,10745000
2014-09-10,51.52000045776367,51.619998931884766,51.060001373291016,51.08000183105469,11381400
2014-09-11,51.59000015258789,51.72999954223633,51.31999969482422,51.400001525878906,8981900
2014-09-12,51.70000076293945,52.029998779296875,51.52000045776367,51.66999816894531,12523700
2014-09-15,51.939998626708984,52.15999984741211,51.65999984741211,51.72999954223633,10414800
2014-09-16,52.310001373291016,52.47999954223633,51.779998779296875,51.779998779296875,10524600
2014-09-17,52.5099983215332,52.849998474121094,52.16999816894531,52.38999938964844,16919100
2014-09-18,53.2400016784668,53.380001068115234,52.630001068115234,52.630001068115234,16388300
2014-09-19,53.36000061035156,53.79999923706055,53.220001220703125,53.599998474121094,22553800
2014-09-22,52.900001525878906,53.5,52.81999969482422,53.2599983215332,13445700
2014-09-23,52.099998474121094,53.040000915527344,52.09000015258789,52.849998474121094,20596500
2014-09-24,52.130001068115234,52.290000915527344,51.880001068115234,52.220001220703125,18245200
2014-09-25,51.40999984741211,52.16999816894531,51.40999984741211,52.099998474121094,16684900
2014-09-26,51.869998931884766,51.91999816894531,51.349998474121094,51.45000076293945,10753400
2014-09-29,51.689998626708984,51.91999816894531,51.380001068115234,51.66999816894531,9995300
2014-09-30,51.869998931884766,52.18000030517578,51.709999084472656,51.79999923706055,16669900
2014-10-01,51.2599983215332,51.959999084472656,51.20000076293945,51.84000015258789,16527000
2014-10-02,51.400001525878906,51.5099983215332,50.88999938964844,51.189998626708984,15434400
2014-10-03,52.099998474121094,52.20000076293945,51.58000183105469,51.779998779296875,14018800
2014-10-06,52.029998779296875,52.459999084472656,51.9900016784668,52.2599983215332,10872300
2014-10-07,51.08000183105469,51.84000015258789,51.060001373291016,51.84000015258789,11889700
2014-10-08,52.150001525878906,52.189998626708984,51.09000015258789,51.25,15267200
2014-10-09,51.119998931884766,52.209999084472656,51.029998779296875,52.060001373291016,18735700
2014-10-10,50.63999938964844,51.7400016784668,50.61000061035156,51.0099983215332,20211500
2014-10-13,50.20000076293945,50.97999954223633,50.150001525878906,50.61000061035156,19298900
2014-10-14,48.83000183105469,49.86000061035156,48.209999084472656,49.5,45851500
2014-10-15,47.849998474121094,48.52000045776367,46.439998626708984,48.130001068115234,38470600
2014-10-16,48.130001068115234,48.68000030517578,47.04999923706055,47.18000030517578,28973400
2014-10-17,48.689998626708984,49.029998779296875,48.40999984741211,48.4900016784668,28314000
2014-10-20,49.18000030517578,49.2400016784668,48.61000061035156,48.68000030517578,15018500
2014-10-21,50.45000076293945,50.58000183105469,49.56999969482422,49.630001068115234,17660200
2014-10-22,50.16999816894531,50.689998626708984,50.13999938964844,50.52000045776367,20078200
2014-10-23,50.599998474121094,50.97999954223633,50.4900016784668,50.7599983215332,14394500
2014-10-24,51.20000076293945,51.25,50.54999923706055,50.58000183105469,10888600
2014-10-27,51.310001373291016,51.36000061035156,51.0099983215332,51.310001373291016,11654500
2014-10-28,51.779998779296875,51.790000915527344,51.29999923706055,51.560001373291016,13267200
2014-10-29,52.16999816894531,52.27000045776367,51.68000030517578,51.84000015258789,16546900
2014-10-30,52.459999084472656,52.619998931884766,51.91999816894531,52.0099983215332,14107600
2014-10-31,53.09000015258789,53.16999816894531,52.779998779296875,53.040000915527344,21126300
2014-11-03,53.369998931884766,53.599998474121094,53.09000015258789,53.220001220703125,14349500
2014-11-04,53.27000045776367,53.4900016784668,52.90999984741211,53.380001068115234,14931500
2014-11-05,53.529998779296875,53.54999923706055,53.130001068115234,53.43000030517578,14496900
2014-11-06,54.060001373291016,54.119998931884766,53.47999954223633,53.54999923706055,15328100
2014-11-07,53.84000015258789,54.25,53.63999938964844,54.20000076293945,13312700
2014-11-10,53.83000183105469,53.9900016784668,53.619998931884766,53.68000030517578,11837300
2014-11-11,53.58000183105469,54.099998474121094,53.529998779296875,53.880001068115234,12520500
2014-11-12,53.540000915527344,53.66999816894531,53.209999084472656,53.29999923706055,10687900
2014-11-13,53.38999938964844,53.66999816894531,53.119998931884766,53.56999969482422,13494400
2014-11-14,53.349998474121094,53.689998626708984,53.22999954223633,53.38999938964844,9488400
2014-11-17,53.439998626708984,53.4900016784668,52.869998931884766,53.099998474121094,9657900
2014-11-18,53.27000045776367,53.5,53.029998779296875,53.099998474121094,12580400
2014-11-19,53.36000061035156,53.40999984741211,52.91999816894531,53.2599983215332,12490600
2014-11-20,53.47999954223633,53.560001373291016,53.08000183105469,53.15999984741211,10245900
2014-11-21,53.810001373291016,54.09000015258789,53.70000076293945,54.0,14587500
2014-11-24,54.099998474121094,54.36000061035156,53.93000030517578,54.060001373291016,11028000
2014-11-25,53.880001068115234,54.279998779296875,53.79999923706055,54.22999954223633,14390400
2014-11-26,54.279998779296875,54.41999816894531,53.970001220703125,54.189998626708984,11792500
2014-11-28,54.47999954223633,54.7400016784668,54.27000045776367,54.31999969482422,11054300
2014-12-01,53.81999969482422,54.59000015258789,53.70000076293945,54.41999816894531,13858500
2014-12-02,54.220001220703125,54.439998626708984,53.75,53.75,12925300
2014-12-03,54.38999938964844,54.61000061035156,54.099998474121094,54.16999816894531,14781300
2014-12-04,54.5,54.63999938964844,54.16999816894531,54.31999969482422,12310000
2014-12-05,55.029998779296875,55.349998474121094,54.849998474121094,54.88999938964844,14261400
2014-12-08,54.77000045776367,55.150001525878906,54.59000015258789,54.95000076293945,18939300
2014-12-09,54.83000183105469,54.900001525878906,54.04999923706055,54.290000915527344,12895800
2014-12-10,54.2599983215332,55.09000015258789,54.209999084472656,54.72999954223633,23309500
2014-12-11,54.43000030517578,55.18000030517578,54.369998931884766,54.59000015258789,17007700
2014-12-12,53.70000076293945,54.61000061035156,53.65999984741211,53.869998931884766,18792900
2014-12-15,53.189998626708984,54.40999984741211,53.15999984741211,54.0099983215332,24852800
2014-12-16,52.77000045776367,53.77000045776367,52.72999954223633,52.81999969482422,24243300
2014-12-17,53.790000915527344,53.849998474121094,52.939998626708984,53.040000915527344,19782600
2014-12-18,55.209999084472656,55.209999084472656,54.36000061035156,54.43000030517578,21404700
2014-12-19,54.45000076293945,55.41999816894531,54.45000076293945,54.900001525878906,36186100
2014-12-22,54.970001220703125,54.970001220703125,54.34000015258789,54.459999084472656,17395500
2014-12-23,55.470001220703125,55.63999938964844,55.060001373291016,55.08000183105469,13205700
2014-12-24,55.34000015258789,55.7400016784668,55.31999969482422,55.630001068115234,4297000
2014-12-26,55.279998779296875,55.540000915527344,55.2599983215332,55.40999984741211,5826000
2014-12-29,55.709999084472656,55.95000076293945,55.08000183105469,55.08000183105469,11385600
2014-12-30,55.41999816894531,55.75,55.400001525878906,55.52000045776367,8749400
2014-12-31,54.81999969482422,55.66999816894531,54.81999969482422,55.5,10090800
2015-01-02,54.70000076293945,55.189998626708984,54.189998626708984,55.11000061035156,11700900
2015-01-05,53.20000076293945,54.36000061035156,53.099998474121094,54.13999938964844,15000500
2015-01-06,52.09000015258789,53.470001220703125,51.849998474121094,53.349998474121094,20211200
2015-01-07,52.400001525878906,52.63999938964844,52.11000061035156,52.630001068115234,15714700
2015-01-08,53.560001373291016,53.59000015258789,52.959999084472656,53.0,16721600
2015-01-09,52.68000030517578,53.59000015258789,52.66999816894531,53.540000915527344,14550800
2015-01-12,52.04999923706055,52.689998626708984,51.709999084472656,52.58000183105469,16967500
2015-01-13,51.849998474121094,52.529998779296875,51.25,52.29999923706055,25080900
2015-01-14,51.25,51.72999954223633,50.41999816894531,51.0,37590100
2015-01-15,50.720001220703125,51.540000915527344,50.459999084472656,51.209999084472656,32144700
2015-01-16,51.63999938964844,51.70000076293945,50.5099983215332,50.529998779296875,23174900
2015-01-20,52.0,52.29999923706055,51.70000076293945,51.97999954223633,17691000
2015-01-21,52.099998474121094,52.70000076293945,51.709999084472656,51.9900016784668,17928300
2015-01-22,53.77000045776367,53.81999969482422,52.47999954223633,52.4900016784668,21488700
2015-01-23,53.2599983215332,53.97999954223633,53.2400016784668,53.72999954223633,17779700
2015-01-26,53.58000183105469,53.599998474121094,52.88999938964844,52.90999984741211,13429400
2015-01-27,52.970001220703125,53.34000015258789,52.56999969482422,52.93000030517578,14351600
2015-01-28,52.15999984741211,53.36000061035156,52.150001525878906,53.310001373291016,18775100
2015-01-29,52.7599983215332,52.900001525878906,51.900001525878906,52.2400016784668,16700000
2015-01-30,51.91999816894531,52.77000045776367,51.900001525878906,52.20000076293945,21754800
2015-02-02,52.810001373291016,52.90999984741211,51.9900016784668,52.189998626708984,17714500
2015-02-03,53.45000076293945,53.529998779296875,52.970001220703125,53.0099983215332,20258900
2015-02-04,53.029998779296875,53.5,52.900001525878906,53.029998779296875,14435600
2015-02-05,53.66999816894531,53.84000015258789,53.220001220703125,53.2400016784668,13281900
2015-02-06,54.45000076293945,55.08000183105469,53.83000183105469,54.119998931884766,19317000
2015-02-09,54.209999084472656,54.45000076293945,54.08000183105469,54.27000045776367,9739200
2015-02-10,54.56999969482422,54.709999084472656,54.220001220703125,54.619998931884766,12342500
2015-02-11,53.900001525878906,54.2599983215332,53.65999984741211,54.060001373291016,18296800
2015-02-12,54.86000061035156,54.900001525878906,53.970001220703125,54.189998626708984,20159500
2015-02-13,55.33000183105469,55.560001373291016,54.810001373291016,54.97999954223633,18809000
2015-02-17,55.369998931884766,55.459999084472656,54.95000076293945,55.310001373291016,11908600
2015-02-18,54.52000045776367,55.20000076293945,54.400001525878906,55.09000015258789,13231600
2015-02-19,54.560001373291016,54.81999969482422,54.130001068115234,54.40999984741211,10784600
2015-02-20,54.83000183105469,54.939998626708984,54.029998779296875,54.40999984741211,15049100
2015-02-23,55.099998474121094,55.11000061035156,54.27000045776367,54.68000030517578,13715000
2015-02-24,55.369998931884766,55.540000915527344,55.02000045776367,55.189998626708984,11957800
2015-02-25,55.33000183105469,55.58000183105469,55.2400016784668,55.38999938964844,10516900
2015-02-26,55.150001525878906,55.349998474121094,54.959999084472656,55.220001220703125,13579100
2015-02-27,54.790000915527344,55.279998779296875,54.790000915527344,54.81999969482422,12937000
2015-03-02,55.54999923706055,55.560001373291016,54.720001220703125,54.790000915527344,12988500
2015-03-03,55.45000076293945,55.58000183105469,55.13999938964844,55.45000076293945,11759600
2015-03-04,54.81999969482422,55.20000076293945,54.66999816894531,55.16999816894531,16653300
2015-03-05,54.84000015258789,55.0099983215332,54.650001525878906,54.939998626708984,9576100
2015-03-06,54.59000015258789,55.4900016784668,54.5099983215332,54.97999954223633,17298400
2015-03-09,54.66999816894531,55.0099983215332,54.630001068115234,54.779998779296875,11937900
2015-03-10,53.290000915527344,54.16999816894531,53.290000915527344,54.15999984741211,18723200
2015-03-11,53.70000076293945,53.9900016784668,53.599998474121094,53.869998931884766,16612900
2015-03-12,55.59000015258789,55.63999938964844,54.20000076293945,54.52000045776367,26266900
2015-03-13,55.34000015258789,55.650001525878906,55.02000045776367,55.4900016784668,17591400
2015-03-16,55.72999954223633,55.81999969482422,55.33000183105469,55.5,15505200
2015-03-17,55.90999984741211,55.97999954223633,55.2599983215332,55.5,13107700
2015-03-18,56.16999816894531,56.279998779296875,55.4900016784668,55.68000030517578,20000500
2015-03-19,55.5099983215332,55.97999954223633,55.2400016784668,55.95000076293945,14841100
2015-03-20,56.0099983215332,56.209999084472656,55.52000045776367,55.529998779296875,26487200
2015-03-23,55.779998779296875,56.290000915527344,55.72999954223633,56.029998779296875,16477400
2015-03-24,55.349998474121094,55.869998931884766,55.349998474121094,55.70000076293945,13927400
2015-03-25,54.540000915527344,55.36000061035156,54.540000915527344,55.2599983215332,15413700
2015-03-26,54.5,54.75,53.970001220703125,54.349998474121094,15038600
2015-03-27,54.119998931884766,54.599998474121094,53.959999084472656,54.540000915527344,13600300
2015-03-30,54.77000045776367,55.02000045776367,54.38999938964844,54.38999938964844,11706700
2015-03-31,54.400001525878906,54.689998626708984,54.189998626708984,54.470001220703125,13306200
2015-04-01,53.939998626708984,54.41999816894531,53.779998779296875,54.41999816894531,15436900
2015-04-02,54.369998931884766,54.47999954223633,53.81999969482422,53.95000076293945,13498900
2015-04-06,54.08000183105469,54.369998931884766,53.560001373291016,53.81999969482422,10786100
2015-04-07,54.02000045776367,54.38999938964844,53.97999954223633,54.279998779296875,10853700
2015-04-08,54.0,54.36000061035156,53.83000183105469,53.97999954223633,9828700
2015-04-09,54.189998626708984,54.290000915527344,53.72999954223633,54.060001373291016,10279400
2015-04-10,54.31999969482422,54.47999954223633,54.060001373291016,54.33000183105469,9531500
2015-04-13,54.59000015258789,54.72999954223633,54.279998779296875,54.33000183105469,14931600
2015-04-14,54.189998626708984,54.470001220703125,53.56999969482422,53.93000030517578,29289600
2015-04-15,54.810001373291016,54.90999984741211,54.189998626708984,54.369998931884766,16899900
2015-04-16,54.810001373291016,55.06999969482422,54.34000015258789,54.529998779296875,15643200
2015-04-17,54.04999923706055,54.560001373291016,53.97999954223633,54.40999984741211,17569700
2015-04-20,54.36000061035156,54.66999816894531,54.16999816894531,54.34000015258789,13327200
2015-04-21,54.279998779296875,54.849998474121094,54.189998626708984,54.54999923706055,10954200
2015-04-22,54.66999816894531,54.90999984741211,54.15999984741211,54.310001373291016,13563800
2015-04-23,54.86000061035156,55.119998931884766,54.40999984741211,54.40999984741211,14657800
2015-04-24,54.70000076293945,54.91999816894531,54.61000061035156,54.7599983215332,15268100
2015-04-27,54.970001220703125,55.5,54.709999084472656,54.790000915527344,19852400
2015-04-28,55.40999984741211,55.43000030517578,54.869998931884766,54.90999984741211,13028300
2015-04-29,55.459999084472656,55.7599983215332,55.08000183105469,55.16999816894531,18144500
2015-04-30,55.099998474121094,55.650001525878906,54.779998779296875,55.650001525878906,16577800
2015-05-01,55.189998626708984,55.58000183105469,54.959999084472656,55.2599983215332,12069400
2015-05-04,55.72999954223633,55.77000045776367,55.2599983215332,55.27000045776367,9981800
2015-05-05,55.720001220703125,56.20000076293945,55.599998474121094,55.72999954223633,17068100
2015-05-06,54.91999816894531,55.599998474121094,54.45000076293945,55.43000030517578,15670700
2015-05-07,54.810001373291016,55.189998626708984,54.61000061035156,54.959999084472656,14723100
2015-05-08,56.04999923706055,56.04999923706055,55.09000015258789,55.16999816894531,17477500
2015-05-11,55.5099983215332,55.959999084472656,55.439998626708984,55.91999816894531,12922100
2015-05-12,55.470001220703125,55.63999938964844,55.0,55.310001373291016,11705900
2015-05-13,55.599998474121094,55.83000183105469,55.369998931884766,55.470001220703125,11448100
2015-05-14,56.040000915527344,56.130001068115234,55.720001220703125,55.95000076293945,11025400
2015-05-15,55.52000045776367,56.040000915527344,55.29999923706055,56.040000915527344,13323200
2015-05-18,55.75,55.97999954223633,55.54999923706055,55.58000183105469,10637300
2015-05-19,56.400001525878906,56.70000076293945,55.88999938964844,55.900001525878906,17194100
2015-05-20,56.08000183105469,56.369998931884766,55.93000030517578,56.31999969482422,13292000
2015-05-21,56.0099983215332,56.18000030517578,55.83000183105469,55.90999984741211,13466700
2015-05-22,56.0,56.22999954223633,55.9900016784668,56.040000915527344,8568800
2015-05-26,55.65999984741211,56.0,55.459999084472656,55.970001220703125,15859100
2015-05-27,56.06999969482422,56.310001373291016,55.709999084472656,55.91999816894531,12526100
2015-05-28,56.209999084472656,56.29999923706055,55.88999938964844,56.11000061035156,10348700
2015-05-29,55.959999084472656,56.2599983215332,55.68000030517578,56.25,17291500
2015-06-01,56.040000915527344,56.4900016784668,55.79999923706055,56.2400016784668,15746200
2015-06-02,56.18000030517578,56.45000076293945,55.7400016784668,56.0099983215332,13148700
2015-06-03,56.90999984741211,57.20000076293945,56.349998474121094,56.349998474121094,16197700
2015-06-04,56.13999938964844,56.88999938964844,55.93000030517578,56.529998779296875,17627100
2015-06-05,56.61000061035156,57.220001220703125,56.400001525878906,57.040000915527344,16890300
2015-06-08,56.119998931884766,56.939998626708984,56.119998931884766,56.939998626708984,14248400
2015-06-09,56.70000076293945,56.93000030517578,56.0,56.22999954223633,14669900
2015-06-10,57.209999084472656,57.56999969482422,56.90999984741211,56.97999954223633,18622400
2015-06-11,57.2599983215332,57.56999969482422,57.06999969482422,57.2599983215332,13943300
2015-06-12,57.09000015258789,57.290000915527344,56.7400016784668,57.130001068115234,13439000
2015-06-15,56.97999954223633,57.06999969482422,56.47999954223633,56.650001525878906,12920600
2015-06-16,57.220001220703125,57.2400016784668,56.72999954223633,56.849998474121094,10476100
2015-06-17,57.16999816894531,57.54999923706055,57.099998474121094,57.310001373291016,17497700
2015-06-18,57.70000076293945,57.84000015258789,57.189998626708984,57.290000915527344,18299900
2015-06-19,57.04999923706055,57.56999969482422,57.04999923706055,57.41999816894531,36241100
2015-06-22,57.90999984741211,58.040000915527344,57.529998779296875,57.58000183105469,15111200
2015-06-23,57.88999938964844,58.2599983215332,57.7599983215332,58.0,13354200
2015-06-24,57.540000915527344,58.150001525878906,57.540000915527344,57.66999816894531,16166600
2015-06-25,57.16999816894531,57.790000915527344,57.130001068115234,57.75,14053600
2015-06-26,57.439998626708984,57.58000183105469,57.290000915527344,57.34000015258789,16975900
2015-06-29,56.060001373291016,57.189998626708984,56.0099983215332,56.79999923706055,19289700
2015-06-30,56.2400016784668,56.880001068115234,55.9900016784668,56.540000915527344,17346700
2015-07-01,56.90999984741211,57.20000076293945,56.61000061035156,57.09000015258789,12165300
2015-07-02,56.7400016784668,57.13999938964844,56.52000045776367,56.84000015258789,10106800
2015-07-06,56.439998626708984,56.529998779296875,56.0099983215332,56.099998474121094,11682100
2015-07-07,56.25,56.470001220703125,55.08000183105469,56.31999969482422,15831800
2015-07-08,55.25,56.16999816894531,55.209999084472656,55.84000015258789,12906600
2015-07-09,55.5,56.150001525878906,55.439998626708984,56.060001373291016,13623200
2015-07-10,56.08000183105469,56.459999084472656,55.86000061035156,56.33000183105469,13269600
2015-07-13,56.7400016784668,56.7599983215332,56.41999816894531,56.560001373291016,15521800
2015-07-14,57.25,57.369998931884766,56.38999938964844,56.459999084472656,20066300
2015-07-15,57.779998779296875,58.15999984741211,57.2599983215332,57.40999984741211,17159400
2015-07-16,58.16999816894531,58.349998474121094,57.97999954223633,58.2400016784668,13194500
2015-07-17,57.939998626708984,58.04999923706055,57.4900016784668,57.970001220703125,12963900
2015-07-20,58.04999923706055,58.290000915527344,57.880001068115234,57.9900016784668,10084900
2015-07-21,57.95000076293945,58.369998931884766,57.75,58.02000045776367,12504300
2015-07-22,58.52000045776367,58.59000015258789,57.9900016784668,58.06999969482422,14871100
2015-07-23,58.209999084472656,58.77000045776367,58.06999969482422,58.72999954223633,13582200
2015-07-24,57.779998779296875,58.34000015258789,57.70000076293945,58.18000030517578,13157300
2015-07-27,57.59000015258789,57.84000015258789,57.34000015258789,57.47999954223633,15495300
2015-07-28,57.400001525878906,57.84000015258789,57.15999984741211,57.72999954223633,16730600
2015-07-29,57.959999084472656,58.130001068115234,57.41999816894531,57.599998474121094,13718400
2015-07-30,58.150001525878906,58.189998626708984,57.720001220703125,57.849998474121094,9864800
2015-07-31,57.869998931884766,58.25,57.790000915527344,58.22999954223633,12369800
2015-08-03,57.90999984741211,58.06999969482422,57.5,58.06999969482422,13085900
2015-08-04,57.81999969482422,58.15999984741211,57.709999084472656,57.77000045776367,12324700
2015-08-05,57.650001525878906,58.02000045776367,57.47999954223633,57.810001373291016,12032500
2015-08-06,57.529998779296875,57.95000076293945,57.40999984741211,57.650001525878906,12556600
2015-08-07,57.470001220703125,57.86000061035156,57.040000915527344,57.56999969482422,13596200
2015-08-10,57.939998626708984,57.97999954223633,57.68000030517578,57.79999923706055,12397500
2015-08-11,57.209999084472656,57.54999923706055,56.97999954223633,57.22999954223633,15425500
2015-08-12,56.720001220703125,56.95000076293945,56.20000076293945,56.900001525878906,21663200
2015-08-13,56.88999938964844,57.130001068115234,56.630001068115234,56.75,11868600
2015-08-14,57.33000183105469,57.369998931884766,56.81999969482422,56.88999938964844,9742500
2015-08-17,57.349998474121094,57.5,56.93000030517578,57.02000045776367,11462500
2015-08-18,57.540000915527344,57.720001220703125,57.27000045776367,57.40999984741211,10581500
2015-08-19,57.060001373291016,57.54999923706055,56.95000076293945,57.279998779296875,13744600
2015-08-20,56.119998931884766,56.58000183105469,56.11000061035156,56.459999084472656,20857700
2015-08-21,53.970001220703125,55.779998779296875,53.959999084472656,55.33000183105469,31954400
2015-08-24,51.25,53.2400016784668,47.75,49.20000076293945,40198100
2015-08-25,50.02000045776367,53.650001525878906,50.0,53.54999923706055,31041800
2015-08-26,52.29999923706055,52.40999984741211,50.58000183105469,51.560001373291016,30235800
2015-08-27,54.029998779296875,54.099998474121094,52.880001068115234,53.439998626708984,26452500
2015-08-28,53.540000915527344,53.93000030517578,53.040000915527344,53.75,18342200
2015-08-31,53.33000183105469,53.560001373291016,53.060001373291016,53.400001525878906,13842200
2015-09-01,50.9900016784668,52.31999969482422,50.529998779296875,52.11000061035156,28031700
2015-09-02,51.9900016784668,52.4900016784668,51.27000045776367,52.4900016784668,20919600
2015-09-03,52.43000030517578,53.0,52.220001220703125,52.38999938964844,15719000
2015-09-04,51.290000915527344,51.81999969482422,50.7599983215332,51.79999923706055,22303800
2015-09-08,52.93000030517578,52.97999954223633,51.97999954223633,52.650001525878906,19685400
2015-09-09,52.189998626708984,53.70000076293945,52.02000045776367,53.61000061035156,16221500
2015-09-10,52.560001373291016,52.86000061035156,51.79999923706055,52.06999969482422,17996200
2015-09-11,52.619998931884766,52.65999984741211,52.029998779296875,52.34000015258789,12549400
2015-09-14,52.77000045776367,52.880001068115234,52.40999984741211,52.630001068115234,16225600
2015-09-15,53.470001220703125,53.790000915527344,52.81999969482422,53.040000915527344,14305500
2015-09-16,53.720001220703125,53.88999938964844,52.900001525878906,53.52000045776367,15218500
2015-09-17,52.209999084472656,53.90999984741211,52.029998779296875,53.70000076293945,25025800
2015-09-18,51.040000915527344,51.47999954223633,50.70000076293945,51.27000045776367,39561600
2015-09-21,51.54999923706055,51.75,51.18000030517578,51.52000045776367,16673300
2015-09-22,50.689998626708984,51.150001525878906,50.33000183105469,50.869998931884766,21761300
2015-09-23,50.779998779296875,50.939998626708984,50.5,50.880001068115234,12521200
2015-09-24,50.54999923706055,50.68000030517578,49.79999923706055,50.09000015258789,17064300
2015-09-25,51.47999954223633,51.869998931884766,51.06999969482422,51.36000061035156,18394800
2015-09-28,50.369998931884766,51.29999923706055,50.20000076293945,51.06999969482422,17647900
2015-09-29,50.88999938964844,50.959999084472656,50.0,50.470001220703125,20816400
2015-09-30,51.349998474121094,51.720001220703125,50.70000076293945,51.630001068115234,20514800
2015-10-01,51.439998626708984,51.86000061035156,50.91999816894531,51.5099983215332,15556600
2015-10-02,51.2599983215332,51.290000915527344,49.5099983215332,50.279998779296875,21630300
2015-10-05,52.40999984741211,52.56999969482422,51.5,51.709999084472656,15240700
2015-10-06,52.029998779296875,52.540000915527344,51.91999816894531,52.18000030517578,14490700
2015-10-07,52.189998626708984,52.72999954223633,51.90999984741211,52.4900016784668,13863500
2015-10-08,52.540000915527344,52.59000015258789,51.77000045776367,52.22999954223633,15384100
2015-10-09,52.13999938964844,53.06999969482422,51.97999954223633,53.02000045776367,16983100
2015-10-12,52.18000030517578,52.43000030517578,51.75,52.119998931884766,10639000
2015-10-13,51.86000061035156,52.310001373291016,51.709999084472656,52.02000045776367,16002200
2015-10-14,51.5,51.900001525878906,50.7400016784668,51.70000076293945,26269100
2015-10-15,52.689998626708984,52.70000076293945,51.7599983215332,51.97999954223633,18262400
2015-10-16,52.880001068115234,53.189998626708984,52.5099983215332,53.150001525878906,15676300
2015-10-19,52.560001373291016,53.0099983215332,52.45000076293945,52.7599983215332,15515700
2015-10-20,53.08000183105469,53.290000915527344,52.58000183105469,52.619998931884766,13583300
2015-10-21,53.119998931884766,53.86000061035156,53.029998779296875,53.040000915527344,17666700
2015-10-22,54.060001373291016,54.45000076293945,53.400001525878906,53.400001525878906,18263200
2015-10-23,54.75,54.79999923706055,54.11000061035156,54.34000015258789,16924800
2015-10-26,54.290000915527344,54.810001373291016,54.15999984741211,54.7599983215332,12661400
2015-10-27,54.119998931884766,54.33000183105469,53.81999969482422,53.97999954223633,12443900
2015-10-28,55.45000076293945,55.5,54.16999816894531,54.2400016784668,16681600
2015-10-29,55.09000015258789,55.56999969482422,54.90999984741211,55.38999938964844,11334900
2015-10-30,54.13999938964844,55.06999969482422,54.029998779296875,55.06999969482422,18450500
2015-11-02,54.849998474121094,55.02000045776367,54.130001068115234,54.209999084472656,10992300
2015-11-03,54.93000030517578,55.150001525878906,54.45000076293945,54.68000030517578,10709100
2015-11-04,54.58000183105469,54.75,54.380001068115234,54.560001373291016,12823600
2015-11-05,54.86000061035156,55.08000183105469,54.349998474121094,54.349998474121094,12263900
2015-11-06,55.849998474121094,56.34000015258789,55.560001373291016,56.040000915527344,22376800
2015-11-09,55.470001220703125,56.220001220703125,55.13999938964844,56.08000183105469,17609700
2015-11-10,55.90999984741211,55.959999084472656,55.22999954223633,55.29999923706055,13475900
2015-11-11,55.79999923706055,56.16999816894531,55.5099983215332,56.130001068115234,10808500
2015-11-12,55.16999816894531,55.75,55.16999816894531,55.52000045776367,17552200
2015-11-13,54.56999969482422,55.36000061035156,54.33000183105469,55.02000045776367,16550200
2015-11-16,55.27000045776367,55.27000045776367,54.400001525878906,54.47999954223633,11955400
2015-11-17,54.959999084472656,55.4900016784668,54.84000015258789,55.33000183105469,11331900
2015-11-18,55.66999816894531,55.77000045776367,54.970001220703125,55.060001373291016,16612600
2015-11-19,55.970001220703125,56.06999969482422,55.459999084472656,55.77000045776367,12167600
2015-11-20,55.81999969482422,56.2599983215332,55.720001220703125,56.2599983215332,16264100
2015-11-23,55.599998474121094,56.040000915527344,55.560001373291016,55.900001525878906,9638100
2015-11-24,55.279998779296875,55.47999954223633,54.88999938964844,55.13999938964844,14156500
2015-11-25,55.220001220703125,55.52000045776367,55.099998474121094,55.459999084472656,10034400
2015-11-27,55.38999938964844,55.470001220703125,54.97999954223633,55.34000015258789,4914000
2015-11-30,55.099998474121094,55.689998626708984,55.099998474121094,55.459999084472656,15998900
2015-12-01,55.709999084472656,55.77000045776367,55.27000045776367,55.5099983215332,15543400
2015-12-02,55.08000183105469,55.79999923706055,55.0,55.79999923706055,12779900
2015-12-03,54.20000076293945,55.220001220703125,54.029998779296875,55.130001068115234,15410100
2015-12-04,55.66999816894531,55.880001068115234,54.310001373291016,54.47999954223633,19647700
2015-12-07,55.41999816894531,55.560001373291016,55.02000045776367,55.45000076293945,17991600
2015-12-08,54.400001525878906,55.209999084472656,54.279998779296875,54.97999954223633,19949500
2015-12-09,54.119998931884766,54.939998626708984,53.709999084472656,54.119998931884766,18499600
2015-12-10,54.34000015258789,54.9900016784668,53.880001068115234,54.25,14075300
2015-12-11,53.310001373291016,53.939998626708984,52.9900016784668,53.45000076293945,17815700
2015-12-14,53.20000076293945,53.56999969482422,52.75,53.31999969482422,22055100
2015-12-15,54.90999984741211,55.119998931884766,53.810001373291016,53.83000183105469,19056700
2015-12-16,55.849998474121094,56.040000915527344,54.81999969482422,55.209999084472656,21086800
2015-12-17,55.470001220703125,56.2400016784668,55.470001220703125,56.11000061035156,18800500
2015-12-18,53.790000915527344,55.150001525878906,53.790000915527344,55.0,31468600
2015-12-21,54.02000045776367,54.540000915527344,53.54999923706055,54.29999923706055,12993400
2015-12-22,54.34000015258789,54.5,53.70000076293945,54.36000061035156,10318100
2015-12-23,55.040000915527344,55.060001373291016,54.459999084472656,54.599998474121094,13033600
2015-12-24,54.81999969482422,55.09000015258789,54.709999084472656,54.970001220703125,4999400
2015-12-28,54.68000030517578,54.779998779296875,54.16999816894531,54.54999923706055,8288800
2015-12-29,55.290000915527344,55.349998474121094,54.9900016784668,55.11000061035156,7894900
2015-12-30,54.88999938964844,55.310001373291016,54.790000915527344,55.27000045776367,8016900
2015-12-31,54.36000061035156,54.95000076293945,54.220001220703125,54.5099983215332,10929800
2016-01-04,52.90999984741211,53.27000045776367,52.29999923706055,53.09000015258789,25985400
2016-01-05,52.88999938964844,53.27000045776367,52.54999923706055,52.93000030517578,14759600
2016-01-06,51.880001068115234,52.619998931884766,51.83000183105469,52.119998931884766,20026400
2016-01-07,50.400001525878906,51.189998626708984,50.150001525878906,51.0099983215332,30425600
2016-01-08,49.560001373291016,50.86000061035156,49.459999084472656,50.79999923706055,22981400
2016-01-11,50.09000015258789,50.33000183105469,49.63999938964844,50.18000030517578,19046400
2016-01-12,51.36000061035156,51.52000045776367,50.45000076293945,50.880001068115234,28961500
2016-01-13,49.72999954223633,51.79999923706055,49.5,51.72999954223633,22013500
2016-01-14,50.63999938964844,51.0,49.599998474121094,50.08000183105469,24569800
2016-01-15,48.81999969482422,49.63999938964844,48.130001068115234,48.59000015258789,41090400
2016-01-19,48.209999084472656,49.540000915527344,47.9900016784668,49.25,29918500
2016-01-20,47.869998931884766,48.25,46.880001068115234,47.279998779296875,40241100
2016-01-21,48.0099983215332,49.04999923706055,47.90999984741211,48.029998779296875,24272900
2016-01-22,49.02000045776367,49.27000045776367,48.560001373291016,49.029998779296875,18298700
2016-01-25,47.65999984741211,48.97999954223633,47.619998931884766,48.90999984741211,23440800
2016-01-26,48.2599983215332,48.560001373291016,47.65999984741211,47.75,18895100
2016-01-27,48.56999969482422,49.29999923706055,48.130001068115234,48.29999923706055,20441500
2016-01-28,48.91999816894531,49.400001525878906,48.599998474121094,49.099998474121094,21306600
2016-01-29,50.22999954223633,50.25,49.16999816894531,49.290000915527344,25358300
2016-02-01,49.939998626708984,50.18000030517578,49.560001373291016,50.119998931884766,17385400
2016-02-02,48.83000183105469,49.31999969482422,48.779998779296875,49.2599983215332,25593200
2016-02-03,47.599998474121094,48.5099983215332,46.5099983215332,48.45000076293945,47149700
2016-02-04,48.25,48.61000061035156,47.369998931884766,47.400001525878906,30851700
2016-02-05,47.86000061035156,48.65999984741211,47.599998474121094,48.349998474121094,23733700
2016-02-08,46.5,47.34000015258789,46.060001373291016,47.11000061035156,31172100
2016-02-09,46.45000076293945,46.7599983215332,45.36000061035156,45.61000061035156,29896200
2016-02-10,46.16999816894531,47.220001220703125,46.11000061035156,46.880001068115234,19885500
2016-02-11,45.15999984741211,45.529998779296875,44.5,44.93000030517578,32570900
2016-02-12,47.310001373291016,47.38999938964844,45.93000030517578,45.959999084472656,28533900
2016-02-16,48.2400016784668,48.40999984741211,47.56999969482422,48.04999923706055,20410600
2016-02-17,48.130001068115234,48.959999084472656,47.9900016784668,48.650001525878906,18060500
2016-02-18,47.72999954223633,48.13999938964844,47.47999954223633,48.09000015258789,17162800
2016-02-19,48.09000015258789,48.16999816894531,47.34000015258789,47.400001525878906,18234900
2016-02-22,49.189998626708984,49.34000015258789,48.09000015258789,48.09000015258789,17572800
2016-02-23,48.099998474121094,48.91999816894531,47.97999954223633,48.869998931884766,15224700
2016-02-24,47.61000061035156,47.68000030517578,46.560001373291016,47.34000015258789,18595700
2016-02-25,47.75,48.15999984741211,47.709999084472656,47.709999084472656,16646200
2016-02-26,48.06999969482422,48.540000915527344,47.83000183105469,48.130001068115234,20325600
2016-02-29,46.91999816894531,48.029998779296875,46.90999984741211,48.029998779296875,24018100
2016-03-01,48.720001220703125,48.720001220703125,47.13999938964844,47.13999938964844,24758500
2016-03-02,49.56999969482422,49.56999969482422,48.61000061035156,48.84000015258789,18667700
2016-03-03,49.77000045776367,49.790000915527344,49.06999969482422,49.630001068115234,14268100
2016-03-04,50.11000061035156,50.4900016784668,49.68000030517578,50.0099983215332,18685600
2016-03-07,50.06999969482422,50.15999984741211,49.439998626708984,49.77000045776367,14386100
2016-03-08,49.04999923706055,49.65999984741211,48.91999816894531,49.61000061035156,18098200
2016-03-09,48.790000915527344,49.5,48.5099983215332,49.380001068115234,17920100
2016-03-10,48.5099983215332,49.130001068115234,47.959999084472656,48.939998626708984,18542700
2016-03-11,50.06999969482422,50.130001068115234,48.880001068115234,49.119998931884766,18318400
2016-03-14,49.880001068115234,50.06999969482422,49.439998626708984,49.970001220703125,12803900
2016-03-15,49.97999954223633,49.9900016784668,49.20000076293945,49.29999923706055,12945600
2016-03-16,49.540000915527344,50.290000915527344,49.279998779296875,49.75,16629700
2016-03-17,49.72999954223633,49.93000030517578,48.84000015258789,49.43000030517578,16002800
2016-03-18,50.540000915527344,50.70000076293945,49.93000030517578,50.439998626708984,35812100
2016-03-21,50.66999816894531,50.75,50.16999816894531,50.5,13543200
2016-03-22,50.369998931884766,50.58000183105469,50.0,50.209999084472656,13907000
2016-03-23,49.7599983215332,50.33000183105469,49.70000076293945,50.18000030517578,13648100
2016-03-24,48.900001525878906,49.08000183105469,48.52000045776367,49.02000045776367,20871100
2016-03-28,48.70000076293945,49.040000915527344,48.54999923706055,49.040000915527344,18478100
2016-03-29,48.04999923706055,48.650001525878906,47.84000015258789,48.619998931884766,24459500
2016-03-30,48.650001525878906,49.15999984741211,48.150001525878906,48.400001525878906,16794200
2016-03-31,48.36000061035156,48.84000015258789,48.27000045776367,48.599998474121094,16397600
2016-04-01,48.45000076293945,48.58000183105469,47.779998779296875,48.22999954223633,14321400
2016-04-04,48.5,48.66999816894531,48.20000076293945,48.41999816894531,12110200
2016-04-05,47.5099983215332,48.09000015258789,47.459999084472656,48.08000183105469,18297700
2016-04-06,48.08000183105469,48.130001068115234,47.220001220703125,47.38999938964844,17214400
2016-04-07,46.93000030517578,47.779998779296875,46.619998931884766,47.709999084472656,17593100
2016-04-08,47.06999969482422,47.650001525878906,46.970001220703125,47.349998474121094,12236500
2016-04-11,47.029998779296875,47.709999084472656,47.0,47.11000061035156,15113500
2016-04-12,47.77000045776367,47.83000183105469,46.95000076293945,47.13999938964844,18772600
2016-04-13,49.029998779296875,49.25,48.27000045776367,48.290000915527344,26311900
2016-04-14,48.790000915527344,49.29999923706055,48.16999816894531,48.29999923706055,30067900
2016-04-15,48.25,48.939998626708984,48.060001373291016,48.619998931884766,24885200
2016-04-18,48.84000015258789,48.880001068115234,47.90999984741211,48.25,18225800
2016-04-19,49.880001068115234,49.91999816894531,48.97999954223633,49.0099983215332,18673400
2016-04-20,50.45000076293945,50.52000045776367,49.7599983215332,49.97999954223633,22647700
2016-04-21,50.04999923706055,50.779998779296875,49.93000030517578,50.54999923706055,20255400
2016-04-22,50.619998931884766,50.7400016784668,50.04999923706055,50.04999923706055,16365700
2016-04-25,50.5099983215332,50.599998474121094,50.119998931884766,50.310001373291016,11689100
2016-04-26,50.91999816894531,50.9900016784668,50.45000076293945,50.5099983215332,13333500
2016-04-27,50.93000030517578,51.40999984741211,50.720001220703125,50.869998931884766,15342700
2016-04-28,50.40999984741211,50.93000030517578,50.20000076293945,50.5099983215332,15506300
2016-04-29,49.97999954223633,50.459999084472656,49.68000030517578,50.459999084472656,17887000
2016-05-02,50.59000015258789,50.70000076293945,50.150001525878906,50.279998779296875,14780300
2016-05-03,50.0,50.130001068115234,49.540000915527344,49.86000061035156,16246400
2016-05-04,48.939998626708984,49.27000045776367,48.68000030517578,49.060001373291016,22402500
2016-05-05,48.959999084472656,49.189998626708984,48.77000045776367,48.970001220703125,15953600
2016-05-06,49.02000045776367,49.119998931884766,48.650001525878906,48.709999084472656,14189600
2016-05-09,48.880001068115234,49.220001220703125,48.810001373291016,49.02000045776367,13877000
2016-05-10,49.400001525878906,49.5099983215332,49.0,49.0,14234400
2016-05-11,49.08000183105469,49.720001220703125,49.08000183105469,49.36000061035156,17344300
2016-05-12,49.20000076293945,49.58000183105469,49.04999923706055,49.34000015258789,13589600
2016-05-13,48.2400016784668,49.43000030517578,48.209999084472656,49.099998474121094,25251700
2016-05-16,48.27000045776367,48.630001068115234,47.939998626708984,48.119998931884766,19655300
2016-05-17,47.619998931884766,48.16999816894531,47.54999923706055,48.13999938964844,21495600
2016-05-18,48.650001525878906,48.720001220703125,47.619998931884766,47.68000030517578,30028200
2016-05-19,48.380001068115234,48.959999084472656,48.15999984741211,48.439998626708984,13604100
2016-05-20,48.75,49.209999084472656,48.560001373291016,48.619998931884766,13222800
2016-05-23,48.70000076293945,48.880001068115234,48.349998474121094,48.7599983215332,10644000
2016-05-24,49.20000076293945,49.369998931884766,48.689998626708984,49.04999923706055,16597700
2016-05-25,50.5,50.83000183105469,49.5099983215332,49.58000183105469,22478600
2016-05-26,50.54999923706055,50.65999984741211,50.400001525878906,50.52000045776367,14983300
2016-05-27,50.849998474121094,50.86000061035156,50.4900016784668,50.599998474121094,13430500
2016-05-31,50.720001220703125,51.189998626708984,50.4900016784668,51.02000045776367,19725000
2016-06-01,51.0,51.040000915527344,50.16999816894531,50.2599983215332,16774300
2016-06-02,51.11000061035156,51.11000061035156,50.709999084472656,50.959999084472656,14206700
2016-06-03,50.189998626708984,50.310001373291016,49.61000061035156,50.16999816894531,25452600
2016-06-06,50.4900016784668,50.869998931884766,50.189998626708984,50.2400016784668,14528500
2016-06-07,50.27000045776367,50.72999954223633,50.27000045776367,50.72999954223633,15310100
2016-06-08,50.0,50.439998626708984,49.7400016784668,50.25,18168500
2016-06-09,49.13999938964844,49.68000030517578,48.849998474121094,49.650001525878906,19464400
2016-06-10,48.34000015258789,48.709999084472656,48.16999816894531,48.4900016784668,16815300
2016-06-13,47.970001220703125,48.5099983215332,47.959999084472656,48.130001068115234,16150100
2016-06-14,46.880001068115234,48.119998931884766,46.5099983215332,47.86000061035156,25311700
2016-06-15,46.779998779296875,47.560001373291016,46.7400016784668,47.27000045776367,20142000
2016-06-16,46.849998474121094,46.86000061035156,45.959999084472656,46.470001220703125,15619300
2016-06-17,46.599998474121094,47.0,46.52000045776367,46.849998474121094,25661300
2016-06-20,46.93000030517578,47.900001525878906,46.91999816894531,47.4900016784668,19490100
2016-06-21,47.22999954223633,47.34000015258789,46.77000045776367,47.290000915527344,11731600
2016-06-22,46.970001220703125,47.58000183105469,46.93000030517578,47.150001525878906,17072100
2016-06-23,47.90999984741211,47.90999984741211,47.38999938964844,47.63999938964844,16270000
2016-06-24,45.709999084472656,46.970001220703125,45.279998779296875,45.7599983215332,46744100
2016-06-27,45.0099983215332,45.33000183105469,44.5,45.20000076293945,35030100
2016-06-28,46.099998474121094,46.11000061035156,45.34000015258789,45.88999938964844,27525700
2016-06-29,46.970001220703125,46.9900016784668,46.150001525878906,46.630001068115234,20856400
2016-06-30,47.33000183105469,47.36000061035156,46.529998779296875,47.2400016784668,22538800
2016-07-01,47.029998779296875,47.279998779296875,46.86000061035156,47.08000183105469,19013600
2016-07-05,46.209999084472656,46.7599983215332,45.810001373291016,46.70000076293945,22213000
2016-07-06,46.650001525878906,46.65999984741211,45.70000076293945,45.88999938964844,19024100
2016-07-07,46.79999923706055,47.220001220703125,46.439998626708984,46.58000183105469,17946200
2016-07-08,47.790000915527344,47.91999816894531,47.45000076293945,47.45000076293945,19775700
2016-07-11,48.08000183105469,48.45000076293945,47.939998626708984,48.099998474121094,16008700
2016-07-12,48.349998474121094,48.630001068115234,48.220001220703125,48.41999816894531,15067900
2016-07-13,48.27000045776367,48.470001220703125,47.97999954223633,48.310001373291016,14389600
2016-07-14,48.939998626708984,49.150001525878906,48.66999816894531,49.04999923706055,17578400
2016-07-15,47.709999084472656,48.880001068115234,47.40999984741211,48.849998474121094,35121000
2016-07-18,48.279998779296875,48.33000183105469,47.779998779296875,47.810001373291016,24139200
2016-07-19,48.369998931884766,48.54999923706055,48.04999923706055,48.08000183105469,15982900
2016-07-20,48.61000061035156,48.689998626708984,48.400001525878906,48.59000015258789,16569900
2016-07-21,48.29999923706055,48.810001373291016,48.290000915527344,48.650001525878906,15532000
2016-07-22,48.31999969482422,48.36000061035156,48.099998474121094,48.31999969482422,13588500
2016-07-25,48.119998931884766,48.2599983215332,47.849998474121094,48.2400016784668,12122200
2016-07-26,47.970001220703125,48.16999816894531,47.79999923706055,48.029998779296875,16130100
2016-07-27,48.0,48.220001220703125,47.779998779296875,47.95000076293945,17886800
2016-07-28,48.130001068115234,48.220001220703125,47.68000030517578,47.939998626708984,12562600
2016-07-29,47.970001220703125,48.16999816894531,47.95000076293945,47.95000076293945,13111700
2016-08-01,47.810001373291016,48.04999923706055,47.630001068115234,47.97999954223633,16026600
2016-08-02,47.70000076293945,47.83000183105469,47.38999938964844,47.65999984741211,17033100
2016-08-03,47.56999969482422,47.63999938964844,47.33000183105469,47.33000183105469,14913500
2016-08-04,47.84000015258789,48.0,47.56999969482422,47.599998474121094,14662600
2016-08-05,48.68000030517578,48.70000076293945,48.130001068115234,48.38999938964844,19064700
2016-08-08,48.90999984741211,49.04999923706055,48.7400016784668,48.779998779296875,14871600
2016-08-09,48.93000030517578,49.150001525878906,48.810001373291016,49.02000045776367,10449800
2016-08-10,48.18000030517578,48.93000030517578,48.08000183105469,48.81999969482422,16782700
2016-08-11,48.2400016784668,48.5,47.91999816894531,48.22999954223633,14614100
2016-08-12,47.900001525878906,48.08000183105469,47.83000183105469,48.04999923706055,13227500
2016-08-15,48.27000045776367,48.34000015258789,48.029998779296875,48.04999923706055,11758900
2016-08-16,48.439998626708984,48.599998474121094,48.060001373291016,48.15999984741211,13957600
2016-08-17,48.61000061035156,48.65999984741211,48.310001373291016,48.369998931884766,13062900
2016-08-18,48.529998779296875,48.65999984741211,48.33000183105469,48.5,12189200
2016-08-19,48.650001525878906,48.72999954223633,48.20000076293945,48.439998626708984,12557700
2016-08-22,48.630001068115234,48.7400016784668,48.5,48.63999938964844,9212600
2016-08-23,48.40999984741211,48.75,48.38999938964844,48.63999938964844,15430200
2016-08-24,48.630001068115234,48.77000045776367,48.349998474121094,48.5,16315800
2016-08-25,48.380001068115234,48.689998626708984,48.29999923706055,48.619998931884766,13643200
2016-08-26,48.5099983215332,48.84000015258789,48.279998779296875,48.58000183105469,15527300
2016-08-29,49.560001373291016,49.75,48.689998626708984,48.75,21201400
2016-08-30,50.619998931884766,50.63999938964844,49.68000030517578,49.72999954223633,25055800
2016-08-31,50.79999923706055,50.91999816894531,50.2400016784668,50.70000076293945,24533600
2016-09-01,50.43000030517578,51.0,50.11000061035156,50.91999816894531,17017100
2016-09-02,50.54999923706055,50.65999984741211,50.18000030517578,50.45000076293945,12684000
2016-09-06,49.9900016784668,50.56999969482422,49.630001068115234,50.560001373291016,21832200
2016-09-07,49.77000045776367,50.029998779296875,49.650001525878906,49.790000915527344,12437300
2016-09-08,49.900001525878906,49.9900016784668,49.560001373291016,49.810001373291016,14169200
2016-09-09,48.720001220703125,49.86000061035156,48.720001220703125,49.4900016784668,32147200
2016-09-12,48.540000915527344,48.63999938964844,47.97999954223633,48.369998931884766,35588400
2016-09-13,46.959999084472656,47.86000061035156,46.52000045776367,47.79999923706055,59000500
2016-09-14,46.52000045776367,47.58000183105469,46.5,47.08000183105469,44841700
2016-09-15,46.150001525878906,46.349998474121094,45.189998626708984,46.119998931884766,60827800
2016-09-16,45.43000030517578,45.869998931884766,45.25,45.70000076293945,51871400
2016-09-19,46.0099983215332,46.290000915527344,45.47999954223633,45.619998931884766,33562400
2016-09-20,46.560001373291016,47.20000076293945,46.119998931884766,47.150001525878906,51510400
2016-09-21,45.83000183105469,46.540000915527344,45.33000183105469,46.5099983215332,64530200
2016-09-22,45.720001220703125,46.119998931884766,45.369998931884766,45.83000183105469,36964400
2016-09-23,45.7400016784668,45.90999984741211,45.43000030517578,45.5,28710500
2016-09-26,44.880001068115234,45.5,44.650001525878906,45.369998931884766,30938000
2016-09-27,45.09000015258789,45.099998474121094,44.65999984741211,44.790000915527344,24359000
2016-09-28,45.310001373291016,45.47999954223633,44.959999084472656,45.36000061035156,28220300
2016-09-29,44.369998931884766,45.2599983215332,44.209999084472656,45.189998626708984,45266700
2016-09-30,44.279998779296875,44.72999954223633,44.099998474121094,44.33000183105469,54117700
2016-10-03,43.83000183105469,44.15999984741211,43.560001373291016,44.119998931884766,38197700
2016-10-04,43.75,44.09000015258789,43.54999923706055,43.619998931884766,44008300
2016-10-05,44.9900016784668,45.08000183105469,43.83000183105469,43.83000183105469,40459000
2016-10-06,45.18000030517578,45.38999938964844,44.83000183105469,45.18000030517578,29878200
2016-10-07,45.33000183105469,45.45000076293945,44.93000030517578,45.20000076293945,24893600
2016-10-10,45.650001525878906,45.91999816894531,45.439998626708984,45.70000076293945,21804900
2016-10-11,45.45000076293945,45.81999969482422,45.150001525878906,45.79999923706055,25442600
2016-10-12,45.31999969482422,45.83000183105469,45.31999969482422,45.5099983215332,21780500
2016-10-13,44.75,45.2400016784668,44.279998779296875,45.2400016784668,44174600
2016-10-14,44.709999084472656,45.52000045776367,44.31999969482422,45.16999816894531,45418600
2016-10-17,44.5,44.7599983215332,44.31999969482422,44.540000915527344,18861300
2016-10-18,44.95000076293945,45.0,44.40999984741211,44.75,23877600
2016-10-19,45.2599983215332,45.529998779296875,44.86000061035156,44.86000061035156,26977000
2016-10-20,44.93000030517578,45.290000915527344,44.65999984741211,44.970001220703125,27210600
2016-10-21,45.09000015258789,45.29999923706055,44.65999984741211,44.7400016784668,21490800
2016-10-24,45.52000045776367,45.68000030517578,45.290000915527344,45.45000076293945,19303800
2016-10-25,45.720001220703125,45.79999923706055,45.40999984741211,45.470001220703125,20402000
2016-10-26,46.150001525878906,46.16999816894531,45.439998626708984,45.459999084472656,25181900
2016-10-27,46.40999984741211,46.810001373291016,46.2599983215332,46.41999816894531,25661000
2016-10-28,46.22999954223633,46.63999938964844,45.880001068115234,46.56999969482422,20882000
2016-10-31,46.0099983215332,46.560001373291016,46.0,46.400001525878906,20115900
2016-11-01,45.9900016784668,46.279998779296875,45.599998474121094,46.119998931884766,20020200
2016-11-02,45.2400016784668,45.5099983215332,45.06999969482422,45.380001068115234,19566600
2016-11-03,45.34000015258789,45.790000915527344,45.25,45.33000183105469,14982700
2016-11-04,44.599998474121094,45.41999816894531,44.4900016784668,45.36000061035156,27391600
2016-11-07,45.400001525878906,45.689998626708984,45.209999084472656,45.220001220703125,25769400
2016-11-08,45.540000915527344,45.81999969482422,44.869998931884766,45.18000030517578,19462600
2016-11-09,47.9900016784668,48.61000061035156,46.0,46.33000183105469,67615000
2016-11-10,51.630001068115234,51.93000030517578,48.790000915527344,48.93000030517578,100988800
2016-11-11,51.72999954223633,51.9900016784668,50.72999954223633,51.09000015258789,46594900
2016-11-14,53.220001220703125,54.060001373291016,51.90999984741211,51.90999984741211,59154400
2016-11-15,52.59000015258789,52.59000015258789,51.540000915527344,52.380001068115234,39437900
2016-11-16,51.68000030517578,52.16999816894531,51.36000061035156,51.790000915527344,26996200
2016-11-17,52.4900016784668,52.900001525878906,50.959999084472656,51.38999938964844,29205900
2016-11-18,52.81999969482422,52.97999954223633,51.9900016784668,52.45000076293945,29673400
2016-11-21,52.119998931884766,52.97999954223633,52.02000045776367,52.849998474121094,23587200
2016-11-22,52.220001220703125,52.58000183105469,51.810001373291016,52.43000030517578,22816900
2016-11-23,52.15999984741211,52.630001068115234,51.95000076293945,52.45000076293945,19986800
2016-11-25,52.619998931884766,52.619998931884766,52.040000915527344,52.400001525878906,9635500
2016-11-28,51.58000183105469,52.47999954223633,51.38999938964844,52.119998931884766,26518500
2016-11-29,51.86000061035156,52.130001068115234,51.560001373291016,51.560001373291016,16267300
2016-11-30,52.91999816894531,53.15999984741211,52.29999923706055,52.47999954223633,26567200
2016-12-01,54.34000015258789,54.470001220703125,53.060001373291016,53.130001068115234,35623100
2016-12-02,53.58000183105469,54.27000045776367,53.310001373291016,54.2400016784668,21894700
2016-12-05,54.349998474121094,54.529998779296875,53.869998931884766,53.900001525878906,24793900
2016-12-06,55.54999923706055,55.56999969482422,54.220001220703125,54.45000076293945,30706700
2016-12-07,57.279998779296875,57.290000915527344,55.22999954223633,55.54999923706055,46617000
2016-12-08,57.290000915527344,58.02000045776367,56.709999084472656,57.290000915527344,39828600
2016-12-09,57.13999938964844,57.2400016784668,56.4900016784668,56.90999984741211,20331200
2016-12-12,55.779998779296875,57.099998474121094,55.54999923706055,56.5,27886200
2016-12-13,55.84000015258789,56.209999084472656,55.290000915527344,55.849998474121094,24355600
2016-12-14,54.70000076293945,55.619998931884766,54.029998779296875,54.7400016784668,54590600
2016-12-15,55.189998626708984,56.25,54.900001525878906,55.16999816894531,31345900
2016-12-16,55.34000015258789,55.650001525878906,54.91999816894531,55.4900016784668,33171800
2016-12-19,55.220001220703125,55.470001220703125,54.650001525878906,55.18000030517578,16801400
2016-12-20,56.099998474121094,56.31999969482422,55.150001525878906,55.470001220703125,19245300
2016-12-21,55.709999084472656,56.09000015258789,55.63999938964844,56.09000015258789,14058400
2016-12-22,55.75,56.029998779296875,55.5,55.7599983215332,14515500
2016-12-23,55.959999084472656,55.97999954223633,55.619998931884766,55.779998779296875,8313000
2016-12-27,55.95000076293945,56.099998474121094,55.84000015258789,55.900001525878906,8893900
2016-12-28,55.31999969482422,56.08000183105469,55.27000045776367,55.97999954223633,10609100
2016-12-29,54.84000015258789,55.459999084472656,54.47999954223633,55.189998626708984,15933500
2016-12-30,55.11000061035156,55.36000061035156,54.790000915527344,54.88999938964844,15095500
2017-01-03,56.0,56.349998474121094,55.459999084472656,55.66999816894531,22063800
2017-01-04,56.04999923706055,56.310001373291016,55.61000061035156,56.15999984741211,15036100
2017-01-05,55.18000030517578,55.81999969482422,54.47999954223633,55.4900016784668,18831600
2017-01-06,55.040000915527344,55.56999969482422,54.70000076293945,55.2599983215332,18715900
2017-01-09,54.2400016784668,54.810001373291016,54.18000030517578,54.68000030517578,21794100
2017-01-10,54.619998931884766,55.18000030517578,54.2599983215332,54.349998474121094,17978200
2017-01-11,54.79999923706055,54.79999923706055,53.720001220703125,54.599998474121094,21100600
2017-01-12,54.5,54.779998779296875,53.900001525878906,54.650001525878906,20566600
2017-01-13,55.310001373291016,56.20000076293945,54.650001525878906,55.11000061035156,37231600
2017-01-17,53.779998779296875,54.959999084472656,53.58000183105469,54.79999923706055,26974400
2017-01-18,54.27000045776367,54.290000915527344,53.34000015258789,53.779998779296875,21186700
2017-01-19,54.58000183105469,54.77000045776367,53.86000061035156,54.2400016784668,20906900
2017-01-20,55.06999969482422,55.11000061035156,54.619998931884766,54.75,24160800
2017-01-23,54.25,55.0,54.150001525878906,54.709999084472656,17227400
2017-01-24,54.70000076293945,55.06999969482422,54.130001068115234,54.36000061035156,18523300
2017-01-25,56.619998931884766,56.83000183105469,55.279998779296875,55.380001068115234,32252100
2017-01-26,57.18000030517578,57.33000183105469,56.59000015258789,56.61000061035156,23769800
2017-01-27,56.59000015258789,57.11000061035156,56.40999984741211,57.029998779296875,17186200
2017-01-30,56.08000183105469,56.31999969482422,55.75,56.119998931884766,15961400
2017-01-31,56.33000183105469,56.380001068115234,55.79999923706055,55.97999954223633,22409100
2017-02-01,55.90999984741211,57.06999969482422,55.77000045776367,56.540000915527344,21157700
2017-02-02,55.75,55.959999084472656,55.400001525878906,55.56999969482422,13044400
2017-02-03,57.27000045776367,57.290000915527344,56.43000030517578,56.880001068115234,19879800
2017-02-06,56.54999923706055,57.40999984741211,56.4900016784668,57.08000183105469,13940200
2017-02-07,56.34000015258789,57.189998626708984,56.27000045776367,56.86000061035156,14937400
2017-02-08,55.630001068115234,56.209999084472656,55.16999816894531,56.209999084472656,18592200
2017-02-09,56.72999954223633,56.77000045776367,55.630001068115234,55.630001068115234,15907800
2017-02-10,56.86000061035156,57.040000915527344,56.65999984741211,57.02000045776367,12268100
2017-02-13,57.08000183105469,57.5099983215332,56.88999938964844,57.06999969482422,15325300
2017-02-14,57.97999954223633,58.0,56.9900016784668,57.130001068115234,16382900
2017-02-15,58.54999923706055,59.0099983215332,57.88999938964844,58.099998474121094,25350400
2017-02-16,58.119998931884766,58.36000061035156,57.5099983215332,58.36000061035156,14694500
2017-02-17,58.09000015258789,58.099998474121094,57.45000076293945,57.58000183105469,15783200
2017-02-21,58.25,58.630001068115234,57.900001525878906,58.25,16916800
2017-02-22,58.36000061035156,58.59000015258789,58.0,58.0,12344200
2017-02-23,58.4900016784668,58.59000015258789,58.060001373291016,58.43000030517578,13841400
2017-02-24,57.810001373291016,57.90999984741211,57.31999969482422,57.70000076293945,16379100
2017-02-27,58.060001373291016,58.25,57.709999084472656,57.810001373291016,10101000
2017-02-28,57.880001068115234,58.31999969482422,57.72999954223633,57.9900016784668,15558900
2017-03-01,59.72999954223633,59.9900016784668,59.09000015258789,59.11000061035156,25912700
2017-03-02,58.709999084472656,59.790000915527344,58.56999969482422,59.779998779296875,17578600
2017-03-03,58.88999938964844,59.2400016784668,58.66999816894531,58.849998474121094,14740000
2017-03-06,58.61000061035156,58.880001068115234,58.18000030517578,58.540000915527344,13225500
2017-03-07,58.29999923706055,58.52000045776367,58.02000045776367,58.43000030517578,13099900
2017-03-08,58.209999084472656,59.130001068115234,58.16999816894531,58.95000076293945,14711300
2017-03-09,58.70000076293945,58.869998931884766,58.20000076293945,58.45000076293945,15721500
2017-03-10,58.849998474121094,59.18000030517578,58.52000045776367,58.97999954223633,15120200
2017-03-13,58.70000076293945,59.029998779296875,58.52000045776367,58.83000183105469,14063500
2017-03-14,58.7599983215332,58.810001373291016,58.25,58.4900016784668,10885000
2017-03-15,58.709999084472656,59.310001373291016,58.36000061035156,58.900001525878906,17777300
2017-03-16,59.31999969482422,59.40999984741211,58.7599983215332,58.86000061035156,18468200
2017-03-17,58.66999816894531,59.40999984741211,58.52000045776367,59.369998931884766,20985700
2017-03-20,57.630001068115234,58.470001220703125,57.619998931884766,58.470001220703125,17663200
2017-03-21,55.849998474121094,57.959999084472656,55.630001068115234,57.93000030517578,31766400
2017-03-22,55.33000183105469,55.56999969482422,54.849998474121094,55.529998779296875,27740900
2017-03-23,55.25,55.9900016784668,54.97999954223633,55.22999954223633,19000000
2017-03-24,55.83000183105469,56.04999923706055,55.220001220703125,55.5,21127500
2017-03-27,55.38999938964844,55.58000183105469,54.2400016784668,54.630001068115234,16854800
2017-03-28,55.959999084472656,56.25,55.2400016784668,55.349998474121094,14878900
2017-03-29,55.66999816894531,56.09000015258789,55.54999923706055,55.939998626708984,10329100
2017-03-30,56.2400016784668,56.43000030517578,55.61000061035156,55.68000030517578,12106500
2017-03-31,55.65999984741211,56.18000030517578,55.619998931884766,56.02000045776367,11864600
2017-04-03,55.4900016784668,55.81999969482422,54.790000915527344,55.70000076293945,14550700
2017-04-04,55.20000076293945,55.33000183105469,54.97999954223633,55.29999923706055,11937400
2017-04-05,54.97999954223633,56.20000076293945,54.93000030517578,55.790000915527344,17411700
2017-04-06,55.369998931884766,55.650001525878906,54.709999084472656,54.95000076293945,10387500
2017-04-07,54.84000015258789,55.310001373291016,54.61000061035156,54.939998626708984,15848800
2017-04-10,54.540000915527344,55.25,54.31999969482422,54.9900016784668,14607700
2017-04-11,54.15999984741211,54.2599983215332,53.27000045776367,54.22999954223633,28086800
2017-04-12,53.119998931884766,54.02000045776367,53.04999923706055,53.95000076293945,25601300
2017-04-13,51.349998474121094,52.75,51.349998474121094,51.79999923706055,47982000
2017-04-17,52.720001220703125,52.7599983215332,51.2599983215332,51.63999938964844,31959100
2017-04-18,52.45000076293945,52.66999816894531,52.09000015258789,52.36000061035156,22257500
2017-04-19,52.150001525878906,53.13999938964844,52.04999923706055,52.880001068115234,17414600
2017-04-20,53.5,53.59000015258789,52.43000030517578,52.720001220703125,31552900
2017-04-21,53.0,53.84000015258789,52.95000076293945,53.38999938964844,26177300
2017-04-24,53.650001525878906,54.34000015258789,53.59000015258789,54.150001525878906,23856700
2017-04-25,54.560001373291016,55.09000015258789,54.290000915527344,54.33000183105469,27061300
2017-04-26,54.540000915527344,55.06999969482422,54.36000061035156,54.599998474121094,15915500
2017-04-27,54.439998626708984,54.650001525878906,53.90999984741211,54.540000915527344,13978000
2017-04-28,53.84000015258789,54.58000183105469,53.72999954223633,54.33000183105469,16501900
2017-05-01,54.459999084472656,54.75,53.970001220703125,54.099998474121094,13915800
2017-05-02,54.540000915527344,54.61000061035156,54.060001373291016,54.459999084472656,15634900
2017-05-03,54.849998474121094,54.88999938964844,53.95000076293945,54.0099983215332,15737100
2017-05-04,55.18000030517578,55.599998474121094,54.869998931884766,55.27000045776367,17054100
2017-05-05,55.11000061035156,55.38999938964844,54.880001068115234,55.25,13078800
2017-05-08,55.040000915527344,55.290000915527344,54.75,55.119998931884766,14242800
2017-05-09,54.68000030517578,55.369998931884766,54.45000076293945,55.13999938964844,14402900
2017-05-10,54.720001220703125,54.90999984741211,54.36000061035156,54.43000030517578,15897200
2017-05-11,53.7400016784668,54.41999816894531,53.060001373291016,54.279998779296875,32200100
2017-05-12,53.02000045776367,53.31999969482422,52.540000915527344,53.29999923706055,29642300
2017-05-15,53.31999969482422,53.41999816894531,53.02000045776367,53.060001373291016,15245000
2017-05-16,53.2599983215332,53.439998626708984,52.95000076293945,53.400001525878906,12650100
2017-05-17,52.2400016784668,53.2599983215332,51.650001525878906,53.2599983215332,33173100
2017-05-18,52.380001068115234,52.959999084472656,51.95000076293945,52.310001373291016,19790100
2017-05-19,53.060001373291016,53.34000015258789,52.38999938964844,52.56999969482422,16895000
2017-05-22,53.0099983215332,53.31999969482422,52.5,53.27000045776367,13947000
2017-05-23,53.38999938964844,53.560001373291016,52.849998474121094,53.0099983215332,11751700
2017-05-24,53.09000015258789,53.61000061035156,52.79999923706055,53.4900016784668,11304400
2017-05-25,52.779998779296875,53.25,52.56999969482422,53.25,16643800
2017-05-26,52.40999984741211,52.810001373291016,52.369998931884766,52.630001068115234,14247700
2017-05-30,52.15999984741211,52.5,51.900001525878906,52.15999984741211,19379700
2017-05-31,51.13999938964844,52.25,50.83000183105469,52.22999954223633,30519700
2017-06-01,52.08000183105469,52.209999084472656,51.060001373291016,51.529998779296875,21001800
2017-06-02,51.810001373291016,52.2400016784668,51.529998779296875,51.66999816894531,19477300
2017-06-05,51.720001220703125,52.18000030517578,51.66999816894531,51.709999084472656,13663800
2017-06-06,51.810001373291016,52.029998779296875,51.2400016784668,51.31999969482422,14887500
2017-06-07,52.09000015258789,52.310001373291016,51.70000076293945,51.84000015258789,17022400
2017-06-08,52.560001373291016,53.029998779296875,51.880001068115234,52.09000015258789,22644200
2017-06-09,53.79999923706055,53.95000076293945,52.79999923706055,52.86000061035156,25750000
2017-06-12,54.09000015258789,54.59000015258789,53.939998626708984,53.97999954223633,22791400
2017-06-13,54.45000076293945,54.689998626708984,54.279998779296875,54.349998474121094,17966000
2017-06-14,54.529998779296875,54.63999938964844,53.56999969482422,54.09000015258789,16575000
2017-06-15,53.900001525878906,54.45000076293945,53.810001373291016,54.040000915527344,17232300
2017-06-16,53.88999938964844,54.2400016784668,53.650001525878906,53.93000030517578,23492700
2017-06-19,54.2400016784668,54.63999938964844,54.119998931884766,54.310001373291016,15367300
2017-06-20,53.459999084472656,54.099998474121094,53.43000030517578,54.060001373291016,13622200
2017-06-21,52.97999954223633,53.47999954223633,52.79999923706055,53.470001220703125,12653700
2017-06-22,52.4900016784668,52.88999938964844,52.220001220703125,52.79999923706055,15362200
2017-06-23,52.45000076293945,52.83000183105469,52.31999969482422,52.70000076293945,21868500
2017-06-26,52.900001525878906,53.43000030517578,52.59000015258789,52.72999954223633,12532800
2017-06-27,53.15999984741211,53.65999984741211,52.90999984741211,53.02000045776367,13496300
2017-06-28,54.33000183105469,54.41999816894531,53.52000045776367,53.61000061035156,20961700
2017-06-29,55.779998779296875,56.599998474121094,55.209999084472656,55.650001525878906,32552100
2017-06-30,55.40999984741211,56.04999923706055,55.15999984741211,56.029998779296875,16750700
2017-07-03,55.779998779296875,56.45000076293945,55.709999084472656,55.810001373291016,11825000
2017-07-05,55.779998779296875,56.02000045776367,55.34000015258789,55.970001220703125,14086900
2017-07-06,55.560001373291016,56.31999969482422,55.5,55.97999954223633,14481200
2017-07-07,55.7400016784668,55.83000183105469,55.25,55.779998779296875,11503500
2017-07-10,55.59000015258789,55.810001373291016,55.34000015258789,55.529998779296875,10979000
2017-07-11,55.040000915527344,55.709999084472656,54.81999969482422,55.65999984741211,14842700
2017-07-12,55.16999816894531,55.2400016784668,54.599998474121094,54.93000030517578,11951500
2017-07-13,55.599998474121094,55.66999816894531,55.060001373291016,55.2599983215332,14201800
2017-07-14,54.9900016784668,55.20000076293945,54.119998931884766,54.310001373291016,17949600
2017-07-17,54.709999084472656,54.97999954223633,54.439998626708984,54.900001525878906,14953600
2017-07-18,54.79999923706055,54.91999816894531,54.22999954223633,54.310001373291016,13603300
2017-07-19,54.939998626708984,55.209999084472656,54.689998626708984,54.79999923706055,12366200
2017-07-20,54.880001068115234,55.310001373291016,54.68000030517578,54.959999084472656,15123500
2017-07-21,54.16999816894531,54.619998931884766,54.099998474121094,54.43000030517578,17384500
2017-07-24,54.27000045776367,54.40999984741211,54.040000915527344,54.099998474121094,18489900
2017-07-25,55.060001373291016,55.40999984741211,54.90999984741211,55.0,20167800
2017-07-26,54.90999984741211,55.33000183105469,54.810001373291016,55.31999969482422,19686900
2017-07-27,54.709999084472656,54.959999084472656,54.38999938964844,54.86000061035156,17352600
2017-07-28,53.29999923706055,54.56999969482422,53.18000030517578,54.29999923706055,32590600
2017-07-31,53.939998626708984,54.220001220703125,53.400001525878906,53.41999816894531,20378100
2017-08-01,54.08000183105469,54.38999938964844,53.849998474121094,54.22999954223633,19350300
2017-08-02,53.619998931884766,53.959999084472656,53.45000076293945,53.540000915527344,19422100
2017-08-03,53.400001525878906,53.65999984741211,53.34000015258789,53.5,19374700
2017-08-04,52.84000015258789,53.70000076293945,51.90999984741211,53.66999816894531,44664600
2017-08-07,52.540000915527344,52.95000076293945,52.43000030517578,52.72999954223633,22673700
2017-08-08,52.709999084472656,53.29999923706055,52.220001220703125,52.31999969482422,24877800
2017-08-09,52.790000915527344,52.810001373291016,52.13999938964844,52.279998779296875,14631600
2017-08-10,51.95000076293945,52.720001220703125,51.91999816894531,52.38999938964844,18373000
2017-08-11,51.939998626708984,52.209999084472656,51.7400016784668,51.83000183105469,14714500
2017-08-14,52.84000015258789,53.09000015258789,52.34000015258789,52.369998931884766,16313200
2017-08-15,52.849998474121094,53.36000061035156,52.83000183105469,53.20000076293945,11028100
2017-08-16,52.689998626708984,53.209999084472656,52.459999084472656,53.0099983215332,11224400
2017-08-17,51.79999923706055,52.630001068115234,51.790000915527344,52.470001220703125,16814300
2017-08-18,51.68000030517578,52.13999938964844,51.380001068115234,51.630001068115234,17130600
2017-08-21,51.81999969482422,51.90999984741211,51.400001525878906,51.7400016784668,13503100
2017-08-22,52.220001220703125,52.27000045776367,51.91999816894531,51.95000076293945,12984100
2017-08-23,52.029998779296875,52.47999954223633,51.79999923706055,51.83000183105469,10019500
2017-08-24,52.15999984741211,52.529998779296875,52.040000915527344,52.189998626708984,12345000
2017-08-25,51.77000045776367,52.56999969482422,51.7599983215332,52.27000045776367,15307800
2017-08-28,51.630001068115234,52.02000045776367,51.41999816894531,51.95000076293945,12425900
2017-08-29,51.41999816894531,51.5,51.130001068115234,51.209999084472656,10715500
2017-08-30,51.36000061035156,51.7400016784668,51.20000076293945,51.459999084472656,11427500
2017-08-31,51.06999969482422,51.2400016784668,50.869998931884766,51.0,25231100
2017-09-01,50.970001220703125,51.4900016784668,50.93000030517578,51.060001373291016,16217700
2017-09-05,50.099998474121094,50.66999816894531,49.7599983215332,50.630001068115234,31251300
2017-09-06,49.880001068115234,50.27000045776367,49.560001373291016,50.25,26854000
2017-09-07,49.68000030517578,49.939998626708984,49.27000045776367,49.939998626708984,23367300
2017-09-08,49.58000183105469,49.97999954223633,49.43000030517578,49.61000061035156,18975700
2017-09-11,50.65999984741211,50.79999923706055,49.939998626708984,50.0,17987100
2017-09-12,51.56999969482422,51.72999954223633,50.84000015258789,50.849998474121094,17129500
2017-09-13,51.459999084472656,51.5099983215332,51.18000030517578,51.38999938964844,12617300
2017-09-14,51.290000915527344,51.720001220703125,51.08000183105469,51.540000915527344,13739400
2017-09-15,51.65999984741211,51.68000030517578,51.25,51.279998779296875,28494300
2017-09-18,52.709999084472656,52.84000015258789,51.61000061035156,51.66999816894531,20943400
2017-09-19,53.36000061035156,53.59000015258789,52.529998779296875,52.720001220703125,17047000
2017-09-20,53.75,54.11000061035156,53.279998779296875,53.38999938964844,21560400
2017-09-21,54.060001373291016,54.2400016784668,53.52000045776367,53.54999923706055,16210900
2017-09-22,54.25,54.36000061035156,53.75,53.91999816894531,18047800
2017-09-25,54.029998779296875,54.33000183105469,53.54999923706055,54.06999969482422,11595900
2017-09-26,53.79999923706055,54.279998779296875,53.7599983215332,54.099998474121094,12052500
2017-09-27,54.209999084472656,54.529998779296875,54.060001373291016,54.470001220703125,15840800
2017-09-28,54.25,54.33000183105469,53.7400016784668,54.290000915527344,14531700
2017-09-29,55.150001525878906,55.22999954223633,54.09000015258789,54.25,20872300
2017-10-02,55.470001220703125,55.470001220703125,54.86000061035156,55.15999984741211,11764400
2017-10-03,55.58000183105469,55.619998931884766,54.849998474121094,55.33000183105469,17405100
2017-10-04,54.959999084472656,55.349998474121094,54.900001525878906,55.310001373291016,14697800
2017-10-05,55.38999938964844,55.77000045776367,54.779998779296875,55.0,14560700
2017-10-06,55.58000183105469,55.68000030517578,55.220001220703125,55.47999954223633,11151200
2017-10-09,55.13999938964844,55.70000076293945,54.91999816894531,55.619998931884766,11377000
2017-10-10,55.61000061035156,55.720001220703125,55.150001525878906,55.369998931884766,12800500
2017-10-11,55.65999984741211,55.709999084472656,55.2599983215332,55.439998626708984,12843100
2017-10-12,55.209999084472656,55.709999084472656,55.060001373291016,55.689998626708984,15067500
2017-10-13,53.689998626708984,53.709999084472656,52.84000015258789,53.4900016784668,35310000
2017-10-16,53.79999923706055,53.970001220703125,53.41999816894531,53.650001525878906,22802400
2017-10-17,53.189998626708984,54.0,53.119998931884766,53.97999954223633,18614700
2017-10-18,53.40999984741211,54.06999969482422,53.31999969482422,53.40999984741211,21604000
2017-10-19,53.75,53.93000030517578,53.0,53.11000061035156,12669700
2017-10-20,54.91999816894531,55.06999969482422,54.040000915527344,54.209999084472656,28407700
2017-10-23,54.90999984741211,55.040000915527344,54.70000076293945,54.75,18102100
2017-10-24,55.41999816894531,55.560001373291016,55.0,55.0,18779400
2017-10-25,55.25,55.58000183105469,54.869998931884766,55.4900016784668,17096900
2017-10-26,55.619998931884766,56.16999816894531,55.45000076293945,55.45000076293945,15979200
2017-10-27,55.869998931884766,56.040000915527344,55.130001068115234,55.22999954223633,17258600
2017-10-30,55.849998474121094,55.959999084472656,55.310001373291016,55.45000076293945,12249200
2017-10-31,56.13999938964844,56.52000045776367,55.900001525878906,55.95000076293945,14619200
2017-11-01,56.209999084472656,56.84000015258789,56.189998626708984,56.31999969482422,11678300
2017-11-02,56.47999954223633,56.52000045776367,55.349998474121094,55.79999923706055,15630000
2017-11-03,56.349998474121094,56.439998626708984,55.900001525878906,56.25,10049200
2017-11-06,56.18000030517578,56.43000030517578,56.0,56.099998474121094,10414900
2017-11-07,55.04999923706055,56.290000915527344,54.66999816894531,56.16999816894531,18679100
2017-11-08,54.2599983215332,54.9900016784668,54.04999923706055,54.79999923706055,24047100
2017-11-09,54.0,54.189998626708984,53.209999084472656,53.900001525878906,24438800
2017-11-10,53.810001373291016,54.130001068115234,53.790000915527344,54.02000045776367,13671700
2017-11-13,53.720001220703125,53.90999984741211,53.40999984741211,53.52000045776367,13447000
2017-11-14,54.040000915527344,54.099998474121094,53.31999969482422,53.52000045776367,20830100
2017-11-15,53.75,54.119998931884766,53.4900016784668,53.630001068115234,18238600
2017-11-16,54.599998474121094,54.86000061035156,53.86000061035156,53.95000076293945,26361800
2017-11-17,54.150001525878906,54.459999084472656,53.970001220703125,54.209999084472656,15814800
2017-11-20,54.04999923706055,54.209999084472656,53.849998474121094,54.119998931884766,16943100
2017-11-21,54.52000045776367,54.58000183105469,53.9900016784668,54.08000183105469,13757000
2017-11-22,54.060001373291016,54.619998931884766,54.029998779296875,54.459999084472656,11421700
2017-11-24,54.09000015258789,54.310001373291016,54.0,54.189998626708984,5386500
2017-11-27,53.95000076293945,54.459999084472656,53.86000061035156,54.02000045776367,11066800
2017-11-28,55.56999969482422,55.88999938964844,53.720001220703125,53.869998931884766,25685200
2017-11-29,56.68000030517578,57.25,55.70000076293945,55.84000015258789,29631800
2017-11-30,56.470001220703125,57.33000183105469,56.380001068115234,57.029998779296875,30984400
2017-12-01,56.20000076293945,57.18000030517578,55.439998626708984,56.56999969482422,31242400
2017-12-04,57.38999938964844,57.9900016784668,57.20000076293945,57.27000045776367,28720400
2017-12-05,58.54999923706055,59.40999984741211,57.439998626708984,58.65999984741211,39754900
2017-12-06,58.56999969482422,59.099998474121094,58.119998931884766,58.68000030517578,26758300
2017-12-07,59.36000061035156,60.0,58.290000915527344,58.45000076293945,32990600
2017-12-08,59.310001373291016,59.91999816894531,59.150001525878906,59.310001373291016,22017100
2017-12-11,58.869998931884766,59.29999923706055,58.619998931884766,58.959999084472656,15876600
2017-12-12,60.33000183105469,60.560001373291016,58.709999084472656,58.709999084472656,25040400
2017-12-13,59.400001525878906,60.5,59.380001068115234,60.310001373291016,18227000
2017-12-14,59.220001220703125,59.9900016784668,59.209999084472656,59.54999923706055,14731000
2017-12-15,59.869998931884766,60.650001525878906,59.349998474121094,59.45000076293945,36467500
2017-12-18,60.91999816894531,61.130001068115234,60.369998931884766,60.439998626708984,19970900
2017-12-19,60.36000061035156,61.27000045776367,60.279998779296875,61.20000076293945,17062700
2017-12-20,60.13999938964844,61.06999969482422,60.060001373291016,60.880001068115234,16544500
2017-12-21,61.61000061035156,62.119998931884766,60.68000030517578,60.68000030517578,22130700
2017-12-22,61.54999923706055,62.2400016784668,61.189998626708984,62.0,11653200
2017-12-26,61.130001068115234,61.720001220703125,60.79999923706055,61.5,11662800
2017-12-27,60.95000076293945,61.2400016784668,60.65999984741211,61.099998474121094,10010800
2017-12-28,61.29999923706055,61.310001373291016,60.90999984741211,61.029998779296875,10550900
2017-12-29,60.66999816894531,61.58000183105469,60.66999816894531,61.459999084472656,10711400
2018-01-02,61.09000015258789,61.36000061035156,60.70000076293945,61.040000915527344,13819300
2018-01-03,61.560001373291016,61.77000045776367,61.099998474121094,61.220001220703125,14203700
2018-01-04,62.33000183105469,63.04999923706055,61.90999984741211,61.97999954223633,18740500
2018-01-05,62.75,62.810001373291016,62.09000015258789,62.7599983215332,14217900
2018-01-08,62.040000915527344,62.72999954223633,61.939998626708984,62.65999984741211,15569400
2018-01-09,62.2599983215332,62.77000045776367,62.06999969482422,62.29999923706055,15766500
2018-01-10,63.119998931884766,63.400001525878906,62.36000061035156,62.47999954223633,18107500
2018-01-11,63.0099983215332,63.66999816894531,62.689998626708984,63.650001525878906,22075000
2018-01-12,62.54999923706055,63.400001525878906,62.04999923706055,63.20000076293945,25886100
2018-01-16,62.5,63.150001525878906,62.18000030517578,62.790000915527344,17907800
2018-01-17,63.880001068115234,64.04000091552734,62.4900016784668,62.849998474121094,23892900
2018-01-18,63.95000076293945,64.30999755859375,63.86000061035156,63.869998931884766,16305900
2018-01-19,64.22000122070312,64.26000213623047,63.83000183105469,64.1500015258789,16524000
2018-01-22,64.7300033569336,64.75,63.970001220703125,64.0,12245200
2018-01-23,64.48999786376953,64.8499984741211,64.22000122070312,64.30999755859375,12937100
2018-01-24,65.4800033569336,65.62999725341797,64.80000305175781,64.94999694824219,20180300
2018-01-25,65.6500015258789,65.8499984741211,65.4000015258789,65.69999694824219,17568700
2018-01-26,65.93000030517578,66.04000091552734,65.25,65.88999938964844,16251900
2018-01-29,65.81999969482422,66.30999755859375,65.66000366210938,65.77999877929688,16105200
2018-01-30,65.27999877929688,65.93000030517578,65.27999877929688,65.43000030517578,16158900
2018-01-31,65.77999877929688,66.0999984741211,65.16000366210938,65.2699966430664,18147900
2018-02-01,65.51000213623047,66.08999633789062,65.05999755859375,65.37000274658203,15717600
2018-02-02,64.06999969482422,65.52999877929688,63.83000183105469,65.33000183105469,18905300
2018-02-05,58.15999984741211,59.88999938964844,57.5,58.70000076293945,103394400
2018-02-06,57.279998779296875,58.5,55.869998931884766,56.90999984741211,83076900
2018-02-07,57.540000915527344,58.119998931884766,56.75,56.939998626708984,45551000
2018-02-08,55.400001525878906,57.439998626708984,55.349998474121094,57.33000183105469,43569700
2018-02-09,56.130001068115234,56.540000915527344,54.720001220703125,56.13999938964844,48904600
2018-02-12,56.5,57.119998931884766,55.880001068115234,56.36000061035156,24401300
2018-02-13,58.0,58.09000015258789,55.95000076293945,56.060001373291016,24234200
2018-02-14,59.54999923706055,59.599998474121094,57.79999923706055,57.849998474121094,23681800
2018-02-15,60.02000045776367,60.099998474121094,59.150001525878906,59.81999969482422,22397300
2018-02-16,59.95000076293945,60.43000030517578,59.66999816894531,59.66999816894531,18661900
2018-02-20,59.95000076293945,61.27000045776367,59.779998779296875,59.86000061035156,18517600
2018-02-21,59.72999954223633,60.4900016784668,59.72999954223633,59.86000061035156,19987800
2018-02-22,58.810001373291016,60.16999816894531,58.68000030517578,59.880001068115234,17948600
2018-02-23,59.16999816894531,59.2400016784668,58.349998474121094,59.06999969482422,21099200
2018-02-26,59.970001220703125,60.0,58.95000076293945,59.75,16478300
2018-02-27,59.209999084472656,60.47999954223633,59.209999084472656,60.029998779296875,17024400
2018-02-28,58.40999984741211,59.81999969482422,58.31999969482422,59.470001220703125,17869100
2018-03-01,57.310001373291016,58.939998626708984,57.060001373291016,58.25,28491000
2018-03-02,57.40999984741211,57.619998931884766,56.41999816894531,56.91999816894531,22428500
2018-03-05,57.59000015258789,57.970001220703125,56.59000015258789,56.810001373291016,20560900
2018-03-06,57.06999969482422,57.869998931884766,56.63999938964844,57.709999084472656,23975900
2018-03-07,56.599998474121094,56.7400016784668,56.0099983215332,56.400001525878906,24788700
2018-03-08,56.720001220703125,57.02000045776367,56.22999954223633,56.75,16828400
2018-03-09,58.22999954223633,58.27000045776367,57.0,57.15999984741211,19051500
2018-03-12,58.02000045776367,58.560001373291016,57.959999084472656,58.27000045776367,12414800
2018-03-13,57.560001373291016,58.41999816894531,57.41999816894531,58.38999938964844,13810600
2018-03-14,56.630001068115234,57.900001525878906,56.45000076293945,57.86000061035156,12212900
2018-03-15,56.83000183105469,57.119998931884766,56.2400016784668,56.77000045776367,13277700
2018-03-16,55.900001525878906,57.16999816894531,55.869998931884766,56.9900016784668,37095000
2018-03-19,55.47999954223633,55.9900016784668,54.970001220703125,55.880001068115234,17982200
2018-03-20,54.900001525878906,55.88999938964844,54.65999984741211,55.77000045776367,26874600
2018-03-21,54.790000915527344,55.58000183105469,54.540000915527344,55.02000045776367,18997300
2018-03-22,52.529998779296875,54.279998779296875,52.18000030517578,54.209999084472656,32656300
2018-03-23,50.97999954223633,52.75,50.939998626708984,52.720001220703125,30975800
2018-03-26,52.290000915527344,52.54999923706055,51.52000045776367,51.95000076293945,26718000
2018-03-27,51.099998474121094,52.79999923706055,50.689998626708984,52.400001525878906,23669300
2018-03-28,51.47999954223633,51.93000030517578,50.95000076293945,51.15999984741211,23342500
2018-03-29,52.40999984741211,52.75,51.720001220703125,52.060001373291016,17706800
2018-04-02,51.349998474121094,52.400001525878906,50.41999816894531,52.369998931884766,23359800
2018-04-03,52.08000183105469,52.189998626708984,51.060001373291016,51.720001220703125,16646400
2018-04-04,52.90999984741211,53.040000915527344,51.0099983215332,51.130001068115234,15952700
2018-04-05,53.2599983215332,53.959999084472656,53.04999923706055,53.34000015258789,16488800
2018-04-06,52.22999954223633,52.91999816894531,51.959999084472656,52.650001525878906,22943800
2018-04-09,52.25,53.33000183105469,52.15999984741211,52.5,17032000
2018-04-10,52.619998931884766,53.060001373291016,52.119998931884766,52.9900016784668,14594700
2018-04-11,51.93000030517578,52.470001220703125,51.720001220703125,52.31999969482422,14673200
2018-04-12,52.70000076293945,53.27000045776367,52.029998779296875,52.15999984741211,19967800
2018-04-13,50.88999938964844,52.29999923706055,50.810001373291016,52.0099983215332,32054900
2018-04-16,50.79999923706055,51.34000015258789,50.310001373291016,50.59000015258789,31879100
2018-04-17,50.56999969482422,51.15999984741211,50.4900016784668,50.95000076293945,25507100
2018-04-18,50.38999938964844,50.970001220703125,50.2599983215332,50.779998779296875,21055700
2018-04-19,51.540000915527344,51.61000061035156,50.4900016784668,50.5099983215332,23678400
2018-04-20,52.560001373291016,52.81999969482422,51.81999969482422,51.93000030517578,31149300
2018-04-23,52.61000061035156,52.84000015258789,52.18000030517578,52.54999923706055,17723900
2018-04-24,52.5099983215332,53.75,52.18000030517578,52.95000076293945,23052100
2018-04-25,53.11000061035156,53.4900016784668,51.93000030517578,52.439998626708984,20978500
2018-04-26,52.439998626708984,53.11000061035156,52.2599983215332,52.9900016784668,17025800
2018-04-27,52.36000061035156,52.939998626708984,52.209999084472656,52.279998779296875,12304300
2018-04-30,51.959999084472656,53.04999923706055,51.959999084472656,52.560001373291016,17050500
2018-05-01,52.560001373291016,52.599998474121094,51.599998474121094,51.7599983215332,13903800
2018-05-02,52.189998626708984,52.869998931884766,52.060001373291016,52.380001068115234,16397200
2018-05-03,51.540000915527344,51.790000915527344,50.810001373291016,51.619998931884766,19216100
2018-05-04,52.40999984741211,52.900001525878906,51.06999969482422,51.16999816894531,16660500
2018-05-07,52.65999984741211,52.9900016784668,52.380001068115234,52.970001220703125,16259100
2018-05-08,53.189998626708984,53.709999084472656,52.630001068115234,52.720001220703125,20786200
2018-05-09,53.7599983215332,53.97999954223633,53.349998474121094,53.45000076293945,16286700
2018-05-10,54.650001525878906,54.72999954223633,53.630001068115234,54.130001068115234,20699000
2018-05-11,54.45000076293945,54.93000030517578,54.27000045776367,54.689998626708984,14424000
2018-05-14,54.47999954223633,54.81999969482422,54.33000183105469,54.779998779296875,12809100
2018-05-15,54.75,55.279998779296875,54.380001068115234,54.43000030517578,14991100
2018-05-16,55.040000915527344,55.31999969482422,54.560001373291016,54.70000076293945,16450200
2018-05-17,54.220001220703125,54.66999816894531,54.029998779296875,54.400001525878906,21622400
2018-05-18,53.70000076293945,54.41999816894531,53.689998626708984,54.150001525878906,21492700
2018-05-21,54.540000915527344,54.630001068115234,54.06999969482422,54.08000183105469,11491400
2018-05-22,55.2599983215332,55.650001525878906,54.439998626708984,54.630001068115234,17398200
2018-05-23,56.18000030517578,56.18000030517578,54.630001068115234,55.029998779296875,23566100
2018-05-24,54.66999816894531,55.900001525878906,54.439998626708984,55.869998931884766,24673400
2018-05-25,54.900001525878906,54.9900016784668,54.529998779296875,54.599998474121094,17741900
2018-05-29,52.95000076293945,54.2599983215332,52.63999938964844,54.040000915527344,31604000
2018-05-30,54.22999954223633,54.439998626708984,53.380001068115234,53.65999984741211,16416200
2018-05-31,53.9900016784668,54.380001068115234,53.79999923706055,54.209999084472656,17515900
2018-06-01,54.689998626708984,55.02000045776367,54.279998779296875,54.560001373291016,14100200
2018-06-04,54.83000183105469,55.16999816894531,54.599998474121094,54.790000915527344,10593700
2018-06-05,54.5,54.93000030517578,54.290000915527344,54.61000061035156,11883900
2018-06-06,55.58000183105469,55.630001068115234,54.65999984741211,54.720001220703125,15848200
2018-06-07,55.630001068115234,55.9900016784668,55.25,55.77000045776367,17299600
2018-06-08,55.68000030517578,55.77000045776367,54.97999954223633,55.560001373291016,12965900
2018-06-11,55.5099983215332,56.11000061035156,55.5,55.790000915527344,13518400
2018-06-12,55.380001068115234,55.95000076293945,55.09000015258789,55.63999938964844,13608300
2018-06-13,55.15999984741211,55.93000030517578,55.13999938964844,55.38999938964844,14901100
2018-06-14,54.7400016784668,55.349998474121094,54.47999954223633,55.33000183105469,18189100
2018-06-15,54.97999954223633,55.369998931884766,54.380001068115234,54.54999923706055,35715800
2018-06-18,55.08000183105469,55.22999954223633,54.43000030517578,54.5099983215332,17856700
2018-06-19,55.08000183105469,55.22999954223633,54.599998474121094,54.68000030517578,16654800
2018-06-20,54.47999954223633,55.59000015258789,54.439998626708984,55.459999084472656,16545600
2018-06-21,54.369998931884766,54.7599983215332,53.880001068115234,54.25,21191600
2018-06-22,53.939998626708984,55.04999923706055,53.779998779296875,54.959999084472656,24015000
2018-06-25,53.959999084472656,54.13999938964844,53.099998474121094,53.779998779296875,21069600
2018-06-26,53.43000030517578,53.939998626708984,53.02000045776367,53.900001525878906,14409100
2018-06-27,53.279998779296875,53.939998626708984,53.060001373291016,53.2400016784668,19520900
2018-06-28,53.630001068115234,53.86000061035156,53.02000045776367,53.54999923706055,13837300
2018-06-29,55.439998626708984,57.119998931884766,55.40999984741211,55.619998931884766,43888500
2018-07-02,56.31999969482422,56.380001068115234,55.06999969482422,55.20000076293945,21204900
2018-07-03,55.560001373291016,56.630001068115234,55.43000030517578,56.43000030517578,12830400
2018-07-05,55.2400016784668,56.08000183105469,55.04999923706055,55.91999816894531,16788600
2018-07-06,55.88999938964844,56.130001068115234,55.029998779296875,55.29999923706055,12389100
2018-07-09,56.77000045776367,56.970001220703125,56.0099983215332,56.189998626708984,16684000
2018-07-10,56.619998931884766,57.08000183105469,56.34000015258789,57.060001373291016,15581400
2018-07-11,56.06999969482422,56.75,55.97999954223633,56.400001525878906,15641400
2018-07-12,56.029998779296875,56.47999954223633,55.599998474121094,56.459999084472656,18236100
2018-07-13,55.36000061035156,55.790000915527344,53.630001068115234,54.7400016784668,34323400
2018-07-16,56.9900016784668,57.22999954223633,55.630001068115234,55.7400016784668,25538700
2018-07-17,56.560001373291016,57.029998779296875,56.43000030517578,56.95000076293945,21649000
2018-07-18,56.56999969482422,56.81999969482422,56.13999938964844,56.2599983215332,19913900
2018-07-19,56.33000183105469,56.880001068115234,56.02000045776367,56.2599983215332,22219400
2018-07-20,56.40999984741211,56.65999984741211,55.849998474121094,56.06999969482422,17250400
2018-07-23,58.0,58.09000015258789,56.29999923706055,56.38999938964844,24584100
2018-07-24,58.349998474121094,58.689998626708984,57.849998474121094,58.0,27245000
2018-07-25,58.22999954223633,58.5,57.849998474121094,58.099998474121094,15531100
2018-07-26,58.310001373291016,58.72999954223633,58.20000076293945,58.470001220703125,14165300
2018-07-27,58.630001068115234,58.900001525878906,58.15999984741211,58.380001068115234,17662900
2018-07-30,58.4900016784668,59.27000045776367,58.29999923706055,58.83000183105469,22699900
2018-07-31,57.290000915527344,58.709999084472656,57.20000076293945,58.61000061035156,21633800
2018-08-01,57.650001525878906,58.279998779296875,57.209999084472656,57.959999084472656,19192700
2018-08-02,58.290000915527344,58.45000076293945,57.08000183105469,57.08000183105469,13489100
2018-08-03,58.83000183105469,58.93000030517578,58.029998779296875,58.060001373291016,13720400
2018-08-06,58.88999938964844,59.029998779296875,58.189998626708984,58.58000183105469,13360500
2018-08-07,58.81999969482422,59.15999984741211,58.70000076293945,58.939998626708984,13810900
2018-08-08,59.189998626708984,59.5,58.7599983215332,58.7599983215332,13778600
2018-08-09,58.439998626708984,58.900001525878906,58.400001525878906,58.650001525878906,15859500
2018-08-10,58.04999923706055,58.41999816894531,57.380001068115234,57.380001068115234,16170100
2018-08-13,57.61000061035156,58.11000061035156,57.560001373291016,57.65999984741211,19541100
2018-08-14,58.06999969482422,58.2599983215332,57.66999816894531,57.66999816894531,14860400
2018-08-15,57.9900016784668,58.25,57.650001525878906,57.68000030517578,17378400
2018-08-16,58.65999984741211,58.810001373291016,58.04999923706055,58.13999938964844,19992500
2018-08-17,58.86000061035156,59.040000915527344,58.5099983215332,58.5099983215332,13737600
2018-08-20,59.029998779296875,59.209999084472656,58.66999816894531,58.810001373291016,11403400
2018-08-21,58.959999084472656,59.529998779296875,58.939998626708984,59.0,17943500
2018-08-22,59.16999816894531,59.5,58.83000183105469,59.040000915527344,20829600
2018-08-23,58.619998931884766,59.04999923706055,58.56999969482422,59.0,19655600
2018-08-24,58.689998626708984,58.91999816894531,58.66999816894531,58.900001525878906,14366600
2018-08-27,59.099998474121094,59.47999954223633,58.7599983215332,58.869998931884766,19915200
2018-08-28,59.06999969482422,59.33000183105469,58.9900016784668,59.189998626708984,19330200
2018-08-29,58.959999084472656,59.18000030517578,58.81999969482422,59.04999923706055,14436600
2018-08-30,58.459999084472656,59.08000183105469,58.43000030517578,58.66999816894531,14800900
2018-08-31,58.47999954223633,58.540000915527344,58.06999969482422,58.27000045776367,16720200
2018-09-04,58.79999923706055,58.95000076293945,58.06999969482422,58.45000076293945,19003700
2018-09-05,58.95000076293945,59.20000076293945,58.810001373291016,58.880001068115234,22332300
2018-09-06,57.93000030517578,59.15999984741211,57.93000030517578,58.90999984741211,20756900
2018-09-07,57.400001525878906,58.06999969482422,57.349998474121094,57.91999816894531,21482400
2018-09-10,57.459999084472656,57.84000015258789,57.310001373291016,57.619998931884766,15623000
2018-09-11,57.380001068115234,57.560001373291016,57.31999969482422,57.400001525878906,22160300
2018-09-12,55.939998626708984,57.38999938964844,55.79999923706055,57.33000183105469,23868800
2018-09-13,55.0,56.25,54.9900016784668,56.0099983215332,26954800
2018-09-14,54.72999954223633,55.560001373291016,54.70000076293945,55.189998626708984,20997600
2018-09-17,54.310001373291016,54.7599983215332,53.939998626708984,54.75,21959500
2018-09-18,54.5,54.70000076293945,54.040000915527344,54.25,22055200
2018-09-19,55.220001220703125,55.45000076293945,54.279998779296875,54.4900016784668,17046200
2018-09-20,55.54999923706055,55.810001373291016,54.9900016784668,55.630001068115234,20308000
2018-09-21,54.9900016784668,55.810001373291016,54.91999816894531,55.75,36158500
2018-09-24,54.2599983215332,55.15999984741211,54.2400016784668,54.79999923706055,19604700
2018-09-25,54.22999954223633,54.689998626708984,54.20000076293945,54.29999923706055,15207400
2018-09-26,53.15999984741211,54.45000076293945,53.02000045776367,54.380001068115234,22025100
2018-09-27,52.81999969482422,53.599998474121094,52.7599983215332,53.279998779296875,19991000
2018-09-28,52.560001373291016,52.97999954223633,52.40999984741211,52.689998626708984,18588600
2018-10-01,52.25,52.79999923706055,52.15999984741211,52.7400016784668,17209000
2018-10-02,52.130001068115234,52.349998474121094,51.880001068115234,52.2400016784668,17509600
2018-10-03,52.650001525878906,52.91999816894531,52.33000183105469,52.5,18444900
2018-10-04,53.5099983215332,53.86000061035156,52.72999954223633,52.72999954223633,21417500
2018-10-05,53.189998626708984,53.86000061035156,52.97999954223633,53.70000076293945,14793000
2018-10-08,53.66999816894531,53.959999084472656,52.97999954223633,52.97999954223633,12858200
2018-10-09,53.529998779296875,53.970001220703125,52.97999954223633,53.380001068115234,15918300
2018-10-10,52.43000030517578,54.06999969482422,52.40999984741211,53.70000076293945,21875900
2018-10-11,51.439998626708984,52.84000015258789,51.0099983215332,52.380001068115234,33147900
2018-10-12,52.11000061035156,53.33000183105469,50.869998931884766,52.099998474121094,32067300
2018-10-15,53.2400016784668,53.9900016784668,52.5099983215332,52.5099983215332,34118900
2018-10-16,53.72999954223633,53.790000915527344,52.529998779296875,53.310001373291016,28227200
2018-10-17,54.459999084472656,55.0099983215332,53.189998626708984,53.560001373291016,23524200
2018-10-18,53.099998474121094,54.400001525878906,52.7599983215332,54.16999816894531,22533300
2018-10-19,52.88999938964844,53.630001068115234,52.86000061035156,53.08000183105469,19521000
2018-10-22,51.650001525878906,53.16999816894531,51.560001373291016,53.06999969482422,17621500
2018-10-23,51.560001373291016,51.95000076293945,50.470001220703125,50.84000015258789,25529800
2018-10-24,50.189998626708984,51.4900016784668,50.02000045776367,51.310001373291016,31161500
2018-10-25,51.86000061035156,52.61000061035156,50.41999816894531,50.529998779296875,29366100
2018-10-26,51.25,51.93000030517578,50.790000915527344,51.31999969482422,30053800
2018-10-29,52.22999954223633,53.150001525878906,51.59000015258789,51.880001068115234,30541300
2018-10-30,52.689998626708984,52.90999984741211,51.869998931884766,52.45000076293945,24910900
2018-10-31,53.22999954223633,54.029998779296875,53.029998779296875,53.040000915527344,23667400
2018-11-01,53.560001373291016,53.959999084472656,53.150001525878906,53.43000030517578,17654800
2018-11-02,53.61000061035156,54.630001068115234,53.11000061035156,54.209999084472656,18285600
2018-11-05,53.65999984741211,54.29999923706055,51.15999984741211,53.72999954223633,18990000
2018-11-06,53.54999923706055,53.709999084472656,52.959999084472656,53.36000061035156,20696800
2018-11-07,53.58000183105469,54.18000030517578,52.790000915527344,53.81999969482422,20668500
2018-11-08,53.15999984741211,53.599998474121094,52.86000061035156,52.900001525878906,22429200
2018-11-09,53.040000915527344,53.38999938964844,52.72999954223633,53.09000015258789,18972200
2018-11-12,52.349998474121094,53.58000183105469,52.279998779296875,53.130001068115234,19003300
2018-11-13,52.7400016784668,53.33000183105469,52.619998931884766,52.619998931884766,28102000
2018-11-14,52.150001525878906,53.290000915527344,51.4900016784668,53.13999938964844,24788400
2018-11-15,52.81999969482422,52.90999984741211,51.279998779296875,51.540000915527344,23220100
2018-11-16,52.939998626708984,53.18000030517578,52.47999954223633,52.650001525878906,18872500
2018-11-19,53.31999969482422,53.47999954223633,52.599998474121094,52.970001220703125,20215500
2018-11-20,52.540000915527344,53.2400016784668,52.36000061035156,53.04999923706055,22999200
2018-11-21,52.43000030517578,53.20000076293945,52.27000045776367,52.619998931884766,16946300
2018-11-23,51.83000183105469,52.290000915527344,51.61000061035156,51.970001220703125,11139400
2018-11-26,52.880001068115234,53.18000030517578,52.33000183105469,52.33000183105469,20581700
2018-11-27,53.189998626708984,53.31999969482422,52.45000076293945,52.689998626708984,18044600
2018-11-28,54.349998474121094,54.36000061035156,52.58000183105469,53.150001525878906,23713300
2018-11-29,54.040000915527344,54.41999816894531,53.790000915527344,53.970001220703125,14978400
2018-11-30,54.279998779296875,54.54999923706055,53.869998931884766,54.08000183105469,18939000
2018-12-03,54.2400016784668,55.040000915527344,53.599998474121094,54.779998779296875,21261700
2018-12-04,51.779998779296875,53.9900016784668,51.5099983215332,53.95000076293945,33280500
2018-12-06,51.09000015258789,51.13999938964844,50.02000045776367,50.650001525878906,40310200
2018-12-07,50.2599983215332,51.45000076293945,50.04999923706055,50.88999938964844,28510500
2018-12-10,48.79999923706055,50.06999969482422,48.29999923706055,50.06999969482422,34524600
2018-12-11,47.7599983215332,49.59000015258789,47.54999923706055,49.40999984741211,32388600
2018-12-12,47.7400016784668,48.29999923706055,46.849998474121094,48.290000915527344,42820000
2018-12-13,47.029998779296875,48.119998931884766,46.93000030517578,47.970001220703125,35227100
2018-12-14,46.540000915527344,47.4900016784668,46.380001068115234,46.54999923706055,25913000
2018-12-17,46.61000061035156,47.310001373291016,46.119998931884766,46.220001220703125,29443300
2018-12-18,46.52000045776367,47.52000045776367,46.31999969482422,46.939998626708984,26740000
2018-12-19,45.66999816894531,47.43000030517578,45.29999923706055,46.38999938964844,34287600
2018-12-20,46.040000915527344,46.77000045776367,45.33000183105469,45.400001525878906,43969900
2018-12-21,45.119998931884766,46.529998779296875,44.93000030517578,45.59000015258789,55577900
2018-12-24,43.599998474121094,45.099998474121094,43.599998474121094,44.470001220703125,18049900
2018-12-26,45.59000015258789,45.59000015258789,43.02000045776367,43.84000015258789,27770000
2018-12-27,45.529998779296875,45.529998779296875,43.849998474121094,44.720001220703125,27005300
2018-12-28,45.779998779296875,46.43000030517578,45.529998779296875,45.68000030517578,23635000
2018-12-31,46.08000183105469,46.47999954223633,45.56999969482422,45.97999954223633,16544500
2019-01-02,46.939998626708984,46.95000076293945,45.40999984741211,45.529998779296875,20295200
2019-01-03,46.56999969482422,47.349998474121094,46.369998931884766,46.650001525878906,22262000
2019-01-04,47.95000076293945,48.11000061035156,47.20000076293945,47.41999816894531,23343600
2019-01-07,47.63999938964844,48.22999954223633,47.540000915527344,47.779998779296875,21858000
2019-01-08,47.540000915527344,48.15999984741211,46.91999816894531,47.900001525878906,19702900
2019-01-09,47.79999923706055,47.97999954223633,47.08000183105469,47.5099983215332,18837700
2019-01-10,47.75,48.04999923706055,47.310001373291016,47.5,16208400
2019-01-11,47.869998931884766,48.09000015258789,47.18000030517578,47.5,20006900
2019-01-14,48.41999816894531,48.4900016784668,47.400001525878906,47.5099983215332,23827600
2019-01-15,47.66999816894531,48.25,47.0099983215332,47.599998474121094,27447600
2019-01-16,48.939998626708984,49.34000015258789,47.9900016784668,48.150001525878906,32026400
2019-01-17,49.22999954223633,49.36000061035156,48.400001525878906,48.63999938964844,25738800
2019-01-18,50.0099983215332,50.15999984741211,48.86000061035156,49.099998474121094,36380300
2019-01-22,49.86000061035156,50.099998474121094,49.630001068115234,49.77000045776367,33975200
2019-01-23,50.119998931884766,50.31999969482422,49.5,50.0,16806700
2019-01-24,49.97999954223633,50.34000015258789,49.650001525878906,49.790000915527344,17862100
2019-01-25,50.130001068115234,50.540000915527344,49.959999084472656,50.400001525878906,20183400
2019-01-28,49.81999969482422,49.900001525878906,49.20000076293945,49.77000045776367,19913100
2019-01-29,49.849998474121094,50.11000061035156,49.720001220703125,49.779998779296875,11927600
2019-01-30,50.09000015258789,50.349998474121094,49.59000015258789,49.84000015258789,16885100
2019-01-31,48.90999984741211,49.41999816894531,48.65999984741211,49.279998779296875,24934700
2019-02-01,48.90999984741211,49.08000183105469,48.790000915527344,49.0,21123500
2019-02-04,49.060001373291016,49.150001525878906,48.709999084472656,48.849998474121094,17547800
2019-02-05,49.27000045776367,49.31999969482422,48.75,49.27000045776367,14784900
2019-02-06,49.220001220703125,49.529998779296875,49.06999969482422,49.09000015258789,12145700
2019-02-07,48.08000183105469,49.29999923706055,47.709999084472656,49.09000015258789,24189700
2019-02-08,47.650001525878906,48.040000915527344,47.060001373291016,47.939998626708984,20641200
2019-02-11,47.650001525878906,47.959999084472656,47.380001068115234,47.869998931884766,15995900
2019-02-12,49.04999923706055,49.459999084472656,48.0099983215332,48.0099983215332,22033000
2019-02-13,49.02000045776367,49.709999084472656,48.88999938964844,49.2400016784668,13770900
2019-02-14,48.52000045776367,48.90999984741211,48.029998779296875,48.630001068115234,16456500
2019-02-15,49.220001220703125,49.41999816894531,48.4900016784668,49.09000015258789,19346200
2019-02-19,49.380001068115234,49.619998931884766,48.81999969482422,49.029998779296875,15121700
2019-02-20,49.810001373291016,49.880001068115234,49.29999923706055,49.43000030517578,16742600
2019-02-21,49.560001373291016,49.88999938964844,49.369998931884766,49.7599983215332,16938800
2019-02-22,49.02000045776367,49.75,48.95000076293945,49.599998474121094,15848200
2019-02-25,49.65999984741211,50.22999954223633,49.25,49.2599983215332,16564100
2019-02-26,49.59000015258789,50.13999938964844,49.34000015258789,49.4900016784668,16997800
2019-02-27,49.900001525878906,50.029998779296875,49.36000061035156,49.59000015258789,17455000
2019-02-28,49.88999938964844,50.130001068115234,49.72999954223633,49.97999954223633,17786600
2019-03-01,50.029998779296875,50.84000015258789,49.869998931884766,50.22999954223633,19051400
2019-03-04,50.11000061035156,50.900001525878906,49.689998626708984,50.290000915527344,16697000
2019-03-05,49.88999938964844,50.04999923706055,49.33000183105469,50.029998779296875,14235400
2019-03-06,49.81999969482422,50.220001220703125,49.68000030517578,49.970001220703125,14211000
2019-03-07,49.68000030517578,49.849998474121094,49.290000915527344,49.709999084472656,19047300
2019-03-08,49.79999923706055,49.900001525878906,49.16999816894531,49.2599983215332,17400000
2019-03-11,49.7599983215332,50.099998474121094,49.630001068115234,50.0,19471500
2019-03-12,49.650001525878906,50.04999923706055,49.540000915527344,49.779998779296875,18299300
2019-03-13,49.91999816894531,50.08000183105469,49.61000061035156,49.869998931884766,21647300
2019-03-14,50.349998474121094,50.790000915527344,49.93000030517578,50.06999969482422,20160700
2019-03-15,50.65999984741211,50.79999923706055,50.0,50.220001220703125,46117300
2019-03-18,51.72999954223633,52.06999969482422,50.83000183105469,50.84000015258789,23843300
2019-03-19,51.40999984741211,52.41999816894531,51.34000015258789,52.41999816894531,19911900
2019-03-20,50.400001525878906,51.56999969482422,50.33000183105469,51.189998626708984,20632400
2019-03-21,49.86000061035156,50.13999938964844,49.16999816894531,49.97999954223633,24132800
2019-03-22,48.310001373291016,49.470001220703125,48.0,49.25,27975800
2019-03-25,48.08000183105469,48.88999938964844,47.849998474121094,48.41999816894531,17227600
2019-03-26,49.0099983215332,49.040000915527344,48.40999984741211,48.52000045776367,16989600
2019-03-27,48.77000045776367,49.189998626708984,48.45000076293945,48.939998626708984,16912000
2019-03-28,49.09000015258789,49.220001220703125,48.349998474121094,48.72999954223633,15881600
2019-03-29,48.31999969482422,49.79999923706055,47.79999923706055,49.79999923706055,53590800
2019-04-01,48.810001373291016,48.900001525878906,48.16999816894531,48.43000030517578,42015500
2019-04-02,48.209999084472656,48.880001068115234,47.959999084472656,48.56999969482422,35393600
2019-04-03,48.86000061035156,48.869998931884766,48.08000183105469,48.470001220703125,30366300
2019-04-04,49.16999816894531,49.68000030517578,48.880001068115234,48.95000076293945,19260100
2019-04-05,48.779998779296875,49.40999984741211,48.599998474121094,49.2599983215332,23734900
2019-04-08,48.880001068115234,49.099998474121094,48.58000183105469,48.63999938964844,18875200
2019-04-09,48.13999938964844,48.70000076293945,48.02000045776367,48.68000030517578,22903500
2019-04-10,47.790000915527344,48.189998626708984,47.400001525878906,48.08000183105469,30977800
2019-04-11,47.7400016784668,48.2599983215332,47.380001068115234,47.970001220703125,33662700
2019-04-12,46.4900016784668,48.81999969482422,46.060001373291016,47.75,70271400
2019-04-15,46.77000045776367,47.060001373291016,45.65999984741211,45.869998931884766,34954000
2019-04-16,47.650001525878906,47.869998931884766,46.869998931884766,46.880001068115234,25217100
2019-04-17,47.54999923706055,47.959999084472656,46.91999816894531,47.959999084472656,25144000
2019-04-18,47.58000183105469,47.869998931884766,47.119998931884766,47.439998626708984,22416800
2019-04-22,47.2599983215332,47.5,47.099998474121094,47.40999984741211,15972600
2019-04-23,47.349998474121094,47.439998626708984,46.95000076293945,47.20000076293945,16434300
2019-04-24,47.47999954223633,47.689998626708984,47.029998779296875,47.060001373291016,17831800
2019-04-25,47.5099983215332,47.959999084472656,46.90999984741211,47.16999816894531,23042800
2019-04-26,47.959999084472656,47.97999954223633,47.400001525878906,47.52000045776367,13035500
2019-04-29,48.27000045776367,48.790000915527344,47.959999084472656,47.970001220703125,16918700
2019-04-30,48.40999984741211,48.560001373291016,48.11000061035156,48.349998474121094,18525100
2019-05-01,48.22999954223633,48.849998474121094,47.9900016784668,48.31999969482422,17542100
2019-05-02,48.29999923706055,48.4900016784668,47.849998474121094,48.349998474121094,16883000
2019-05-03,48.650001525878906,48.77000045776367,48.349998474121094,48.52000045776367,16571300
2019-05-06,48.43000030517578,48.72999954223633,47.880001068115234,47.9900016784668,19279900
2019-05-07,47.16999816894531,48.15999984741211,46.90999984741211,48.04999923706055,23919100
2019-05-08,47.0,47.310001373291016,46.810001373291016,47.060001373291016,19814400
2019-05-09,46.7400016784668,46.83000183105469,45.779998779296875,46.0,23246900
2019-05-10,47.150001525878906,47.369998931884766,46.11000061035156,46.40999984741211,19983400
2019-05-13,46.33000183105469,46.9900016784668,46.2599983215332,46.279998779296875,23304700
2019-05-14,46.4900016784668,46.93000030517578,45.97999954223633,46.380001068115234,21267600
2019-05-15,45.84000015258789,46.349998474121094,45.4900016784668,46.02000045776367,20123300
2019-05-16,45.900001525878906,46.529998779296875,45.7599983215332,45.9900016784668,20764100
2019-05-17,45.70000076293945,46.22999954223633,45.40999984741211,45.439998626708984,22273500
2019-05-20,45.45000076293945,45.90999984741211,45.29999923706055,45.619998931884766,18854000
2019-05-21,46.33000183105469,46.36000061035156,45.52000045776367,45.619998931884766,18416300
2019-05-22,46.099998474121094,46.310001373291016,45.959999084472656,46.06999969482422,13155000
2019-05-23,45.560001373291016,45.86000061035156,45.06999969482422,45.83000183105469,17643700
2019-05-24,46.16999816894531,46.349998474121094,45.59000015258789,45.7599983215332,13425500
2019-05-28,45.59000015258789,46.25,45.58000183105469,46.06999969482422,19984600
2019-05-29,45.47999954223633,45.68000030517578,45.130001068115234,45.38999938964844,16058800
2019-05-30,45.04999923706055,45.849998474121094,44.880001068115234,45.689998626708984,13775900
2019-05-31,44.369998931884766,44.86000061035156,44.220001220703125,44.529998779296875,17540500
2019-06-03,44.52000045776367,45.11000061035156,44.20000076293945,44.2400016784668,20172500
2019-06-04,45.68000030517578,45.7599983215332,45.0099983215332,45.15999984741211,21082000
2019-06-05,45.86000061035156,45.900001525878906,45.29999923706055,45.869998931884766,13705400
2019-06-06,45.91999816894531,46.189998626708984,45.45000076293945,45.7400016784668,16020500
2019-06-07,45.630001068115234,46.15999984741211,45.54999923706055,45.900001525878906,14979900
2019-06-10,46.27000045776367,46.810001373291016,46.060001373291016,46.060001373291016,15242700
2019-06-11,46.2599983215332,46.459999084472656,45.77000045776367,45.84000015258789,15078300
2019-06-12,44.90999984741211,46.27000045776367,44.779998779296875,46.0099983215332,22470400
2019-06-13,45.290000915527344,45.630001068115234,44.91999816894531,45.099998474121094,15629400
2019-06-14,45.59000015258789,45.790000915527344,44.84000015258789,45.310001373291016,16147500
2019-06-17,45.27000045776367,46.02000045776367,45.13999938964844,45.58000183105469,13420400
2019-06-18,46.099998474121094,46.38999938964844,45.060001373291016,45.25,18611100
2019-06-19,45.650001525878906,46.75,45.630001068115234,46.47999954223633,17787600
2019-06-20,45.86000061035156,45.9900016784668,45.2400016784668,45.849998474121094,19205200
2019-06-21,46.88999938964844,46.88999938964844,45.790000915527344,45.84000015258789,39186200
2019-06-24,46.27000045776367,46.689998626708984,46.22999954223633,46.54999923706055,21854400
2019-06-25,46.13999938964844,46.529998779296875,45.43000030517578,46.130001068115234,20814000
2019-06-26,45.79999923706055,46.279998779296875,45.779998779296875,46.209999084472656,17106800
2019-06-27,46.290000915527344,46.529998779296875,46.11000061035156,46.220001220703125,13391600
2019-06-28,47.31999969482422,47.70000076293945,46.79999923706055,46.810001373291016,31030900
2019-07-01,47.689998626708984,48.119998931884766,47.400001525878906,47.880001068115234,15089100
2019-07-02,47.22999954223633,47.79999923706055,46.91999816894531,47.52000045776367,12107200
2019-07-03,47.65999984741211,47.790000915527344,46.97999954223633,47.29999923706055,10438400
2019-07-05,47.77000045776367,48.189998626708984,47.66999816894531,48.099998474121094,10801600
2019-07-08,47.529998779296875,47.9900016784668,47.310001373291016,47.400001525878906,13189300
2019-07-09,47.83000183105469,47.88999938964844,47.209999084472656,47.29999923706055,12595000
2019-07-10,47.150001525878906,47.810001373291016,47.040000915527344,47.66999816894531,12784900
2019-07-11,47.13999938964844,47.58000183105469,47.060001373291016,47.209999084472656,19751400
2019-07-12,47.36000061035156,47.41999816894531,46.91999816894531,47.119998931884766,12792600
2019-07-15,46.709999084472656,47.45000076293945,46.439998626708984,47.400001525878906,21338400
2019-07-16,45.29999923706055,46.970001220703125,45.220001220703125,46.720001220703125,37548300
2019-07-17,45.209999084472656,45.75,45.13999938964844,45.20000076293945,24502100
2019-07-18,45.81999969482422,46.02000045776367,45.189998626708984,45.220001220703125,19409100
2019-07-19,46.029998779296875,46.40999984741211,45.86000061035156,45.959999084472656,21847900
2019-07-22,46.47999954223633,46.54999923706055,45.77000045776367,45.88999938964844,17972100
2019-07-23,47.20000076293945,47.59000015258789,46.65999984741211,46.68000030517578,21150200
2019-07-24,48.45000076293945,48.470001220703125,47.279998779296875,47.29999923706055,29357200
2019-07-25,48.09000015258789,48.7400016784668,48.0099983215332,48.52000045776367,20562000
2019-07-26,49.29999923706055,49.310001373291016,48.06999969482422,48.150001525878906,21641500
2019-07-29,48.279998779296875,49.56999969482422,48.18000030517578,49.380001068115234,19148600
2019-07-30,48.54999923706055,48.59000015258789,47.88999938964844,48.0099983215332,14207000
2019-07-31,48.40999984741211,48.97999954223633,48.11000061035156,48.2599983215332,23422800
2019-08-01,47.060001373291016,48.63999938964844,46.95000076293945,48.40999984741211,22668600
2019-08-02,47.439998626708984,47.61000061035156,46.369998931884766,47.11000061035156,20159000
2019-08-05,46.13999938964844,46.79999923706055,45.849998474121094,46.5,27113500
2019-08-06,46.93000030517578,47.029998779296875,45.81999969482422,46.61000061035156,19446100
2019-08-07,45.810001373291016,46.150001525878906,45.22999954223633,46.06999969482422,27830000
2019-08-08,46.400001525878906,46.63999938964844,45.54999923706055,45.689998626708984,20671300
2019-08-09,46.29999923706055,46.65999984741211,45.75,46.02000045776367,19786100
2019-08-12,45.43000030517578,45.90999984741211,45.33000183105469,45.5099983215332,17364400
2019-08-13,45.959999084472656,46.41999816894531,45.2599983215332,45.61000061035156,16649100
2019-08-14,43.970001220703125,45.099998474121094,43.939998626708984,45.02000045776367,28786700
2019-08-15,43.380001068115234,44.5,43.34000015258789,44.29999923706055,27900000
2019-08-16,44.38999938964844,44.540000915527344,43.630001068115234,43.7400016784668,21196600
2019-08-19,45.25,45.470001220703125,44.93000030517578,45.130001068115234,15378100
2019-08-20,44.68000030517578,45.040000915527344,44.630001068115234,45.040000915527344,13345800
2019-08-21,45.0,45.279998779296875,44.810001373291016,44.959999084472656,13513700
2019-08-22,45.619998931884766,45.83000183105469,45.060001373291016,45.33000183105469,14703900
2019-08-23,44.41999816894531,45.650001525878906,44.09000015258789,45.20000076293945,21152500
2019-08-26,44.97999954223633,45.0,44.4900016784668,44.709999084472656,15973100
2019-08-27,44.75,45.33000183105469,44.43000030517578,45.22999954223633,15038200
2019-08-28,45.470001220703125,45.779998779296875,44.4900016784668,44.63999938964844,14740000
2019-08-29,46.189998626708984,46.4900016784668,45.779998779296875,46.0,16196600
2019-08-30,46.56999969482422,46.900001525878906,46.40999984741211,46.540000915527344,15250600
2019-09-03,46.09000015258789,46.34000015258789,45.47999954223633,46.310001373291016,17224200
2019-09-04,46.5,46.70000076293945,46.279998779296875,46.540000915527344,17123100
2019-09-05,47.619998931884766,48.16999816894531,47.29999923706055,47.310001373291016,19243400
2019-09-06,47.150001525878906,47.77000045776367,47.099998474121094,47.58000183105469,18846100
2019-09-09,48.40999984741211,48.63999938964844,46.88999938964844,47.31999969482422,27651400
2019-09-10,48.310001373291016,48.93000030517578,48.06999969482422,48.06999969482422,25822400
2019-09-11,48.849998474121094,48.97999954223633,47.790000915527344,48.290000915527344,19190000
2019-09-12,48.650001525878906,49.08000183105469,48.220001220703125,48.52000045776367,24305900
2019-09-13,48.91999816894531,49.36000061035156,48.65999984741211,49.0099983215332,25142400
2019-09-16,48.97999954223633,49.0,48.400001525878906,48.459999084472656,17759700
2019-09-17,48.7599983215332,48.86000061035156,48.310001373291016,48.70000076293945,18346100
2019-09-18,48.93000030517578,49.209999084472656,48.43000030517578,48.630001068115234,20511700
2019-09-19,48.90999984741211,49.310001373291016,48.869998931884766,48.9900016784668,16887500
2019-09-20,48.630001068115234,49.29999923706055,48.61000061035156,49.06999969482422,30229400
2019-09-23,48.959999084472656,49.09000015258789,48.310001373291016,48.31999969482422,20603400
2019-09-24,48.650001525878906,49.220001220703125,48.470001220703125,48.97999954223633,21629300
2019-09-25,49.2599983215332,49.540000915527344,48.650001525878906,48.72999954223633,21313100
2019-09-26,48.869998931884766,49.369998931884766,48.81999969482422,49.25,19984000
2019-09-27,50.709999084472656,51.40999984741211,50.25,50.400001525878906,59467400
2019-09-30,50.439998626708984,50.849998474121094,50.060001373291016,50.77000045776367,26897100
2019-10-01,49.060001373291016,50.779998779296875,49.0,50.650001525878906,27249300
2019-10-02,48.470001220703125,49.040000915527344,48.369998931884766,48.720001220703125,23515900
2019-10-03,48.47999954223633,48.5099983215332,47.31999969482422,48.29999923706055,20212200
2019-10-04,49.209999084472656,49.25,48.529998779296875,48.65999984741211,15779500
2019-10-07,48.810001373291016,49.290000915527344,48.75,48.95000076293945,15691900
2019-10-08,47.81999969482422,48.349998474121094,47.540000915527344,48.25,19734000
2019-10-09,48.150001525878906,48.41999816894531,48.08000183105469,48.16999816894531,13467800
2019-10-10,48.650001525878906,49.06999969482422,48.15999984741211,48.33000183105469,18267800
2019-10-11,49.209999084472656,49.91999816894531,49.150001525878906,49.459999084472656,23024600
2019-10-14,49.27000045776367,49.45000076293945,48.97999954223633,49.09000015258789,16870500
2019-10-15,50.11000061035156,51.25,48.779998779296875,49.279998779296875,38478400
2019-10-16,49.59000015258789,50.279998779296875,49.45000076293945,50.040000915527344,23728400
2019-10-17,49.61000061035156,50.16999816894531,49.47999954223633,49.97999954223633,20560100
2019-10-18,49.970001220703125,50.220001220703125,49.31999969482422,49.34000015258789,21199500
2019-10-21,50.459999084472656,50.5,50.18000030517578,50.279998779296875,19409100
2019-10-22,50.619998931884766,51.02000045776367,50.22999954223633,50.439998626708984,18526900
2019-10-23,50.93000030517578,50.970001220703125,50.56999969482422,50.720001220703125,14173700
2019-10-24,51.099998474121094,51.20000076293945,50.65999984741211,50.65999984741211,16695400
2019-10-25,51.56999969482422,51.72999954223633,51.0,51.08000183105469,17433300
2019-10-28,51.650001525878906,52.04999923706055,51.56999969482422,51.939998626708984,23914800
2019-10-29,52.16999816894531,52.36000061035156,51.5,51.5,21063000
2019-10-30,52.029998779296875,52.279998779296875,51.619998931884766,51.880001068115234,16155900
2019-10-31,51.630001068115234,52.029998779296875,51.150001525878906,51.77000045776367,18814700
2019-11-01,52.18000030517578,52.290000915527344,51.90999984741211,52.130001068115234,16359300
2019-11-04,52.720001220703125,52.79999923706055,52.2400016784668,52.58000183105469,17559900
2019-11-05,53.29999923706055,53.5,52.7400016784668,52.7400016784668,25965300
2019-11-06,53.79999923706055,53.84000015258789,53.16999816894531,53.290000915527344,22051100
2019-11-07,54.0,54.400001525878906,53.779998779296875,53.779998779296875,23452500
2019-11-08,54.099998474121094,54.22999954223633,53.560001373291016,53.83000183105469,14722100
2019-11-11,54.04999923706055,54.13999938964844,53.72999954223633,53.790000915527344,10659400
2019-11-12,54.220001220703125,54.2400016784668,53.619998931884766,53.75,15187600
2019-11-13,53.290000915527344,53.900001525878906,53.209999084472656,53.810001373291016,16846800
2019-11-14,53.4900016784668,53.560001373291016,53.099998474121094,53.220001220703125,16491400
2019-11-15,53.79999923706055,53.939998626708984,53.43000030517578,53.779998779296875,15225300
2019-11-18,54.0,54.11000061035156,53.650001525878906,53.84000015258789,14374600
2019-11-19,54.029998779296875,54.33000183105469,53.869998931884766,54.099998474121094,14434100
2019-11-20,53.540000915527344,53.86000061035156,53.25,53.72999954223633,14994700
2019-11-21,53.560001373291016,53.93000030517578,53.34000015258789,53.84000015258789,16186100
2019-11-22,54.279998779296875,54.349998474121094,53.810001373291016,53.900001525878906,13823400
2019-11-25,54.209999084472656,54.529998779296875,54.040000915527344,54.529998779296875,15561000
2019-11-26,53.810001373291016,54.119998931884766,53.72999954223633,54.11000061035156,18078900
2019-11-27,54.34000015258789,54.400001525878906,54.0099983215332,54.150001525878906,16352900
2019-11-29,54.459999084472656,54.75,54.06999969482422,54.06999969482422,10508600
2019-12-02,53.619998931884766,54.439998626708984,53.54999923706055,54.310001373291016,20252700
2019-12-03,52.58000183105469,53.04999923706055,52.16999816894531,53.0099983215332,25560700
2019-12-04,53.2400016784668,53.47999954223633,52.540000915527344,52.599998474121094,18867400
2019-12-05,53.22999954223633,53.529998779296875,53.099998474121094,53.40999984741211,13499700
2019-12-06,54.369998931884766,54.40999984741211,53.689998626708984,53.86000061035156,18325700
2019-12-09,53.91999816894531,54.54999923706055,53.90999984741211,54.16999816894531,15070800
2019-12-10,53.689998626708984,53.869998931884766,53.380001068115234,53.4900016784668,15959100
2019-12-11,53.16999816894531,53.97999954223633,53.06999969482422,53.7400016784668,16834200
2019-12-12,54.36000061035156,54.54999923706055,53.099998474121094,53.369998931884766,19119500
2019-12-13,53.790000915527344,54.41999816894531,53.43000030517578,54.04999923706055,19179300
2019-12-16,54.220001220703125,54.560001373291016,54.220001220703125,54.2400016784668,19793500
2019-12-17,54.34000015258789,54.5099983215332,53.9900016784668,54.11000061035156,16723400
2019-12-18,53.66999816894531,54.459999084472656,53.630001068115234,54.459999084472656,18857000
2019-12-19,53.630001068115234,53.83000183105469,53.41999816894531,53.7400016784668,18133300
2019-12-20,53.33000183105469,54.04999923706055,53.06999969482422,54.04999923706055,66318000
2019-12-23,53.810001373291016,54.0,53.25,53.34000015258789,17637700
2019-12-24,53.81999969482422,54.040000915527344,53.7400016784668,53.95000076293945,4635500
2019-12-26,54.150001525878906,54.38999938964844,53.95000076293945,54.04999923706055,12517100
2019-12-27,53.91999816894531,54.31999969482422,53.869998931884766,54.290000915527344,9892000
2019-12-30,53.599998474121094,54.2599983215332,53.5,54.16999816894531,10900500
2019-12-31,53.79999923706055,53.81999969482422,53.459999084472656,53.529998779296875,12566000
2020-01-02,53.75,54.040000915527344,53.5099983215332,53.849998474121094,16803100
2020-01-03,53.41999816894531,53.619998931884766,52.900001525878906,53.11000061035156,15608800
2020-01-06,53.099998474121094,53.20000076293945,52.720001220703125,52.7400016784668,13200300
2020-01-07,52.65999984741211,53.04999923706055,52.470001220703125,53.04999923706055,13278600
2020-01-08,52.81999969482422,53.33000183105469,52.79999923706055,52.84000015258789,16585600
2020-01-09,52.72999954223633,53.20000076293945,52.47999954223633,53.20000076293945,20817400
2020-01-10,52.5,52.900001525878906,52.47999954223633,52.790000915527344,13777600
2020-01-13,52.11000061035156,52.5,51.83000183105469,52.5,25197600
2020-01-14,49.29999923706055,50.7400016784668,49.25,50.22999954223633,56668300
2020-01-15,48.31999969482422,48.84000015258789,47.97999954223633,48.83000183105469,47148000
2020-01-16,49.25,49.31999969482422,47.84000015258789,48.459999084472656,37020200
2020-01-17,49.18000030517578,49.41999816894531,48.529998779296875,49.369998931884766,29669200
2020-01-21,48.939998626708984,49.880001068115234,48.79999923706055,49.09000015258789,30858300
2020-01-22,48.560001373291016,49.09000015258789,48.290000915527344,49.029998779296875,20367700
2020-01-23,48.220001220703125,48.45000076293945,47.97999954223633,48.38999938964844,17297900
2020-01-24,47.56999969482422,48.209999084472656,47.18000030517578,48.189998626708984,21239600
2020-01-27,47.099998474121094,47.41999816894531,46.7400016784668,46.88999938964844,18156200
2020-01-28,47.369998931884766,47.790000915527344,47.279998779296875,47.5099983215332,16673300
2020-01-29,47.27000045776367,47.900001525878906,47.2599983215332,47.41999816894531,16166300
2020-01-30,47.90999984741211,47.95000076293945,47.040000915527344,47.16999816894531,14760200
2020-01-31,46.939998626708984,47.45000076293945,46.75,47.41999816894531,23080400
2020-02-03,47.119998931884766,47.720001220703125,47.029998779296875,47.2400016784668,15471100
2020-02-04,47.2599983215332,47.84000015258789,47.25,47.70000076293945,14973300
2020-02-05,48.310001373291016,48.400001525878906,47.779998779296875,47.900001525878906,20141800
2020-02-06,47.97999954223633,48.5,47.849998474121094,48.439998626708984,18259200
2020-02-07,47.84000015258789,48.0,47.47999954223633,47.72999954223633,13174600
2020-02-10,47.77000045776367,47.86000061035156,47.41999816894531,47.66999816894531,18124800
2020-02-11,47.9900016784668,48.34000015258789,47.939998626708984,48.08000183105469,13686100
2020-02-12,47.790000915527344,48.4900016784668,47.7599983215332,48.220001220703125,16668100
2020-02-13,48.119998931884766,48.18000030517578,47.54999923706055,47.619998931884766,12530000
2020-02-14,48.220001220703125,48.31999969482422,47.75,48.13999938964844,15526400
2020-02-18,46.9900016784668,48.119998931884766,46.529998779296875,47.970001220703125,22423800
2020-02-19,47.09000015258789,47.349998474121094,46.97999954223633,47.25,15602500
2020-02-20,47.34000015258789,47.40999984741211,46.68000030517578,47.0,15965500
2020-02-21,47.70000076293945,47.849998474121094,47.099998474121094,47.47999954223633,21729100
2020-02-24,46.38999938964844,46.95000076293945,46.2599983215332,46.58000183105469,23075900
2020-02-25,45.119998931884766,46.66999816894531,44.959999084472656,46.290000915527344,31110100
2020-02-26,44.13999938964844,45.650001525878906,44.130001068115234,45.47999954223633,27372600
2020-02-27,42.470001220703125,44.31999969482422,42.43000030517578,43.31999969482422,41180000
2020-02-28,40.849998474121094,41.869998931884766,39.75,41.310001373291016,71703000
2020-03-02,42.2599983215332,42.279998779296875,39.459999084472656,40.97999954223633,44231200
2020-03-03,40.529998779296875,42.900001525878906,40.029998779296875,42.060001373291016,45091000
2020-03-04,41.400001525878906,41.43000030517578,39.959999084472656,41.0099983215332,33881500
2020-03-05,38.900001525878906,40.0099983215332,38.56999969482422,40.0,45037900
2020-03-06,37.09000015258789,37.68000030517578,36.33000183105469,37.0,56766500
2020-03-09,32.47999954223633,34.47999954223633,32.220001220703125,33.720001220703125,53277200
2020-03-10,35.08000183105469,35.08000183105469,32.279998779296875,34.630001068115234,40078700
2020-03-11,32.33000183105469,34.27000045776367,32.0099983215332,34.04999923706055,44769500
2020-03-12,27.200000762939453,30.860000610351562,27.1200008392334,29.809999465942383,68447600
2020-03-13,30.889999389648438,31.760000228881836,27.770000457763672,30.149999618530273,78365700
2020-03-16,26.5,29.229999542236328,26.299999237060547,26.34000015258789,57466700
2020-03-17,29.6299991607666,30.6200008392334,25.889999389648438,27.6299991607666,58112800
2020-03-18,28.1200008392334,28.889999389648438,26.899999618530273,27.700000762939453,51904100
2020-03-19,28.290000915527344,29.110000610351562,26.290000915527344,27.65999984741211,53123500
2020-03-20,26.5,28.75,26.18000030517578,28.68000030517578,73915800
2020-03-23,25.25,26.8700008392334,25.110000610351562,26.260000228881836,47064100
2020-03-24,28.920000076293945,29.170000076293945,26.329999923706055,26.959999084472656,48630300
2020-03-25,28.969999313354492,30.299999237060547,27.770000457763672,29.0,53341100
2020-03-26,30.899999618530273,31.389999389648438,29.079999923706055,29.329999923706055,45494700
2020-03-27,30.280000686645508,31.290000915527344,29.079999923706055,30.020000457763672,38942800
2020-03-30,29.920000076293945,30.479999542236328,28.889999389648438,30.360000610351562,41232800
2020-03-31,28.700000762939453,29.75,28.15999984741211,29.40999984741211,36920300
2020-04-01,26.56999969482422,27.3700008392334,26.200000762939453,27.020000457763672,48497400
2020-04-02,27.219999313354492,27.530000686645508,26.3799991607666,26.469999313354492,33113500
2020-04-03,26.229999542236328,27.360000610351562,25.90999984741211,27.0,32735800
2020-04-06,28.6299991607666,28.829999923706055,27.399999618530273,27.40999984741211,36056100
2020-04-07,28.770000457763672,30.780000686645508,28.709999084472656,30.75,39229900
2020-04-08,30.280000686645508,30.479999542236328,28.68000030517578,29.34000015258789,42213700
2020-04-09,33.20000076293945,33.90999984741211,31.100000381469727,31.1200008392334,62462000
2020-04-13,31.43000030517578,33.2400016784668,31.40999984741211,33.220001220703125,36068900
2020-04-14,30.18000030517578,32.5,29.559999465942383,32.11000061035156,64267100
2020-04-15,28.440000534057617,29.110000610351562,28.219999313354492,28.770000457763672,41883900
2020-04-16,26.889999389648438,28.280000686645508,26.65999984741211,28.280000686645508,52962100
2020-04-17,28.3799991607666,28.780000686645508,27.799999237060547,28.149999618530273,46985000
2020-04-20,27.68000030517578,28.889999389648438,26.920000076293945,27.329999923706055,45441600
2020-04-21,26.84000015258789,27.25,26.5,26.899999618530273,41918700
2020-04-22,26.799999237060547,27.579999923706055,26.700000762939453,27.5,28043300
2020-04-23,26.530000686645508,27.209999084472656,26.420000076293945,26.950000762939453,38331500
2020-04-24,26.920000076293945,27.290000915527344,26.3700008392334,26.799999237060547,35135900
2020-04-27,28.40999984741211,28.579999923706055,27.15999984741211,27.3700008392334,39606100
2020-04-28,28.8700008392334,29.920000076293945,28.59000015258789,29.600000381469727,35188000
2020-04-29,30.0,30.459999084472656,29.649999618530273,30.100000381469727,38515200
2020-04-30,29.049999237060547,29.610000610351562,28.600000381469727,29.31999969482422,29506100
2020-05-01,27.59000015258789,28.530000686645508,27.280000686645508,28.5,35197600
2020-05-04,27.350000381469727,27.450000762939453,26.600000381469727,26.959999084472656,34343900
2020-05-05,26.31999969482422,27.799999237060547,26.25,27.520000457763672,56753400
2020-05-06,25.610000610351562,26.649999618530273,25.399999618530273,26.459999084472656,57732900
2020-05-07,25.229999542236328,26.100000381469727,25.139999389648438,25.59000015258789,52387000
2020-05-08,25.43000030517578,25.780000686645508,25.229999542236328,25.639999389648438,53725300
2020-05-11,24.780000686645508,25.229999542236328,24.600000381469727,25.110000610351562,51444200
2020-05-12,24.040000915527344,25.270000457763672,24.0,24.959999084472656,53560500
2020-05-13,22.530000686645508,23.950000762939453,22.0,23.950000762939453,90209900
2020-05-14,24.059999465942383,24.59000015258789,22.020000457763672,22.1299991607666,87965500
2020-05-15,23.360000610351562,23.829999923706055,23.079999923706055,23.690000534057617,51616700
2020-05-18,25.40999984741211,25.59000015258789,24.34000015258789,24.549999237060547,55684400
2020-05-19,23.950000762939453,25.149999618530273,23.920000076293945,25.0,48234300
2020-05-20,24.520000457763672,24.739999771118164,24.360000610351562,24.489999771118164,45297100
2020-05-21,24.459999084472656,24.850000381469727,24.31999969482422,24.389999389648438,28376500
2020-05-22,24.170000076293945,24.489999771118164,23.920000076293945,24.440000534057617,30415300
2020-05-26,26.260000228881836,26.510000228881836,25.040000915527344,25.049999237060547,57720300
2020-05-27,27.950000762939453,28.260000228881836,26.84000015258789,27.799999237060547,61963000
2020-05-28,27.219999313354492,28.3700008392334,27.1200008392334,28.31999969482422,51490200
2020-05-29,26.469999313354492,27.06999969482422,26.09000015258789,26.5,51336900
2020-06-01,27.09000015258789,27.59000015258789,26.3700008392334,26.610000610351562,34201700
2020-06-02,27.399999618530273,27.989999771118164,27.15999984741211,27.579999923706055,39058000
2020-06-03,28.829999923706055,29.190000534057617,28.34000015258789,28.389999389648438,50814000
2020-06-04,30.219999313354492,30.25,28.639999389648438,29.479999542236328,61839200
2020-06-05,31.670000076293945,33.88999938964844,31.459999084472656,33.88999938964844,107651200
2020-06-08,33.31999969482422,33.43000030517578,32.27000045776367,32.900001525878906,69051300
2020-06-09,32.630001068115234,33.08000183105469,31.510000228881836,32.439998626708984,51480400
2020-06-10,29.709999084472656,32.33000183105469,29.649999618530273,32.29999923706055,82090000
2020-06-11,26.790000915527344,28.43000030517578,26.700000762939453,27.200000762939453,75621300
2020-06-12,27.969999313354492,28.229999542236328,27.350000381469727,28.0,51301200
2020-06-15,28.209999084472656,28.389999389648438,26.559999465942383,26.860000610351562,48311400
2020-06-16,28.520000457763672,29.649999618530273,27.770000457763672,29.43000030517578,52985600
2020-06-17,27.450000762939453,28.549999237060547,27.350000381469727,28.5,38660800
2020-06-18,27.549999237060547,27.93000030517578,26.93000030517578,27.100000381469727,33670200
2020-06-19,27.600000381469727,28.049999237060547,27.010000228881836,28.0,71903000
2020-06-22,27.350000381469727,27.6299991607666,26.889999389648438,27.270000457763672,32808300
2020-06-23,27.229999542236328,28.290000915527344,27.190000534057617,27.780000686645508,47279100
2020-06-24,26.1200008392334,27.030000686645508,25.989999771118164,26.959999084472656,57380900
2020-06-25,27.3700008392334,27.40999984741211,25.889999389648438,25.959999084472656,45102200
2020-06-26,25.34000015258789,26.399999618530273,25.25,26.100000381469727,81172300
2020-06-29,25.700000762939453,25.899999618530273,25.260000228881836,25.59000015258789,43769200
2020-06-30,25.600000381469727,25.8700008392334,25.170000076293945,25.209999084472656,46610000
2020-07-01,25.09000015258789,25.959999084472656,24.93000030517578,25.729999542236328,37509300
2020-07-02,25.34000015258789,26.170000076293945,25.100000381469727,25.75,37013300
2020-07-06,25.489999771118164,26.020000457763672,24.979999542236328,25.81999969482422,46983100
2020-07-07,24.459999084472656,25.219999313354492,24.34000015258789,25.200000762939453,36920500
2020-07-08,24.549999237060547,24.780000686645508,24.06999969482422,24.440000534057617,38413400
2020-07-09,24.040000915527344,24.780000686645508,23.709999084472656,24.5,38118900
2020-07-10,25.469999313354492,25.530000686645508,24.149999618530273,24.18000030517578,56483300
2020-07-13,25.40999984741211,26.040000915527344,24.940000534057617,25.81999969482422,51038800
2020-07-14,24.25,24.389999389648438,23.329999923706055,23.920000076293945,118952600
2020-07-15,25.350000381469727,25.549999237060547,24.84000015258789,24.979999542236328,61714300
2020-07-16,25.459999084472656,26.09000015258789,24.81999969482422,24.90999984741211,48676800
2020-07-17,24.950000762939453,25.639999389648438,24.860000610351562,25.489999771118164,39184100
2020-07-20,24.56999969482422,24.8799991607666,24.399999618530273,24.719999313354492,38682200
2020-07-21,26.200000762939453,26.280000686645508,24.709999084472656,24.75,58395200
2020-07-22,26.260000228881836,26.350000381469727,25.81999969482422,26.1299991607666,41030500
2020-07-23,26.350000381469727,26.510000228881836,25.700000762939453,26.15999984741211,50791000
2020-07-24,26.260000228881836,26.850000381469727,26.200000762939453,26.469999313354492,39357000
2020-07-27,25.489999771118164,26.020000457763672,25.25,26.020000457763672,34761000
2020-07-28,25.530000686645508,25.700000762939453,25.329999923706055,25.329999923706055,30505200
2020-07-29,25.780000686645508,25.81999969482422,25.0,25.450000762939453,31442100
2020-07-30,24.649999618530273,25.239999771118164,24.5,25.190000534057617,51019200
2020-07-31,24.260000228881836,24.65999984741211,24.079999923706055,24.5,45537900
2020-08-03,24.290000915527344,24.5,23.899999618530273,24.25,27863700
2020-08-04,24.219999313354492,24.290000915527344,24.030000686645508,24.200000762939453,28106900
2020-08-05,24.399999618530273,24.75,24.34000015258789,24.399999618530273,32935400
2020-08-06,24.239999771118164,24.5,24.1200008392334,24.200000762939453,44670300
2020-08-07,25.06999969482422,25.219999313354492,24.0,24.1299991607666,46272400
2020-08-10,24.700000762939453,25.479999542236328,24.219999313354492,25.219999313354492,50602600
2020-08-11,25.31999969482422,26.139999389648438,25.200000762939453,25.290000915527344,55000100
2020-08-12,25.190000534057617,26.139999389648438,24.719999313354492,25.979999542236328,42868500
2020-08-13,25.020000457763672,25.229999542236328,24.68000030517578,24.950000762939453,27387800
2020-08-14,25.299999237060547,25.489999771118164,24.639999389648438,24.790000915527344,26743400
2020-08-17,24.469999313354492,25.139999389648438,24.440000534057617,25.030000686645508,36661700
2020-08-18,24.040000915527344,24.450000762939453,24.010000228881836,24.420000076293945,29680700
2020-08-19,24.06999969482422,24.389999389648438,23.84000015258789,24.010000228881836,33667800
2020-08-20,23.75,23.940000534057617,23.600000381469727,23.739999771118164,36022100
2020-08-21,23.639999389648438,23.90999984741211,23.520000457763672,23.639999389648438,27198000
2020-08-24,24.489999771118164,24.510000228881836,23.610000610351562,23.799999237060547,36906700
2020-08-25,24.610000610351562,24.889999389648438,24.299999237060547,24.739999771118164,35077300
2020-08-26,24.040000915527344,24.579999923706055,24.040000915527344,24.510000228881836,28348200
2020-08-27,24.59000015258789,24.780000686645508,23.969999313354492,23.989999771118164,36706600
2020-08-28,24.690000534057617,24.770000457763672,24.350000381469727,24.75,25797300
2020-08-31,24.149999618530273,24.510000228881836,24.09000015258789,24.489999771118164,27615500
2020-09-01,24.049999237060547,24.34000015258789,23.739999771118164,24.020000457763672,30508800
2020-09-02,24.56999969482422,24.65999984741211,23.93000030517578,24.010000228881836,40334000
2020-09-03,24.520000457763672,25.360000610351562,24.299999237060547,24.799999237060547,42349300
2020-09-04,24.790000915527344,25.190000534057617,24.25,25.0,48745000
2020-09-08,23.969999313354492,24.549999237060547,23.739999771118164,24.280000686645508,49082900
2020-09-09,23.84000015258789,24.06999969482422,23.700000762939453,24.010000228881836,49427900
2020-09-10,23.950000762939453,24.670000076293945,23.860000610351562,24.030000686645508,54211700
2020-09-11,24.270000457763672,24.31999969482422,23.709999084472656,23.920000076293945,34861100
2020-09-14,24.809999465942383,24.969999313354492,24.229999542236328,24.3799991607666,49787100
2020-09-15,24.8799991607666,25.040000915527344,24.559999465942383,24.959999084472656,41954800
2020-09-16,25.709999084472656,26.0,24.75,24.8700008392334,51768200
2020-09-17,25.110000610351562,25.43000030517578,24.899999618530273,25.229999542236328,51531300
2020-09-18,25.1299991607666,25.399999618530273,24.899999618530273,24.940000534057617,115153200
2020-09-21,24.040000915527344,24.520000457763672,23.719999313354492,24.450000762939453,56188400
2020-09-22,23.649999618530273,24.360000610351562,23.530000686645508,23.979999542236328,39839500
2020-09-23,22.829999923706055,24.1299991607666,22.829999923706055,23.780000686645508,45697700
2020-09-24,23.31999969482422,23.719999313354492,22.559999465942383,22.959999084472656,43329100
2020-09-25,23.639999389648438,23.709999084472656,23.010000228881836,23.1200008392334,30229900
2020-09-28,23.81999969482422,24.270000457763672,23.760000228881836,23.989999771118164,41103500
2020-09-29,23.260000228881836,23.719999313354492,23.06999969482422,23.719999313354492,38416300
2020-09-30,23.510000228881836,23.8700008392334,23.25,23.360000610351562,43071500
2020-10-01,23.559999465942383,23.809999465942383,23.15999984741211,23.56999969482422,38879800
2020-10-02,23.989999771118164,24.09000015258789,23.079999923706055,23.149999618530273,26238600
2020-10-05,24.450000762939453,24.600000381469727,24.219999313354492,24.219999313354492,22607500
2020-10-06,24.18000030517578,25.0,24.040000915527344,24.68000030517578,30991300
2020-10-07,24.809999465942383,24.93000030517578,24.389999389648438,24.420000076293945,34647300
2020-10-08,25.299999237060547,25.329999923706055,24.670000076293945,24.8799991607666,26483400
2020-10-09,25.299999237060547,25.510000228881836,25.010000228881836,25.389999389648438,28211300
2020-10-12,25.68000030517578,25.739999771118164,25.149999618530273,25.200000762939453,25855600
2020-10-13,24.739999771118164,25.5,24.700000762939453,25.420000076293945,29939600
2020-10-14,23.25,24.43000030517578,23.229999542236328,24.270000457763672,75388100
2020-10-15,22.950000762939453,23.09000015258789,22.75,23.059999465942383,60328600
2020-10-16,22.860000610351562,23.229999542236328,22.610000610351562,23.010000228881836,43141200
2020-10-19,22.540000915527344,22.90999984741211,22.510000228881836,22.889999389648438,37423600
2020-10-20,22.809999465942383,23.1299991607666,22.690000534057617,22.729999542236328,34751200
2020-10-21,22.700000762939453,22.950000762939453,22.600000381469727,22.81999969482422,29528300
2020-10-22,23.25,23.31999969482422,22.610000610351562,22.65999984741211,32238300
2020-10-23,23.280000686645508,23.59000015258789,23.1200008392334,23.579999923706055,24558300
2020-10-26,22.700000762939453,23.020000457763672,22.600000381469727,22.969999313354492,34034100
2020-10-27,21.81999969482422,22.610000610351562,21.81999969482422,22.610000610351562,49636500
2020-10-28,21.18000030517578,21.479999542236328,20.799999237060547,21.229999542236328,54835900
2020-10-29,21.139999389648438,21.3799991607666,20.760000228881836,21.049999237060547,46184000
2020-10-30,21.450000762939453,21.459999084472656,20.84000015258789,21.100000381469727,34592400
2020-11-02,21.899999618530273,21.979999542236328,21.190000534057617,21.700000762939453,38401200
2020-11-03,22.09000015258789,22.5,21.989999771118164,22.309999465942383,38427000
2020-11-04,21.8799991607666,22.559999465942383,21.170000076293945,21.75,47203200
2020-11-05,22.329999923706055,22.56999969482422,21.860000610351562,21.889999389648438,38319700
2020-11-06,21.90999984741211,22.56999969482422,21.84000015258789,22.5,29502900
2020-11-09,24.219999313354492,24.8700008392334,23.299999237060547,24.030000686645508,102118900
2020-11-10,24.190000534057617,24.3700008392334,23.860000610351562,24.360000610351562,49029100
2020-11-11,24.190000534057617,24.540000915527344,24.010000228881836,24.229999542236328,38309200
2020-11-12,23.809999465942383,24.149999618530273,23.559999465942383,23.90999984741211,34505900
2020-11-13,24.06999969482422,24.18000030517578,23.729999542236328,23.90999984741211,30056100
2020-11-16,24.899999618530273,25.030000686645508,24.389999389648438,24.989999771118164,36954800
2020-11-17,25.040000915527344,25.149999618530273,24.520000457763672,24.530000686645508,29490400
2020-11-18,25.059999465942383,25.950000762939453,25.059999465942383,25.149999618530273,44318300
2020-11-19,26.15999984741211,26.219999313354492,24.969999313354492,25.190000534057617,44560000
2020-11-20,25.479999542236328,26.229999542236328,25.459999084472656,26.040000915527344,38469100
2020-11-23,26.299999237060547,26.440000534057617,25.8700008392334,25.950000762939453,40691400
2020-11-24,28.610000610351562,28.729999542236328,27.34000015258789,27.459999084472656,80523400
2020-11-25,28.59000015258789,28.690000534057617,28.0,28.329999923706055,38875500
2020-11-27,28.459999084472656,28.6299991607666,28.18000030517578,28.59000015258789,20281400
2020-11-30,27.350000381469727,28.559999465942383,27.280000686645508,28.43000030517578,48211000
2020-12-01,28.059999465942383,28.68000030517578,28.040000915527344,28.149999618530273,41924200
2020-12-02,28.8700008392334,28.989999771118164,27.850000381469727,27.989999771118164,35508000
2020-12-03,29.15999984741211,29.489999771118164,28.790000915527344,28.940000534057617,41264600
2020-12-04,29.549999237060547,29.969999313354492,29.34000015258789,29.5,47168800
2020-12-07,29.34000015258789,29.6299991607666,29.06999969482422,29.420000076293945,31713000
2020-12-08,28.940000534057617,29.299999237060547,28.399999618530273,29.030000686645508,32209500
2020-12-09,29.049999237060547,29.239999771118164,28.610000610351562,29.239999771118164,35276000
2020-12-10,29.489999771118164,29.559999465942383,28.540000915527344,28.719999313354492,31730200
2020-12-11,29.079999923706055,29.389999389648438,28.670000076293945,29.020000457763672,29779100
2020-12-14,28.639999389648438,29.780000686645508,28.510000228881836,29.540000915527344,28378000
2020-12-15,29.729999542236328,29.770000457763672,28.899999618530273,29.1299991607666,38866200
2020-12-16,29.649999618530273,29.90999984741211,29.479999542236328,29.639999389648438,35204800
2020-12-17,29.469999313354492,29.899999618530273,29.440000534057617,29.799999237060547,42870500
2020-12-18,29.010000228881836,29.6200008392334,28.799999237060547,29.469999313354492,53716400
2020-12-21,29.549999237060547,29.889999389648438,28.84000015258789,29.56999969482422,52731600
2020-12-22,28.959999084472656,29.719999313354492,28.950000762939453,29.649999618530273,25655900
2020-12-23,30.350000381469727,30.489999771118164,29.270000457763672,29.280000686645508,38383700
2020-12-24,29.84000015258789,30.3799991607666,29.65999984741211,30.290000915527344,14443700
2020-12-28,29.93000030517578,30.479999542236328,29.90999984741211,30.079999923706055,21658500
2020-12-29,29.780000686645508,30.170000076293945,29.75,30.149999618530273,19584400
2020-12-30,29.75,30.040000915527344,29.649999618530273,29.799999237060547,18519300
2020-12-31,30.18000030517578,30.239999771118164,29.670000076293945,29.75,21081200
2021-01-04,29.700000762939453,30.440000534057617,29.399999618530273,30.31999969482422,31421600
2021-01-05,30.530000686645508,30.950000762939453,29.81999969482422,30.09000015258789,37360000
2021-01-06,32.689998626708984,33.0,31.790000915527344,31.899999618530273,73507500
2021-01-07,33.43000030517578,34.20000076293945,33.31999969482422,33.58000183105469,50634100
2021-01-08,33.189998626708984,33.650001525878906,32.66999816894531,33.61000061035156,32324700
2021-01-11,33.2400016784668,33.560001373291016,32.31999969482422,32.63999938964844,33739300
2021-01-12,33.939998626708984,34.52000045776367,33.65999984741211,34.0,59146400
2021-01-13,33.79999923706055,34.2599983215332,33.630001068115234,33.81999969482422,35734800
2021-01-14,34.75,35.099998474121094,34.0099983215332,34.06999969482422,55856900
2021-01-15,32.040000915527344,33.5,31.81999969482422,33.08000183105469,91993100
2021-01-19,32.630001068115234,33.040000915527344,32.279998779296875,32.40999984741211,43806800
2021-01-20,32.459999084472656,32.83000183105469,32.29999923706055,32.779998779296875,29949800
2021-01-21,32.0,32.43000030517578,31.920000076293945,32.31999969482422,28240600
2021-01-22,31.899999618530273,32.060001373291016,31.149999618530273,31.34000015258789,24476100
2021-01-25,32.2400016784668,32.349998474121094,31.6200008392334,31.8799991607666,28515500
2021-01-26,31.3799991607666,32.529998779296875,31.360000610351562,32.4900016784668,28026500
2021-01-27,30.170000076293945,31.030000686645508,29.920000076293945,30.920000076293945,45074900
2021-01-28,30.809999465942383,31.049999237060547,30.309999465942383,30.530000686645508,28770200
2021-01-29,29.8799991607666,31.190000534057617,29.81999969482422,30.770000457763672,39500800
2021-02-01,29.989999771118164,30.219999313354492,29.68000030517578,30.139999389648438,23713400
2021-02-02,30.75,31.190000534057617,30.3799991607666,30.459999084472656,25302900
2021-02-03,31.700000762939453,31.770000457763672,30.610000610351562,30.719999313354492,28507800
2021-02-04,32.65999984741211,32.849998474121094,31.799999237060547,31.8700008392334,30825400
2021-02-05,32.560001373291016,33.189998626708984,32.5099983215332,33.0,24908100
2021-02-08,33.400001525878906,33.56999969482422,30.770000457763672,32.779998779296875,29223800
2021-02-09,33.2599983215332,33.40999984741211,32.90999984741211,33.209999084472656,23539800
2021-02-10,33.20000076293945,33.689998626708984,33.09000015258789,33.47999954223633,22687000
2021-02-11,32.720001220703125,33.34000015258789,32.369998931884766,33.20000076293945,22393200
2021-02-12,33.529998779296875,33.619998931884766,32.650001525878906,32.650001525878906,34473100
2021-02-16,34.790000915527344,34.93000030517578,34.0,34.06999969482422,36468200
2021-02-17,36.59000015258789,37.45000076293945,34.029998779296875,34.34000015258789,80157700
2021-02-18,36.959999084472656,37.36000061035156,36.18000030517578,36.439998626708984,43334700
2021-02-19,37.83000183105469,37.849998474121094,37.029998779296875,37.130001068115234,39023000
2021-02-22,37.2599983215332,37.91999816894531,37.099998474121094,37.66999816894531,34690000
2021-02-23,37.13999938964844,37.77000045776367,36.599998474121094,37.59000015258789,36792500
2021-02-24,38.290000915527344,38.34000015258789,37.13999938964844,37.2400016784668,42764300
2021-02-25,37.560001373291016,38.68000030517578,37.29999923706055,38.68000030517578,37233100
2021-02-26,36.16999816894531,37.40999984741211,35.93000030517578,37.099998474121094,39468000
2021-03-01,37.09000015258789,37.41999816894531,36.7400016784668,37.11000061035156,28066100
2021-03-02,37.13999938964844,37.45000076293945,36.9900016784668,37.150001525878906,19701200
2021-03-03,37.689998626708984,38.65999984741211,37.349998474121094,37.349998474121094,35365100
2021-03-04,37.15999984741211,38.0,36.36000061035156,37.619998931884766,42932500
2021-03-05,37.43000030517578,38.119998931884766,36.34000015258789,37.869998931884766,34558300
2021-03-08,38.66999816894531,38.880001068115234,37.77000045776367,38.130001068115234,38255200
2021-03-09,38.130001068115234,38.79999923706055,37.47999954223633,38.16999816894531,35854100
2021-03-10,39.58000183105469,39.70000076293945,38.279998779296875,38.68000030517578,38437200
2021-03-11,38.880001068115234,39.59000015258789,38.61000061035156,39.220001220703125,30598700
2021-03-12,39.970001220703125,40.02000045776367,39.41999816894531,39.5,28754000
2021-03-15,39.70000076293945,40.22999954223633,39.16999816894531,40.06999969482422,25892200
2021-03-16,39.349998474121094,39.4900016784668,38.720001220703125,39.369998931884766,24668300
2021-03-17,39.84000015258789,40.439998626708984,39.209999084472656,39.68000030517578,33537000
2021-03-18,40.810001373291016,41.540000915527344,40.150001525878906,40.150001525878906,57420600
2021-03-19,39.630001068115234,40.06999969482422,39.220001220703125,39.939998626708984,60291800
2021-03-22,38.970001220703125,39.310001373291016,38.619998931884766,39.279998779296875,32206000
2021-03-23,38.2400016784668,39.04999923706055,38.04999923706055,38.5,32494400
2021-03-24,38.119998931884766,39.02000045776367,38.11000061035156,38.36000061035156,24201700
2021-03-25,39.29999923706055,39.36000061035156,37.779998779296875,37.970001220703125,28773000
2021-03-26,39.7599983215332,40.22999954223633,39.16999816894531,39.900001525878906,29156100
2021-03-29,38.439998626708984,39.349998474121094,37.900001525878906,38.58000183105469,38426900
2021-03-30,39.38999938964844,40.08000183105469,38.470001220703125,38.540000915527344,36134200
2021-03-31,39.06999969482422,39.630001068115234,38.91999816894531,39.27000045776367,25832800
2021-04-01,39.630001068115234,39.650001525878906,38.91999816894531,38.959999084472656,22706900
2021-04-05,39.47999954223633,40.33000183105469,39.31999969482422,40.029998779296875,21293400
2021-04-06,39.849998474121094,39.900001525878906,39.2599983215332,39.41999816894531,20969600
2021-04-07,39.9900016784668,40.09000015258789,39.630001068115234,39.84000015258789,19393200
2021-04-08,40.029998779296875,40.20000076293945,39.33000183105469,39.869998931884766,20845000
2021-04-09,40.5,40.790000915527344,40.25,40.34000015258789,28363600
2021-04-12,40.77000045776367,40.88999938964844,40.400001525878906,40.459999084472656,21093000
2021-04-13,39.790000915527344,40.5099983215332,39.70000076293945,40.5,29333200
2021-04-14,41.9900016784668,42.18000030517578,39.060001373291016,39.70000076293945,64926900
2021-04-15,42.2400016784668,42.2599983215332,41.029998779296875,42.099998474121094,44146300
2021-04-16,43.84000015258789,44.130001068115234,42.58000183105469,42.66999816894531,57060200
2021-04-19,43.880001068115234,44.400001525878906,43.380001068115234,43.61000061035156,39124200
2021-04-20,42.540000915527344,43.400001525878906,42.349998474121094,43.400001525878906,29734000
2021-04-21,43.2400016784668,43.36000061035156,41.77000045776367,42.2400016784668,27258000
2021-04-22,42.70000076293945,43.52000045776367,42.68000030517578,43.2599983215332,24638300
2021-04-23,43.86000061035156,44.18000030517578,42.630001068115234,42.709999084472656,28024200
2021-04-26,44.13999938964844,44.68000030517578,43.9900016784668,44.130001068115234,24606600
2021-04-27,45.09000015258789,45.220001220703125,44.20000076293945,44.38999938964844,29130200
2021-04-28,45.08000183105469,45.66999816894531,44.93000030517578,45.150001525878906,20795100
2021-04-29,46.2400016784668,46.38999938964844,45.52000045776367,45.619998931884766,26880700
2021-04-30,45.04999923706055,46.02000045776367,44.86000061035156,45.79999923706055,34176500
2021-05-03,45.47999954223633,45.650001525878906,45.06999969482422,45.45000076293945,16522700
2021-05-04,45.7400016784668,45.84000015258789,44.66999816894531,45.2599983215332,26137600
2021-05-05,45.939998626708984,46.20000076293945,45.470001220703125,45.93000030517578,19620200
2021-05-06,46.630001068115234,46.689998626708984,45.70000076293945,46.11000061035156,34271500
2021-05-07,46.540000915527344,46.619998931884766,45.54999923706055,45.93000030517578,25140400
2021-05-10,46.599998474121094,47.349998474121094,46.59000015258789,46.84000015258789,28193100
2021-05-11,45.720001220703125,46.880001068115234,45.5099983215332,46.02000045776367,31478500
2021-05-12,45.63999938964844,47.15999984741211,45.47999954223633,46.83000183105469,33392900
2021-05-13,46.400001525878906,46.790000915527344,45.310001373291016,45.4900016784668,23553400
2021-05-14,46.959999084472656,47.11000061035156,46.470001220703125,46.599998474121094,17078500
2021-05-17,47.900001525878906,47.97999954223633,46.79999923706055,46.91999816894531,25212800
2021-05-18,46.86000061035156,48.130001068115234,46.83000183105469,47.900001525878906,24126000
2021-05-19,46.16999816894531,46.31999969482422,45.369998931884766,45.939998626708984,28911100
2021-05-20,45.72999954223633,46.18000030517578,45.27000045776367,46.06999969482422,26107000
2021-05-21,45.880001068115234,46.29999923706055,45.779998779296875,45.970001220703125,27312700
2021-05-24,46.2400016784668,46.5099983215332,45.7599983215332,46.0,25707400
2021-05-25,46.09000015258789,47.02000045776367,46.040000915527344,46.38999938964844,29415300
2021-05-26,46.400001525878906,46.599998474121094,45.599998474121094,46.11000061035156,26170600
2021-05-27,46.7599983215332,47.380001068115234,46.310001373291016,46.9900016784668,42572900
2021-05-28,46.720001220703125,46.880001068115234,46.279998779296875,46.849998474121094,15760100
2021-06-01,47.2599983215332,47.40999984741211,46.790000915527344,47.15999984741211,17878600
2021-06-02,46.810001373291016,47.459999084472656,46.58000183105469,47.380001068115234,18492600
2021-06-03,46.459999084472656,47.0,46.349998474121094,46.689998626708984,20206400
2021-06-04,46.959999084472656,47.099998474121094,46.5099983215332,47.060001373291016,18190300
2021-06-07,47.11000061035156,47.18000030517578,46.779998779296875,47.099998474121094,16644300
2021-06-08,46.61000061035156,47.0099983215332,46.29999923706055,46.7400016784668,21271700
2021-06-09,45.91999816894531,46.34000015258789,45.630001068115234,46.2400016784668,22617500
2021-06-10,45.09000015258789,46.650001525878906,45.0099983215332,46.470001220703125,21640000
2021-06-11,45.68000030517578,45.689998626708984,45.18000030517578,45.18000030517578,19389300
2021-06-14,45.150001525878906,45.880001068115234,44.84000015258789,45.61000061035156,25452300
2021-06-15,45.459999084472656,45.720001220703125,45.0,45.20000076293945,23865400
2021-06-16,45.56999969482422,45.959999084472656,44.31999969482422,44.95000076293945,38287700
2021-06-17,42.790000915527344,45.959999084472656,42.65999984741211,45.790000915527344,48910400
2021-06-18,41.75,42.310001373291016,41.470001220703125,41.68000030517578,61292200
2021-06-21,43.279998779296875,43.310001373291016,42.22999954223633,42.29999923706055,26444700
2021-06-22,43.540000915527344,43.869998931884766,42.86000061035156,43.40999984741211,26455200
2021-06-23,43.959999084472656,44.310001373291016,43.5,43.5,18778500
2021-06-24,45.18000030517578,45.41999816894531,44.209999084472656,44.2599983215332,27951000
2021-06-25,46.380001068115234,46.650001525878906,45.220001220703125,45.56999969482422,49074700
2021-06-28,45.790000915527344,46.06999969482422,45.09000015258789,46.0,27127500
2021-06-29,44.790000915527344,46.380001068115234,44.599998474121094,46.040000915527344,39534000
2021-06-30,45.290000915527344,45.38999938964844,44.45000076293945,44.619998931884766,18168100
2021-07-01,45.40999984741211,45.63999938964844,44.970001220703125,45.47999954223633,18658000
2021-07-02,45.06999969482422,45.40999984741211,44.84000015258789,45.29999923706055,13218500
2021-07-06,43.4900016784668,44.81999969482422,43.29999923706055,44.72999954223633,25486900
2021-07-07,43.400001525878906,43.970001220703125,43.119998931884766,43.279998779296875,21884000
2021-07-08,42.31999969482422,42.95000076293945,41.970001220703125,42.58000183105469,29148700
2021-07-09,43.90999984741211,44.11000061035156,42.849998474121094,43.18000030517578,25055900
2021-07-12,44.15999984741211,44.25,42.959999084472656,43.279998779296875,17618900
2021-07-13,43.22999954223633,44.130001068115234,43.0099983215332,43.790000915527344,25387800
2021-07-14,44.95000076293945,45.130001068115234,42.5099983215332,43.599998474121094,49618000
2021-07-15,45.0,45.38999938964844,44.369998931884766,44.59000015258789,33388100
2021-07-16,44.279998779296875,45.529998779296875,44.11000061035156,45.40999984741211,27838200
2021-07-19,43.04999923706055,43.29999923706055,42.290000915527344,42.709999084472656,43362200
2021-07-20,44.84000015258789,45.150001525878906,42.869998931884766,43.0,34556200
2021-07-21,45.79999923706055,46.150001525878906,45.209999084472656,45.290000915527344,29654600
2021-07-22,45.029998779296875,45.95000076293945,44.79999923706055,45.84000015258789,23309500
2021-07-23,44.59000015258789,45.5099983215332,44.41999816894531,45.099998474121094,23946500
2021-07-26,45.0099983215332,45.2400016784668,44.470001220703125,44.470001220703125,22976700
2021-07-27,45.13999938964844,45.380001068115234,44.27000045776367,44.59000015258789,22124500
2021-07-28,45.5099983215332,46.040000915527344,44.97999954223633,45.380001068115234,23252800
2021-07-29,46.5,46.709999084472656,45.68000030517578,45.88999938964844,24487400
2021-07-30,45.939998626708984,46.849998474121094,45.72999954223633,46.2599983215332,25794000
2021-08-02,45.790000915527344,46.810001373291016,45.56999969482422,46.040000915527344,23960700
2021-08-03,46.83000183105469,46.939998626708984,45.11000061035156,45.97999954223633,24050300
2021-08-04,46.150001525878906,46.970001220703125,46.040000915527344,46.27000045776367,22178000
2021-08-05,46.9900016784668,47.0,46.0099983215332,46.04999923706055,28092600
2021-08-06,48.77000045776367,48.9900016784668,47.45000076293945,47.5,33583900
2021-08-09,48.650001525878906,49.34000015258789,48.290000915527344,48.65999984741211,29795200
2021-08-10,49.630001068115234,49.689998626708984,48.689998626708984,48.72999954223633,28708100
2021-08-11,50.65999984741211,50.72999954223633,49.16999816894531,49.630001068115234,29203900
2021-08-12,51.150001525878906,51.25,50.560001373291016,50.7599983215332,21729900
2021-08-13,50.369998931884766,51.40999984741211,50.18000030517578,51.209999084472656,15843300
2021-08-16,49.40999984741211,49.97999954223633,48.939998626708984,49.93000030517578,22615500
2021-08-17,48.709999084472656,49.369998931884766,48.029998779296875,48.880001068115234,16887000
2021-08-18,47.970001220703125,48.97999954223633,47.900001525878906,48.36000061035156,16319300
2021-08-19,47.25,47.95000076293945,46.83000183105469,47.349998474121094,20259400
2021-08-20,47.41999816894531,47.45000076293945,46.84000015258789,47.130001068115234,15357400
2021-08-23,47.61000061035156,47.9900016784668,47.45000076293945,47.75,15551900
2021-08-24,48.36000061035156,48.369998931884766,47.709999084472656,47.75,15109100
2021-08-25,49.290000915527344,49.619998931884766,48.470001220703125,48.619998931884766,21357400
2021-08-26,49.04999923706055,49.869998931884766,48.88999938964844,49.529998779296875,21627600
2021-08-27,49.810001373291016,49.849998474121094,49.119998931884766,49.220001220703125,16873300
2021-08-30,48.40999984741211,49.810001373291016,48.349998474121094,49.7599983215332,16054100
2021-08-31,45.70000076293945,48.9900016784668,45.209999084472656,48.40999984741211,73514300
2021-09-01,43.45000076293945,45.970001220703125,43.27000045776367,45.70000076293945,84960500
2021-09-02,44.56999969482422,44.880001068115234,43.540000915527344,43.68000030517578,37629000
2021-09-03,44.16999816894531,44.5,43.81999969482422,44.4900016784668,21687500
2021-09-07,44.310001373291016,44.959999084472656,44.25,44.31999969482422,19733500
2021-09-08,43.81999969482422,44.540000915527344,43.630001068115234,44.119998931884766,21252400
2021-09-09,44.36000061035156,44.720001220703125,43.7599983215332,43.849998474121094,19776900
2021-09-10,44.33000183105469,45.25,44.189998626708984,45.0,23367400
2021-09-13,45.7599983215332,45.810001373291016,44.560001373291016,44.560001373291016,28027200
2021-09-14,46.04999923706055,46.939998626708984,45.7599983215332,46.02000045776367,36053200
2021-09-15,46.63999938964844,46.88999938964844,45.849998474121094,45.869998931884766,31535600
2021-09-16,46.279998779296875,47.27000045776367,46.0099983215332,46.900001525878906,24102400
2021-09-17,46.470001220703125,46.689998626708984,45.7400016784668,45.7400016784668,34912100
2021-09-20,45.810001373291016,45.869998931884766,44.84000015258789,45.029998779296875,30603100
2021-09-21,45.849998474121094,46.36000061035156,45.72999954223633,45.97999954223633,23049100
2021-09-22,47.08000183105469,47.689998626708984,46.470001220703125,46.4900016784668,29430700
2021-09-23,47.79999923706055,48.16999816894531,47.15999984741211,47.459999084472656,21852800
2021-09-24,47.91999816894531,48.56999969482422,47.72999954223633,47.779998779296875,20384700
2021-09-27,47.560001373291016,48.939998626708984,46.15999984741211,48.380001068115234,48927500
2021-09-28,45.91999816894531,47.029998779296875,45.06999969482422,47.0099983215332,49349100
2021-09-29,47.029998779296875,47.150001525878906,45.93000030517578,46.45000076293945,21730200
2021-09-30,46.40999984741211,47.150001525878906,46.119998931884766,47.13999938964844,22947500
2021-10-01,47.02000045776367,47.310001373291016,46.4900016784668,46.54999923706055,18021700
2021-10-04,47.02000045776367,47.689998626708984,46.66999816894531,47.02000045776367,22315200
2021-10-05,47.959999084472656,48.45000076293945,47.349998474121094,47.5,20250500
2021-10-06,47.869998931884766,48.09000015258789,47.060001373291016,47.58000183105469,17425700
2021-10-07,47.7599983215332,48.59000015258789,47.540000915527344,48.2599983215332,19272300
2021-10-08,48.0,48.34000015258789,47.65999984741211,47.869998931884766,14295400
2021-10-11,47.279998779296875,48.459999084472656,47.220001220703125,48.20000076293945,15387900
2021-10-12,46.650001525878906,47.529998779296875,46.52000045776367,47.290000915527344,18995700
2021-10-13,46.04999923706055,46.56999969482422,45.220001220703125,46.56999969482422,24150300
2021-10-14,45.310001373291016,46.88999938964844,44.83000183105469,46.68000030517578,53257700
2021-10-15,48.380001068115234,48.7400016784668,45.709999084472656,45.720001220703125,60096600
2021-10-18,49.43000030517578,49.709999084472656,48.13999938964844,48.189998626708984,33842700
2021-10-19,50.34000015258789,50.349998474121094,49.279998779296875,49.63999938964844,26500300
2021-10-20,50.15999984741211,50.38999938964844,49.709999084472656,50.189998626708984,24227900
2021-10-21,50.33000183105469,50.599998474121094,49.7599983215332,49.95000076293945,20448300
2021-10-22,50.65999984741211,51.119998931884766,50.4900016784668,50.540000915527344,21517200
2021-10-25,50.619998931884766,51.119998931884766,50.52000045776367,50.88999938964844,19330300
2021-10-26,50.630001068115234,51.099998474121094,50.36000061035156,50.72999954223633,18196300
2021-10-27,50.04999923706055,50.9900016784668,49.95000076293945,50.2599983215332,21988300
2021-10-28,51.36000061035156,51.400001525878906,50.349998474121094,50.380001068115234,26785500
2021-10-29,51.15999984741211,51.63999938964844,51.02000045776367,51.25,19788500
2021-11-01,51.709999084472656,52.0,51.27000045776367,51.560001373291016,18699000
2021-11-02,51.29999923706055,51.720001220703125,51.220001220703125,51.540000915527344,21672500
2021-11-03,52.0,52.56999969482422,51.02000045776367,51.040000915527344,24225700
2021-11-04,50.619998931884766,51.70000076293945,49.90999984741211,51.54999923706055,32005700
2021-11-05,50.439998626708984,51.61000061035156,50.400001525878906,51.0,23443200
2021-11-08,50.869998931884766,51.369998931884766,50.54999923706055,50.54999923706055,19509500
2021-11-09,49.88999938964844,50.560001373291016,49.209999084472656,50.5,28324800
2021-11-10,50.36000061035156,50.77000045776367,49.68000030517578,49.7400016784668,19827800
2021-11-11,50.59000015258789,50.90999984741211,50.220001220703125,50.41999816894531,16069700
2021-11-12,50.959999084472656,51.0,50.369998931884766,50.68000030517578,17124700
2021-11-15,51.08000183105469,51.70000076293945,50.97999954223633,51.189998626708984,20110200
2021-11-16,50.369998931884766,51.18000030517578,50.16999816894531,51.11000061035156,19244900
2021-11-17,49.84000015258789,50.689998626708984,49.529998779296875,50.41999816894531,17802700
2021-11-18,49.900001525878906,50.18000030517578,49.27000045776367,49.630001068115234,19198200
2021-11-19,48.81999969482422,49.2400016784668,47.77000045776367,49.0,30548400
2021-11-22,50.34000015258789,51.11000061035156,49.72999954223633,50.630001068115234,28549400
2021-11-23,51.400001525878906,51.7400016784668,50.70000076293945,50.709999084472656,28024400
2021-11-24,51.310001373291016,51.7400016784668,51.18000030517578,51.5099983215332,18901900
2021-11-26,48.43000030517578,49.099998474121094,47.689998626708984,49.099998474121094,29919300
2021-11-29,49.15999984741211,49.77000045776367,48.310001373291016,49.66999816894531,27677000
2021-11-30,47.779998779296875,48.5099983215332,47.31999969482422,48.11000061035156,40671700
2021-12-01,47.209999084472656,49.45000076293945,47.18000030517578,48.689998626708984,29365100
2021-12-02,48.90999984741211,49.400001525878906,47.5099983215332,47.72999954223633,29184900
2021-12-03,47.75,49.2599983215332,47.369998931884766,49.2599983215332,29221900
2021-12-06,48.810001373291016,49.900001525878906,48.709999084472656,48.97999954223633,31650100
2021-12-07,50.25,50.52000045776367,49.34000015258789,49.459999084472656,28370200
2021-12-08,49.40999984741211,50.310001373291016,49.31999969482422,50.18000030517578,19990300
2021-12-09,49.689998626708984,50.029998779296875,48.7400016784668,49.02000045776367,16927200
2021-12-10,50.20000076293945,50.599998474121094,49.58000183105469,50.290000915527344,20040900
2021-12-13,48.560001373291016,49.959999084472656,48.43000030517578,49.900001525878906,19598900
2021-12-14,48.88999938964844,49.4900016784668,48.599998474121094,48.61000061035156,17602900
2021-12-15,48.939998626708984,49.27000045776367,48.130001068115234,49.02000045776367,20284300
2021-12-16,50.29999923706055,50.81999969482422,49.310001373291016,49.720001220703125,32781100
2021-12-17,47.95000076293945,49.72999954223633,47.869998931884766,49.70000076293945,74833400
2021-12-20,46.849998474121094,47.16999816894531,46.25,47.060001373291016,29134900
2021-12-21,47.810001373291016,48.13999938964844,47.34000015258789,47.59000015258789,21249400
2021-12-22,48.029998779296875,48.31999969482422,47.619998931884766,47.7400016784668,15688000
2021-12-23,48.36000061035156,48.93000030517578,48.220001220703125,48.400001525878906,16025600
2021-12-27,48.77000045776367,48.81999969482422,48.08000183105469,48.54999923706055,11900400
2021-12-28,48.41999816894531,49.189998626708984,48.36000061035156,48.560001373291016,14320500
2021-12-29,48.45000076293945,48.86000061035156,48.369998931884766,48.599998474121094,14390700
2021-12-30,48.099998474121094,48.90999984741211,48.040000915527344,48.4900016784668,13701300
2021-12-31,47.97999954223633,48.36000061035156,47.84000015258789,48.029998779296875,12649300
2022-01-03,50.72999954223633,50.810001373291016,48.91999816894531,48.93000030517578,38978100
2022-01-04,52.75,53.150001525878906,51.52000045776367,51.58000183105469,43855100
2022-01-05,52.290000915527344,53.13999938964844,52.0,52.91999816894531,35072600
2022-01-06,53.630001068115234,53.66999816894531,52.65999984741211,53.150001525878906,29720800
2022-01-07,54.77000045776367,55.189998626708984,53.79999923706055,53.86000061035156,35149300
2022-01-10,55.349998474121094,56.060001373291016,54.47999954223633,55.5,34733500
2022-01-11,56.060001373291016,56.130001068115234,55.22999954223633,55.560001373291016,25073700
2022-01-12,56.400001525878906,56.709999084472656,55.7599983215332,56.40999984741211,34159400
2022-01-13,56.0,57.18000030517578,55.7599983215332,56.599998474121094,34037300
2022-01-14,58.060001373291016,58.869998931884766,56.38999938964844,56.849998474121094,56739600
2022-01-18,56.689998626708984,58.11000061035156,56.5099983215332,57.720001220703125,41689600
2022-01-19,55.56999969482422,57.68000030517578,55.470001220703125,57.11000061035156,34970200
2022-01-20,55.0,56.380001068115234,54.90999984741211,55.720001220703125,26972800
2022-01-21,53.66999816894531,55.0,53.130001068115234,54.5,38357600
2022-01-24,53.31999969482422,53.4900016784668,51.18000030517578,52.72999954223633,48451400
2022-01-25,53.59000015258789,53.72999954223633,51.54999923706055,52.66999816894531,40858700
2022-01-26,54.13999938964844,54.91999816894531,53.43000030517578,53.90999984741211,39687100
2022-01-27,53.7599983215332,55.5099983215332,53.22999954223633,54.599998474121094,34209200
2022-01-28,54.189998626708984,54.220001220703125,52.77000045776367,53.61000061035156,35519700
2022-01-31,53.79999923706055,54.04999923706055,53.029998779296875,53.81999969482422,34657500
2022-02-01,55.599998474121094,55.810001373291016,53.9900016784668,54.720001220703125,35870200
2022-02-02,55.93000030517578,56.04999923706055,54.959999084472656,55.27000045776367,29037100
2022-02-03,55.16999816894531,56.290000915527344,54.72999954223633,55.84000015258789,25227400
2022-02-04,56.33000183105469,57.040000915527344,55.470001220703125,56.040000915527344,33622100
2022-02-07,57.33000183105469,57.88999938964844,55.90999984741211,56.40999984741211,37480100
2022-02-08,58.75,58.97999954223633,57.79999923706055,58.0,39099600
2022-02-09,59.060001373291016,59.380001068115234,58.34000015258789,58.70000076293945,25883100
2022-02-10,59.04999923706055,60.29999923706055,58.79999923706055,59.54999923706055,36092000
2022-02-11,58.310001373291016,60.2400016784668,57.90999984741211,58.52000045776367,38650500
2022-02-14,57.849998474121094,58.650001525878906,57.18000030517578,58.5099983215332,32680500
2022-02-15,58.380001068115234,59.31999969482422,58.09000015258789,59.119998931884766,18224600
2022-02-16,58.13999938964844,58.880001068115234,57.54999923706055,57.90999984741211,22057200
2022-02-17,56.150001525878906,57.529998779296875,55.7599983215332,57.150001525878906,24946500
2022-02-18,55.630001068115234,56.720001220703125,55.369998931884766,56.150001525878906,22137900
2022-02-22,55.279998779296875,56.119998931884766,54.70000076293945,55.56999969482422,26887800
2022-02-23,53.95000076293945,56.02000045776367,53.7599983215332,55.849998474121094,21860700
2022-02-24,52.709999084472656,52.83000183105469,50.68000030517578,51.7599983215332,40917600
2022-02-25,54.11000061035156,54.439998626708984,53.09000015258789,53.16999816894531,27493500
2022-02-28,53.369998931884766,53.400001525878906,52.209999084472656,52.630001068115234,31094800
2022-03-01,50.290000915527344,52.720001220703125,50.0099983215332,52.439998626708984,54135500
2022-03-02,52.220001220703125,52.81999969482422,51.0,51.31999969482422,34894300
2022-03-03,51.2400016784668,52.560001373291016,50.939998626708984,52.349998474121094,24159700
2022-03-04,48.790000915527344,50.060001373291016,48.18000030517578,50.040000915527344,35871600
2022-03-07,45.810001373291016,48.58000183105469,45.77000045776367,48.58000183105469,56332500
2022-03-08,46.459999084472656,48.20000076293945,46.349998474121094,46.68000030517578,60018100
2022-03-09,49.15999984741211,49.75,48.349998474121094,48.790000915527344,34560200
2022-03-10,49.0099983215332,49.56999969482422,47.849998474121094,48.2599983215332,26178800
2022-03-11,48.470001220703125,50.0,48.43000030517578,49.66999816894531,23707100
2022-03-14,49.86000061035156,50.380001068115234,49.29999923706055,49.65999984741211,28166600
2022-03-15,50.11000061035156,50.630001068115234,49.33000183105469,50.15999984741211,25080600
2022-03-16,51.599998474121094,52.220001220703125,50.72999954223633,51.04999923706055,34672800
2022-03-17,51.47999954223633,51.4900016784668,50.22999954223633,51.02000045776367,29930300
2022-03-18,51.41999816894531,51.540000915527344,50.040000915527344,50.849998474121094,60963400
2022-03-21,51.13999938964844,51.79999923706055,50.61000061035156,51.65999984741211,23411500
2022-03-22,53.38999938964844,54.20000076293945,52.29999923706055,52.40999984741211,28625600
2022-03-23,51.119998931884766,53.04999923706055,51.099998474121094,52.7599983215332,27988700
2022-03-24,51.33000183105469,51.81999969482422,50.90999984741211,51.709999084472656,19677800
2022-03-25,52.560001373291016,52.59000015258789,51.40999984741211,51.470001220703125,19130900
2022-03-28,51.810001373291016,52.11000061035156,50.779998779296875,52.029998779296875,24115400
2022-03-29,51.599998474121094,53.29999923706055,51.52000045776367,53.060001373291016,20915000
2022-03-30,50.11000061035156,51.68000030517578,49.790000915527344,51.529998779296875,30913800
2022-03-31,48.459999084472656,50.43000030517578,48.43000030517578,49.75,31238500
2022-04-01,48.709999084472656,49.470001220703125,47.83000183105469,49.25,29989900
2022-04-04,48.459999084472656,48.65999984741211,47.61000061035156,48.45000076293945,23778300
2022-04-05,48.119998931884766,48.900001525878906,47.77000045776367,47.90999984741211,21757300
2022-04-06,47.88999938964844,48.08000183105469,47.400001525878906,47.689998626708984,26001200
2022-04-07,47.7400016784668,48.29999923706055,46.58000183105469,48.15999984741211,29486500
2022-04-08,48.72999954223633,48.88999938964844,47.93000030517578,48.0,23659800
2022-04-11,49.33000183105469,50.189998626708984,48.91999816894531,48.939998626708984,27041000
2022-04-12,48.41999816894531,49.900001525878906,48.0,49.68000030517578,25791900
2022-04-13,48.540000915527344,48.619998931884766,47.45000076293945,47.540000915527344,20645300
2022-04-14,46.349998474121094,47.81999969482422,45.029998779296875,45.88999938964844,65583200
2022-04-18,47.16999816894531,47.58000183105469,46.150001525878906,46.220001220703125,26120900
2022-04-19,47.83000183105469,48.189998626708984,47.33000183105469,47.38999938964844,19753300
2022-04-20,48.650001525878906,49.369998931884766,48.31999969482422,48.47999954223633,25893000
2022-04-21,47.779998779296875,49.4900016784668,47.599998474121094,49.150001525878906,19027600
2022-04-22,46.34000015258789,47.91999816894531,46.2599983215332,47.689998626708984,21676800
2022-04-25,45.83000183105469,45.970001220703125,44.529998779296875,45.7599983215332,30045500
2022-04-26,44.58000183105469,46.0,44.560001373291016,45.15999984741211,21527400
2022-04-27,44.58000183105469,45.189998626708984,44.13999938964844,44.40999984741211,19520900
2022-04-28,45.16999816894531,45.310001373291016,44.310001373291016,45.040000915527344,17431000
2022-04-29,43.630001068115234,45.400001525878906,43.5099983215332,45.040000915527344,27149400
2022-05-02,43.66999816894531,44.040000915527344,42.61000061035156,43.869998931884766,25009300
2022-05-03,44.15999984741211,44.63999938964844,43.65999984741211,43.900001525878906,21545300
2022-05-04,45.97999954223633,46.130001068115234,44.18000030517578,44.310001373291016,29468000
2022-05-05,44.7599983215332,45.060001373291016,43.45000076293945,45.0,29978600
2022-05-06,44.54999923706055,44.880001068115234,43.52000045776367,44.61000061035156,27035300
2022-05-09,43.959999084472656,44.540000915527344,43.22999954223633,43.970001220703125,27132700
2022-05-10,43.08000183105469,44.709999084472656,42.189998626708984,44.38999938964844,25276100
2022-05-11,42.56999969482422,44.5099983215332,42.4900016784668,43.11000061035156,25291600
2022-05-12,41.810001373291016,42.40999984741211,40.91999816894531,42.22999954223633,30171700
2022-05-13,42.63999938964844,43.189998626708984,42.279998779296875,42.45000076293945,21253200
2022-05-16,42.209999084472656,42.66999816894531,41.70000076293945,42.400001525878906,16837400
2022-05-17,43.709999084472656,43.81999969482422,42.959999084472656,42.9900016784668,23340500
2022-05-18,42.11000061035156,43.310001373291016,41.88999938964844,43.290000915527344,27351300
2022-05-19,42.0,42.310001373291016,41.56999969482422,41.70000076293945,25211900
2022-05-20,41.66999816894531,42.790000915527344,40.7400016784668,42.5099983215332,35410400
2022-05-23,43.81999969482422,44.31999969482422,42.72999954223633,42.72999954223633,27979100
2022-05-24,43.290000915527344,43.77000045776367,42.63999938964844,43.689998626708984,23996000
2022-05-25,44.119998931884766,44.459999084472656,43.029998779296875,43.09000015258789,22343900
2022-05-26,45.599998474121094,45.7599983215332,44.75,44.83000183105469,23502500
2022-05-27,45.88999938964844,46.04999923706055,45.45000076293945,45.70000076293945,19482600
2022-05-31,45.77000045776367,46.27000045776367,45.0,45.34000015258789,40727400
2022-06-01,45.15999984741211,46.06999969482422,44.400001525878906,45.959999084472656,20417900
2022-06-02,45.33000183105469,45.43000030517578,44.5099983215332,45.119998931884766,14633300
2022-06-03,44.81999969482422,45.33000183105469,44.61000061035156,44.83000183105469,12572400
2022-06-06,45.119998931884766,45.88999938964844,44.959999084472656,45.34000015258789,11867200
2022-06-07,45.470001220703125,45.540000915527344,44.630001068115234,44.7599983215332,13281600
2022-06-08,44.630001068115234,45.06999969482422,44.22999954223633,44.880001068115234,12364400
2022-06-09,42.66999816894531,44.630001068115234,42.63999938964844,44.58000183105469,20142400
2022-06-10,40.08000183105469,41.439998626708984,40.02000045776367,41.029998779296875,27619300
2022-06-13,38.9900016784668,39.68000030517578,38.77000045776367,38.97999954223633,27553800
2022-06-14,37.43000030517578,39.29999923706055,37.0099983215332,38.77000045776367,36817600
2022-06-15,38.16999816894531,38.65999984741211,37.33000183105469,38.0,31358100
2022-06-16,37.650001525878906,37.72999954223633,36.540000915527344,37.36000061035156,37991500
2022-06-17,38.47999954223633,38.970001220703125,37.5,37.83000183105469,59114300
2022-06-21,38.9900016784668,39.939998626708984,38.869998931884766,39.86000061035156,24884700
2022-06-22,38.599998474121094,39.06999969482422,38.310001373291016,38.38999938964844,18631700
2022-06-23,37.900001525878906,38.36000061035156,37.150001525878906,38.060001373291016,23143800
2022-06-24,40.7599983215332,41.099998474121094,38.5099983215332,38.68000030517578,39407700
2022-06-27,40.2400016784668,40.9900016784668,39.900001525878906,40.84000015258789,16996800
2022-06-28,40.18000030517578,41.560001373291016,40.08000183105469,40.970001220703125,18136600
2022-06-29,39.709999084472656,40.529998779296875,39.54999923706055,40.27000045776367,15778700
2022-06-30,39.16999816894531,39.709999084472656,38.279998779296875,39.06999969482422,20425700
2022-07-01,39.91999816894531,40.08000183105469,38.459999084472656,38.720001220703125,15333900
2022-07-05,40.099998474121094,40.119998931884766,38.5099983215332,39.0,19144500
2022-07-06,39.5,40.029998779296875,38.91999816894531,39.61000061035156,17014100
2022-07-07,40.119998931884766,40.4900016784668,39.72999954223633,40.209999084472656,21060400
2022-07-08,40.18000030517578,40.70000076293945,39.86000061035156,40.29999923706055,14437500
2022-07-11,39.790000915527344,40.0099983215332,39.2400016784668,39.66999816894531,13111600
2022-07-12,39.599998474121094,40.470001220703125,39.0099983215332,39.08000183105469,15127300
2022-07-13,39.06999969482422,39.349998474121094,38.40999984741211,39.08000183105469,14116800
2022-07-14,38.7400016784668,38.75,37.43000030517578,38.09000015258789,24355300
2022-07-15,41.130001068115234,41.810001373291016,39.22999954223633,39.400001525878906,40328300
2022-07-18,41.189998626708984,42.790000915527344,41.02000045776367,41.93000030517578,17991300
2022-07-19,42.900001525878906,43.06999969482422,41.75,41.880001068115234,25724200
2022-07-20,42.720001220703125,43.029998779296875,42.36000061035156,42.540000915527344,19111200
2022-07-21,43.279998779296875,43.369998931884766,42.279998779296875,42.47999954223633,17809000
2022-07-22,43.16999816894531,43.529998779296875,42.689998626708984,43.16999816894531,15965400
2022-07-25,43.5,43.90999984741211,43.209999084472656,43.529998779296875,20297900
2022-07-26,42.900001525878906,43.68000030517578,42.810001373291016,43.11000061035156,15446700
2022-07-27,43.709999084472656,43.970001220703125,42.689998626708984,42.97999954223633,19498400
2022-07-28,43.31999969482422,43.83000183105469,42.709999084472656,43.54999923706055,14527300
2022-07-29,43.869998931884766,44.349998474121094,43.310001373291016,43.310001373291016,17512700
2022-08-01,43.540000915527344,44.15999984741211,43.15999984741211,43.439998626708984,13668300
2022-08-02,42.880001068115234,43.540000915527344,42.86000061035156,43.4900016784668,17764000
2022-08-03,43.88999938964844,44.56999969482422,43.25,43.38999938964844,17359500
2022-08-04,42.77000045776367,43.599998474121094,42.63999938964844,43.5,15062800
2022-08-05,43.7599983215332,44.29999923706055,42.529998779296875,42.58000183105469,16021000
2022-08-08,43.189998626708984,44.189998626708984,43.130001068115234,43.970001220703125,12879700
2022-08-09,43.400001525878906,43.790000915527344,42.9900016784668,43.220001220703125,10489500
2022-08-10,44.33000183105469,44.70000076293945,44.040000915527344,44.040000915527344,14037600
2022-08-11,45.25,45.61000061035156,44.88999938964844,45.0,14038800
2022-08-12,45.939998626708984,45.959999084472656,45.189998626708984,45.52000045776367,10706000
2022-08-15,45.75,45.81999969482422,44.90999984741211,45.40999984741211,11070300
2022-08-16,46.060001373291016,46.31999969482422,45.349998474121094,45.58000183105469,12234100
2022-08-17,46.13999938964844,46.310001373291016,45.54999923706055,45.720001220703125,13151700
2022-08-18,46.13999938964844,46.20000076293945,45.7599983215332,46.13999938964844,7885900
2022-08-19,45.349998474121094,46.02000045776367,45.040000915527344,45.900001525878906,13142900
2022-08-22,44.40999984741211,44.7400016784668,44.119998931884766,44.599998474121094,12391400
2022-08-23,44.369998931884766,44.959999084472656,44.279998779296875,44.459999084472656,10475100
2022-08-24,44.63999938964844,44.70000076293945,44.02000045776367,44.33000183105469,11706700
2022-08-25,45.38999938964844,45.52000045776367,44.43000030517578,44.790000915527344,11783200
2022-08-26,43.970001220703125,45.720001220703125,43.939998626708984,45.58000183105469,13405200
2022-08-29,43.91999816894531,44.31999969482422,43.58000183105469,43.79999923706055,12504900
2022-08-30,44.13999938964844,44.439998626708984,43.54999923706055,44.2599983215332,14365000
2022-08-31,43.709999084472656,44.59000015258789,43.61000061035156,44.279998779296875,22609100
2022-09-01,43.70000076293945,43.7400016784668,42.79999923706055,43.65999984741211,13173000
2022-09-02,43.380001068115234,44.79999923706055,43.16999816894531,44.29999923706055,13025900
2022-09-06,42.880001068115234,43.880001068115234,42.36000061035156,43.709999084472656,14708700
2022-09-07,43.84000015258789,43.90999984741211,42.25,42.540000915527344,19475800
2022-09-08,45.22999954223633,45.2599983215332,43.34000015258789,43.619998931884766,18500300
2022-09-09,45.33000183105469,45.810001373291016,45.25,45.5099983215332,12875500
2022-09-12,45.529998779296875,46.13999938964844,45.2599983215332,45.68000030517578,12127900
2022-09-13,43.220001220703125,44.529998779296875,43.040000915527344,44.349998474121094,21124900
2022-09-14,43.279998779296875,43.61000061035156,42.25,43.25,15067800
2022-09-15,44.13999938964844,44.689998626708984,43.349998474121094,43.400001525878906,13173200
2022-09-16,43.939998626708984,44.060001373291016,43.33000183105469,43.70000076293945,21238800
2022-09-19,44.31999969482422,44.61000061035156,43.40999984741211,43.43000030517578,11324100
2022-09-20,43.40999984741211,44.290000915527344,43.09000015258789,43.88999938964844,19503900
2022-09-21,42.27000045776367,43.810001373291016,42.2400016784668,43.65999984741211,19207100
2022-09-22,41.52000045776367,42.5099983215332,41.439998626708984,42.4900016784668,15499000
2022-09-23,40.40999984741211,40.97999954223633,39.70000076293945,40.81999969482422,23316200
2022-09-26,40.0099983215332,40.540000915527344,39.34000015258789,40.13999938964844,21420000
2022-09-27,40.029998779296875,40.59000015258789,39.40999984741211,40.209999084472656,17541400
2022-09-28,40.810001373291016,41.060001373291016,39.900001525878906,39.900001525878906,16033500
2022-09-29,40.5,40.689998626708984,39.77000045776367,40.15999984741211,14811300
2022-09-30,40.220001220703125,41.13999938964844,40.18000030517578,40.63999938964844,21182200
2022-10-03,41.58000183105469,41.79999923706055,40.63999938964844,41.290000915527344,16827600
2022-10-04,43.540000915527344,43.59000015258789,42.15999984741211,42.15999984741211,18601300
2022-10-05,43.310001373291016,43.540000915527344,42.560001373291016,42.83000183105469,15873400
2022-10-06,42.2400016784668,43.13999938964844,42.209999084472656,42.869998931884766,15634800
2022-10-07,41.790000915527344,42.119998931884766,41.38999938964844,42.029998779296875,17186700
2022-10-10,41.45000076293945,42.11000061035156,41.150001525878906,41.939998626708984,10973700
2022-10-11,40.22999954223633,41.31999969482422,40.060001373291016,41.220001220703125,19135900
2022-10-12,40.5099983215332,41.220001220703125,39.959999084472656,40.2400016784668,16469900
2022-10-13,42.380001068115234,42.66999816894531,39.75,39.75,23808700
2022-10-14,43.16999816894531,44.93000030517578,43.130001068115234,43.79999923706055,33954200
2022-10-17,43.959999084472656,45.189998626708984,43.88999938964844,44.65999984741211,24507000
2022-10-18,44.66999816894531,45.29999923706055,43.81999969482422,45.11000061035156,24810400
2022-10-19,43.619998931884766,44.52000045776367,43.29999923706055,44.18000030517578,17876800
2022-10-20,43.650001525878906,44.43000030517578,43.5,43.68000030517578,17572700
2022-10-21,44.83000183105469,44.880001068115234,43.56999969482422,43.63999938964844,18632800
2022-10-24,45.20000076293945,45.529998779296875,44.83000183105469,44.95000076293945,16154300
2022-10-25,45.369998931884766,45.599998474121094,44.369998931884766,44.779998779296875,16362200
2022-10-26,45.70000076293945,46.209999084472656,45.470001220703125,45.65999984741211,15010800
2022-10-27,45.650001525878906,46.4900016784668,45.54999923706055,46.02000045776367,14655500
2022-10-28,46.349998474121094,46.4900016784668,45.470001220703125,45.90999984741211,14990400
2022-10-31,45.9900016784668,46.52000045776367,45.97999954223633,46.13999938964844,14000000
2022-11-01,46.95000076293945,47.060001373291016,46.2599983215332,46.58000183105469,22409100
2022-11-02,46.880001068115234,47.54999923706055,46.4900016784668,46.880001068115234,29246700
2022-11-03,45.540000915527344,46.20000076293945,45.40999984741211,46.20000076293945,17140100
2022-11-04,46.7400016784668,46.90999984741211,45.900001525878906,46.33000183105469,27082500
2022-11-07,47.06999969482422,47.81999969482422,46.810001373291016,47.130001068115234,17713300
2022-11-08,47.18000030517578,47.470001220703125,46.720001220703125,47.25,14842700
2022-11-09,45.970001220703125,47.0,45.95000076293945,46.79999923706055,18318700
2022-11-10,47.95000076293945,48.11000061035156,46.93000030517578,47.02000045776367,23091900
2022-11-11,47.54999923706055,48.36000061035156,47.33000183105469,48.099998474121094,18076600
2022-11-14,46.869998931884766,47.56999969482422,46.869998931884766,47.20000076293945,13929900
2022-11-15,46.709999084472656,47.5099983215332,46.2400016784668,47.380001068115234,19076000
2022-11-16,46.209999084472656,46.849998474121094,46.029998779296875,46.66999816894531,14713300
2022-11-17,45.9900016784668,46.16999816894531,45.470001220703125,45.720001220703125,11350900
2022-11-18,46.5,46.77000045776367,45.970001220703125,46.720001220703125,10515300
2022-11-21,46.84000015258789,47.09000015258789,46.380001068115234,46.380001068115234,11656800
2022-11-22,47.11000061035156,47.400001525878906,46.90999984741211,47.130001068115234,11684900
2022-11-23,47.33000183105469,47.5,46.9900016784668,47.119998931884766,10878500
2022-11-25,47.439998626708984,47.63999938964844,47.02000045776367,47.36000061035156,4913300
2022-11-28,46.97999954223633,47.75,46.91999816894531,47.119998931884766,12492600
2022-11-29,47.56999969482422,47.650001525878906,47.040000915527344,47.18000030517578,13344900
2022-11-30,47.95000076293945,47.95000076293945,46.13999938964844,47.31999969482422,26417000
2022-12-01,46.869998931884766,48.18000030517578,46.459999084472656,47.93000030517578,15980300
2022-12-02,45.939998626708984,46.52000045776367,44.880001068115234,46.38999938964844,29820400
2022-12-05,43.65999984741211,45.880001068115234,43.619998931884766,45.70000076293945,32574600
2022-12-06,43.400001525878906,43.849998474121094,42.65999984741211,43.68000030517578,25961400
2022-12-07,42.45000076293945,43.34000015258789,42.439998626708984,43.09000015258789,24114900
2022-12-08,42.58000183105469,42.88999938964844,42.11000061035156,42.709999084472656,17161400
2022-12-09,42.5,42.91999816894531,42.31999969482422,42.33000183105469,16023700
2022-12-12,42.86000061035156,42.93000030517578,42.11000061035156,42.599998474121094,18428900
2022-12-13,42.619998931884766,44.08000183105469,42.11000061035156,43.880001068115234,31496000
2022-12-14,42.18000030517578,43.22999954223633,41.95000076293945,42.59000015258789,22044400
2022-12-15,41.369998931884766,41.709999084472656,41.0099983215332,41.41999816894531,16766600
2022-12-16,41.189998626708984,41.45000076293945,40.849998474121094,41.029998779296875,29836200
2022-12-19,41.81999969482422,41.90999984741211,41.11000061035156,41.34000015258789,17454200
2022-12-20,40.97999954223633,42.560001373291016,40.970001220703125,41.290000915527344,25415400
2022-12-21,41.119998931884766,41.63999938964844,40.91999816894531,41.36000061035156,20170800
2022-12-22,40.68000030517578,40.7400016784668,40.02000045776367,40.709999084472656,17382700
2022-12-23,40.97999954223633,41.0,40.45000076293945,40.689998626708984,10167500
2022-12-27,41.040000915527344,41.13999938964844,40.61000061035156,41.0099983215332,10297400
2022-12-28,41.119998931884766,41.380001068115234,40.86000061035156,40.939998626708984,11889400
2022-12-29,41.33000183105469,41.400001525878906,41.060001373291016,41.150001525878906,11597100
2022-12-30,41.290000915527344,41.43000030517578,40.9900016784668,41.11000061035156,10021500
2023-01-03,41.790000915527344,42.13999938964844,41.45000076293945,41.61000061035156,15944300
2023-01-04,42.650001525878906,43.060001373291016,42.22999954223633,42.2599983215332,18943600
2023-01-05,42.41999816894531,42.630001068115234,41.93000030517578,42.58000183105469,12380700
2023-01-06,42.79999923706055,43.0,42.099998474121094,42.59000015258789,15247000
2023-01-09,42.38999938964844,43.130001068115234,42.15999984741211,43.119998931884766,21225600
2023-01-10,42.36000061035156,42.880001068115234,42.02000045776367,42.66999816894531,18348800
2023-01-11,42.7400016784668,42.83000183105469,42.02000045776367,42.380001068115234,18272100
2023-01-12,42.83000183105469,43.54999923706055,42.79999923706055,43.04999923706055,20940400
2023-01-13,44.220001220703125,44.36000061035156,40.459999084472656,41.380001068115234,41649700
2023-01-17,44.119998931884766,44.369998931884766,43.18000030517578,43.84000015258789,25473900
2023-01-18,43.380001068115234,44.61000061035156,43.29999923706055,43.959999084472656,20278000
2023-01-19,42.95000076293945,43.20000076293945,42.52000045776367,42.90999984741211,18565300
2023-01-20,43.91999816894531,43.939998626708984,42.7599983215332,43.08000183105469,23237200
2023-01-23,45.029998779296875,45.18000030517578,43.869998931884766,43.939998626708984,19692000
2023-01-24,44.45000076293945,45.20000076293945,44.369998931884766,44.90999984741211,13697200
2023-01-25,45.34000015258789,45.41999816894531,44.029998779296875,44.04999923706055,17285300
2023-01-26,45.810001373291016,45.900001525878906,45.15999984741211,45.529998779296875,16724600
2023-01-27,46.119998931884766,46.369998931884766,45.810001373291016,45.810001373291016,18161800
2023-01-30,46.290000915527344,46.650001525878906,45.810001373291016,45.90999984741211,19427400
2023-01-31,46.869998931884766,46.880001068115234,46.060001373291016,46.31999969482422,22840400
2023-02-01,47.33000183105469,47.79999923706055,46.470001220703125,46.65999984741211,21874600
2023-02-02,47.22999954223633,47.56999969482422,46.43000030517578,47.31999969482422,19058000
2023-02-03,47.58000183105469,48.040000915527344,46.95000076293945,47.0,17346900
2023-02-06,47.68000030517578,47.7599983215332,47.150001525878906,47.2599983215332,15948900
2023-02-07,48.130001068115234,48.40999984741211,47.349998474121094,47.439998626708984,21764800
2023-02-08,48.25,48.61000061035156,47.61000061035156,47.70000076293945,18070500
2023-02-09,47.56999969482422,48.630001068115234,47.4900016784668,48.470001220703125,17362100
2023-02-10,47.5099983215332,47.709999084472656,46.97999954223633,47.40999984741211,18929000
2023-02-13,48.130001068115234,48.150001525878906,47.130001068115234,47.34000015258789,16451700
2023-02-14,48.5,48.84000015258789,47.75,47.93000030517578,16844400
2023-02-15,47.970001220703125,48.2599983215332,47.70000076293945,47.91999816894531,12854000
2023-02-16,47.220001220703125,47.810001373291016,47.189998626708984,47.599998474121094,12631700
2023-02-17,47.4900016784668,47.56999969482422,47.02000045776367,47.09000015258789,13463800
2023-02-21,46.2400016784668,47.06999969482422,45.970001220703125,47.06999969482422,13652700
2023-02-22,46.0099983215332,46.22999954223633,45.689998626708984,45.95000076293945,13402900
2023-02-23,46.25,46.439998626708984,45.790000915527344,46.119998931884766,14783600
2023-02-24,46.619998931884766,46.7599983215332,45.70000076293945,45.84000015258789,16040300
2023-02-27,46.779998779296875,47.43000030517578,46.720001220703125,46.939998626708984,15468200
2023-02-28,46.77000045776367,47.029998779296875,46.540000915527344,46.66999816894531,18627200
2023-03-01,46.68000030517578,46.91999816894531,46.25,46.5,13382200
2023-03-02,45.79999923706055,46.619998931884766,45.380001068115234,46.459999084472656,19115000
2023-03-03,46.849998474121094,46.97999954223633,45.90999984741211,46.02000045776367,14947200
2023-03-06,46.630001068115234,47.18000030517578,46.5099983215332,46.880001068115234,14236000
2023-03-07,44.45000076293945,46.27000045776367,44.119998931884766,46.189998626708984,24056800
2023-03-08,43.84000015258789,44.560001373291016,43.599998474121094,44.2599983215332,14852000
2023-03-09,41.130001068115234,43.529998779296875,40.83000183105469,43.439998626708984,33599800
2023-03-10,41.36000061035156,42.36000061035156,39.72999954223633,40.58000183105469,55435400
2023-03-13,38.40999984741211,40.54999923706055,38.209999084472656,39.79999923706055,78806900
2023-03-14,40.16999816894531,41.599998474121094,39.369998931884766,41.5,52855100
2023-03-15,38.849998474121094,38.97999954223633,38.08000183105469,38.29999923706055,47324600
2023-03-16,39.29999923706055,40.060001373291016,38.150001525878906,38.630001068115234,40388800
2023-03-17,37.7599983215332,38.7599983215332,37.529998779296875,38.7599983215332,47403800
2023-03-20,37.47999954223633,38.45000076293945,37.45000076293945,38.119998931884766,34283700
2023-03-21,38.47999954223633,38.959999084472656,38.36000061035156,38.599998474121094,34664700
2023-03-22,37.20000076293945,38.709999084472656,37.189998626708984,38.709999084472656,22994400
2023-03-23,36.61000061035156,37.63999938964844,36.5099983215332,37.4900016784668,30239900
2023-03-24,36.22999954223633,36.47999954223633,35.25,36.0,35694800
2023-03-27,37.470001220703125,37.689998626708984,36.959999084472656,37.02000045776367,27454600
2023-03-28,37.18000030517578,37.59000015258789,36.869998931884766,37.36000061035156,15270000
2023-03-29,37.970001220703125,38.0099983215332,37.29999923706055,37.599998474121094,20789100
2023-03-30,37.380001068115234,38.5,37.16999816894531,38.29999923706055,22340400
2023-03-31,37.380001068115234,37.95000076293945,37.310001373291016,37.72999954223633,30287900
2023-04-03,37.720001220703125,38.15999984741211,37.400001525878906,37.52000045776367,21541000
2023-04-04,36.810001373291016,37.79999923706055,36.38999938964844,37.70000076293945,21942700
2023-04-05,36.88999938964844,37.0099983215332,36.27000045776367,36.5,15486900
2023-04-06,37.900001525878906,38.099998474121094,37.060001373291016,37.11000061035156,23484900
2023-04-10,38.630001068115234,38.709999084472656,37.61000061035156,37.70000076293945,27005800
2023-04-11,39.369998931884766,39.540000915527344,38.709999084472656,38.77000045776367,25116100
2023-04-12,39.189998626708984,39.849998474121094,38.88999938964844,39.41999816894531,20252900
2023-04-13,39.65999984741211,39.68000030517578,39.040000915527344,39.31999969482422,22397800
2023-04-14,39.63999938964844,40.5099983215332,39.119998931884766,39.75,40963100
2023-04-17,41.29999923706055,41.29999923706055,39.560001373291016,39.83000183105469,31445100
2023-04-18,41.869998931884766,42.060001373291016,41.13999938964844,41.209999084472656,27892300
2023-04-19,42.2400016784668,42.40999984741211,41.790000915527344,41.970001220703125,23310500
2023-04-20,41.66999816894531,42.04999923706055,41.45000076293945,41.869998931884766,19265500
2023-04-21,41.2400016784668,41.400001525878906,40.209999084472656,41.209999084472656,23975300
2023-04-24,41.45000076293945,41.599998474121094,41.040000915527344,41.130001068115234,17327800
2023-04-25,40.54999923706055,41.060001373291016,40.38999938964844,40.70000076293945,20728000
2023-04-26,39.459999084472656,40.45000076293945,39.2400016784668,40.2400016784668,26915600
2023-04-27,39.65999984741211,39.779998779296875,39.31999969482422,39.529998779296875,21695800
2023-04-28,39.75,39.91999816894531,38.959999084472656,39.25,20193000
2023-05-01,40.38999938964844,41.18000030517578,40.189998626708984,40.4900016784668,26564300
2023-05-02,38.84000015258789,40.0099983215332,38.31999969482422,40.0099983215332,36239500
2023-05-03,38.650001525878906,39.66999816894531,38.61000061035156,39.029998779296875,25202700
2023-05-04,36.720001220703125,38.08000183105469,36.400001525878906,37.68000030517578,53247000
2023-05-05,37.939998626708984,38.279998779296875,37.33000183105469,37.459999084472656,27039700
2023-05-08,38.380001068115234,38.779998779296875,38.150001525878906,38.43000030517578,22735400
2023-05-09,38.540000915527344,38.66999816894531,37.77000045776367,37.939998626708984,18999100
2023-05-10,38.279998779296875,39.22999954223633,37.900001525878906,39.20000076293945,17941600
2023-05-11,38.33000183105469,38.47999954223633,37.40999984741211,37.7599983215332,18536200
2023-05-12,37.4900016784668,38.529998779296875,37.18000030517578,38.459999084472656,17658600
2023-05-15,38.77000045776367,39.099998474121094,37.459999084472656,37.599998474121094,24405800
2023-05-16,38.38999938964844,38.77000045776367,38.31999969482422,38.68000030517578,21821200
2023-05-17,40.459999084472656,40.61000061035156,38.88999938964844,38.9900016784668,29241600
2023-05-18,40.209999084472656,40.31999969482422,39.56999969482422,40.31999969482422,27213900
2023-05-19,40.029998779296875,40.459999084472656,39.619998931884766,40.33000183105469,19774900
2023-05-22,40.97999954223633,41.22999954223633,40.099998474121094,40.20000076293945,27519400
2023-05-23,41.209999084472656,42.119998931884766,40.97999954223633,41.0099983215332,26116600
2023-05-24,40.869998931884766,41.290000915527344,40.68000030517578,40.88999938964844,21193700
2023-05-25,40.900001525878906,41.290000915527344,40.52000045776367,40.619998931884766,17691800
2023-05-26,41.22999954223633,41.52000045776367,40.7599983215332,40.900001525878906,17399400
2023-05-30,40.97999954223633,41.41999816894531,40.34000015258789,41.2400016784668,14752600
2023-05-31,39.810001373291016,40.470001220703125,39.29999923706055,40.290000915527344,27221100
2023-06-01,40.060001373291016,40.529998779296875,39.68000030517578,40.209999084472656,17079400
2023-06-02,41.2400016784668,41.54999923706055,40.380001068115234,40.619998931884766,16906100
2023-06-05,40.45000076293945,41.15999984741211,40.439998626708984,41.15999984741211,18443900
2023-06-06,41.2599983215332,41.619998931884766,40.2599983215332,40.400001525878906,18825100
2023-06-07,42.06999969482422,42.13999938964844,40.9900016784668,41.45000076293945,17781800
2023-06-08,42.369998931884766,42.400001525878906,41.560001373291016,41.70000076293945,17157300
2023-06-09,42.130001068115234,42.470001220703125,42.029998779296875,42.33000183105469,11098900
2023-06-12,41.83000183105469,42.7599983215332,41.40999984741211,42.11000061035156,19433400
2023-06-13,42.650001525878906,43.34000015258789,41.529998779296875,41.68000030517578,18864000
2023-06-14,42.08000183105469,42.9900016784668,41.9900016784668,42.75,14826100
2023-06-15,42.36000061035156,42.41999816894531,41.619998931884766,41.81999969482422,14188200
2023-06-16,42.18000030517578,42.7400016784668,42.060001373291016,42.58000183105469,36422100
2023-06-20,41.88999938964844,42.13999938964844,41.34000015258789,42.119998931884766,16679600
2023-06-21,41.650001525878906,41.959999084472656,41.529998779296875,41.849998474121094,11686500
2023-06-22,41.060001373291016,41.630001068115234,40.91999816894531,41.54999923706055,11504400
2023-06-23,40.61000061035156,40.7400016784668,40.29999923706055,40.529998779296875,18952000
2023-06-26,40.59000015258789,41.220001220703125,40.459999084472656,40.779998779296875,13618500
2023-06-27,40.90999984741211,41.060001373291016,40.34000015258789,40.619998931884766,11749600
2023-06-28,40.619998931884766,40.939998626708984,40.380001068115234,40.91999816894531,13959600
2023-06-29,42.45000076293945,42.5099983215332,41.369998931884766,41.47999954223633,23956300
2023-06-30,42.68000030517578,43.220001220703125,42.619998931884766,42.95000076293945,20062200
2023-07-03,43.400001525878906,43.599998474121094,42.7400016784668,42.880001068115234,9249100
2023-07-05,43.47999954223633,43.619998931884766,42.77000045776367,43.22999954223633,15722200
2023-07-06,42.88999938964844,43.310001373291016,42.2400016784668,43.220001220703125,14978600
2023-07-07,42.77000045776367,43.43000030517578,42.59000015258789,42.59000015258789,13506500
2023-07-10,42.31999969482422,42.9900016784668,42.279998779296875,42.709999084472656,16675800
2023-07-11,42.7400016784668,42.93000030517578,42.06999969482422,42.349998474121094,15401100
2023-07-12,43.2599983215332,43.849998474121094,43.0099983215332,43.310001373291016,13998300
2023-07-13,43.709999084472656,43.7599983215332,43.29999923706055,43.470001220703125,18034800
2023-07-14,43.560001373291016,45.310001373291016,43.29999923706055,44.75,30897600
2023-07-17,44.7400016784668,45.130001068115234,43.54999923706055,43.560001373291016,25173900
2023-07-18,45.599998474121094,45.70000076293945,44.599998474121094,44.77000045776367,24183200
2023-07-19,46.2599983215332,46.56999969482422,45.540000915527344,45.93000030517578,18932700
2023-07-20,47.130001068115234,47.2400016784668,46.209999084472656,46.369998931884766,18927200
2023-07-21,45.959999084472656,47.209999084472656,45.95000076293945,47.18000030517578,16215400
2023-07-24,46.41999816894531,46.83000183105469,45.959999084472656,45.970001220703125,12053200
2023-07-25,45.47999954223633,46.63999938964844,45.43000030517578,46.38999938964844,13537400
2023-07-26,46.439998626708984,46.83000183105469,46.11000061035156,46.47999954223633,19520900
2023-07-27,45.77000045776367,47.16999816894531,45.58000183105469,46.560001373291016,19509600
2023-07-28,46.13999938964844,46.22999954223633,45.56999969482422,46.04999923706055,12616400
2023-07-31,46.15999984741211,46.68000030517578,45.86000061035156,46.34000015258789,11696600
2023-08-01,45.709999084472656,46.15999984741211,45.34000015258789,46.0099983215332,12699200
2023-08-02,45.099998474121094,45.16999816894531,44.560001373291016,45.099998474121094,13911700
2023-08-03,45.150001525878906,45.38999938964844,44.5099983215332,44.709999084472656,12145400
2023-08-04,44.849998474121094,45.70000076293945,44.709999084472656,45.099998474121094,10840800
2023-08-07,45.060001373291016,45.459999084472656,44.91999816894531,45.18000030517578,10860300
2023-08-08,44.47999954223633,44.54999923706055,43.380001068115234,43.97999954223633,14520000
2023-08-09,43.720001220703125,44.25,43.56999969482422,44.220001220703125,11973800
2023-08-10,43.66999816894531,44.38999938964844,43.619998931884766,44.0,11982200
2023-08-11,43.72999954223633,43.849998474121094,43.380001068115234,43.5099983215332,7316000
2023-08-14,43.7400016784668,43.90999984741211,43.27000045776367,43.529998779296875,10677000
2023-08-15,42.72999954223633,43.2599983215332,42.52000045776367,43.130001068115234,13835900
2023-08-16,42.220001220703125,42.72999954223633,42.13999938964844,42.65999984741211,10076700
2023-08-17,42.470001220703125,42.75,42.2599983215332,42.470001220703125,12686000
2023-08-18,42.5,42.790000915527344,42.04999923706055,42.099998474121094,10797300
2023-08-21,42.4900016784668,42.869998931884766,42.119998931884766,42.650001525878906,12600400
2023-08-22,41.5,42.56999969482422,41.43000030517578,42.459999084472656,13634500
2023-08-23,41.61000061035156,41.63999938964844,41.220001220703125,41.560001373291016,11927400
2023-08-24,41.43000030517578,42.18000030517578,41.38999938964844,41.45000076293945,10363300
2023-08-25,41.22999954223633,41.79999923706055,40.77000045776367,41.63999938964844,12534700
2023-08-28,41.880001068115234,42.06999969482422,41.290000915527344,41.40999984741211,10314500
2023-08-29,42.0,42.369998931884766,41.650001525878906,41.869998931884766,14404800
2023-08-30,41.540000915527344,42.130001068115234,41.470001220703125,42.060001373291016,12536300
2023-08-31,41.290000915527344,41.709999084472656,41.11000061035156,41.68000030517578,21534900
2023-09-01,41.650001525878906,41.9900016784668,41.5099983215332,41.54999923706055,12890300
2023-09-05,41.540000915527344,42.279998779296875,41.310001373291016,41.650001525878906,14337200
2023-09-06,41.02000045776367,41.400001525878906,40.599998474121094,41.209999084472656,18775400
2023-09-07,40.43000030517578,41.02000045776367,40.29999923706055,40.72999954223633,13801000
2023-09-08,41.0,41.119998931884766,40.33000183105469,40.45000076293945,13921200
2023-09-11,41.33000183105469,41.720001220703125,41.209999084472656,41.380001068115234,15053800
2023-09-12,42.540000915527344,42.970001220703125,41.27000045776367,41.40999984741211,18393900
2023-09-13,42.25,42.880001068115234,42.119998931884766,42.709999084472656,15274200
2023-09-14,43.04999923706055,43.38999938964844,42.70000076293945,42.810001373291016,20764500
2023-09-15,42.95000076293945,43.310001373291016,42.61000061035156,42.66999816894531,47371800
2023-09-18,43.43000030517578,43.599998474121094,42.77000045776367,42.9900016784668,15849700
2023-09-19,43.220001220703125,43.7400016784668,42.900001525878906,43.54999923706055,15318100
2023-09-20,42.869998931884766,43.720001220703125,42.81999969482422,43.400001525878906,16788100
2023-09-21,42.31999969482422,43.16999816894531,42.290000915527344,42.75,14990500
2023-09-22,41.22999954223633,42.38999938964844,41.150001525878906,42.33000183105469,16780300
2023-09-25,41.560001373291016,41.619998931884766,40.77000045776367,40.880001068115234,10624000
2023-09-26,40.650001525878906,41.310001373291016,40.36000061035156,41.04999923706055,15219400
2023-09-27,40.86000061035156,41.20000076293945,40.459999084472656,40.630001068115234,11815500
2023-09-28,40.90999984741211,41.20000076293945,40.720001220703125,40.84000015258789,12454600
2023-09-29,40.86000061035156,41.38999938964844,40.58000183105469,41.20000076293945,13124500
2023-10-02,39.61000061035156,40.7599983215332,39.439998626708984,40.70000076293945,15102000
2023-10-03,38.66999816894531,39.470001220703125,38.470001220703125,39.380001068115234,19252900
2023-10-04,38.970001220703125,39.11000061035156,38.38999938964844,38.5099983215332,14343500
2023-10-05,39.29999923706055,39.41999816894531,38.599998474121094,38.7599983215332,11820600
2023-10-06,39.689998626708984,39.88999938964844,38.7599983215332,38.88999938964844,13976800
2023-10-09,39.70000076293945,39.79999923706055,39.099998474121094,39.11000061035156,12096600
2023-10-10,39.81999969482422,40.380001068115234,39.720001220703125,39.91999816894531,14429700
2023-10-11,39.689998626708984,40.209999084472656,39.25,40.0099983215332,14835900
2023-10-12,39.7400016784668,40.0099983215332,39.31999969482422,39.689998626708984,14878100
2023-10-13,40.959999084472656,41.63999938964844,40.470001220703125,40.83000183105469,28077900
2023-10-16,41.650001525878906,42.16999816894531,41.400001525878906,41.470001220703125,18419000
2023-10-17,41.97999954223633,42.369998931884766,41.43000030517578,41.43000030517578,16982300
2023-10-18,41.529998779296875,41.939998626708984,41.349998474121094,41.70000076293945,16053200
2023-10-19,41.18000030517578,42.220001220703125,41.15999984741211,41.47999954223633,16120300
2023-10-20,40.27000045776367,41.09000015258789,39.939998626708984,41.04999923706055,17498900
2023-10-23,39.47999954223633,40.380001068115234,39.41999816894531,40.2599983215332,13785800
2023-10-24,39.279998779296875,39.83000183105469,39.2400016784668,39.619998931884766,15097800
2023-10-25,39.029998779296875,39.209999084472656,38.58000183105469,39.06999969482422,13849000
2023-10-26,39.650001525878906,39.97999954223633,38.97999954223633,39.02000045776367,15480300
2023-10-27,38.7599983215332,39.40999984741211,38.619998931884766,39.380001068115234,13582800
2023-10-30,39.43000030517578,39.59000015258789,38.689998626708984,39.099998474121094,14141900
2023-10-31,39.77000045776367,39.810001373291016,39.2400016784668,39.63999938964844,11919200
2023-11-01,39.61000061035156,39.97999954223633,39.279998779296875,39.959999084472656,19850300
2023-11-02,40.5099983215332,40.540000915527344,39.38999938964844,39.7400016784668,19998500
2023-11-03,41.619998931884766,41.86000061035156,41.06999969482422,41.16999816894531,16147500
2023-11-06,41.34000015258789,41.790000915527344,41.150001525878906,41.790000915527344,15148600
2023-11-07,41.040000915527344,41.20000076293945,40.7400016784668,41.18000030517578,13796900
2023-11-08,40.97999954223633,41.189998626708984,40.43000030517578,41.06999969482422,19418700
2023-11-09,40.400001525878906,41.380001068115234,40.27000045776367,41.29999923706055,14006500
2023-11-10,40.88999938964844,40.95000076293945,40.36000061035156,40.630001068115234,14706600
2023-11-13,40.77000045776367,41.060001373291016,40.529998779296875,40.7400016784668,12159700
2023-11-14,42.08000183105469,42.380001068115234,41.459999084472656,41.5,20183800
2023-11-15,42.84000015258789,43.029998779296875,42.06999969482422,42.06999969482422,17268100
2023-11-16,42.529998779296875,42.959999084472656,41.9900016784668,42.81999969482422,16931200
2023-11-17,42.959999084472656,42.9900016784668,42.439998626708984,42.83000183105469,13893800
2023-11-20,42.790000915527344,42.95000076293945,42.5099983215332,42.86000061035156,10369100
2023-11-21,42.599998474121094,42.72999954223633,42.150001525878906,42.63999938964844,16078400
2023-11-22,42.779998779296875,42.83000183105469,42.400001525878906,42.65999984741211,11862200
2023-11-24,42.91999816894531,43.11000061035156,42.72999954223633,42.79999923706055,5287200
2023-11-27,43.02000045776367,43.029998779296875,42.52000045776367,42.63999938964844,15715000
2023-11-28,43.369998931884766,43.45000076293945,42.790000915527344,42.970001220703125,15332900
2023-11-29,43.779998779296875,44.13999938964844,43.630001068115234,43.689998626708984,16746000
2023-11-30,44.59000015258789,44.75,43.47999954223633,43.810001373291016,23247500
2023-12-01,45.02000045776367,45.2400016784668,44.380001068115234,44.5099983215332,18116100
2023-12-04,45.119998931884766,45.33000183105469,44.52000045776367,44.709999084472656,13424000
2023-12-05,44.4900016784668,44.970001220703125,44.40999984741211,44.95000076293945,14531700
2023-12-06,44.5,45.25,44.43000030517578,44.79999923706055,18923800
2023-12-07,45.400001525878906,45.439998626708984,44.650001525878906,44.790000915527344,18787800
2023-12-08,46.099998474121094,46.34000015258789,45.119998931884766,45.36000061035156,20238400
2023-12-11,46.0,46.220001220703125,45.56999969482422,45.900001525878906,21116900
2023-12-12,46.470001220703125,46.7599983215332,45.810001373291016,45.939998626708984,19787100
2023-12-13,47.7599983215332,47.779998779296875,46.349998474121094,46.5,26549100
2023-12-14,50.5099983215332,50.54999923706055,48.439998626708984,48.439998626708984,41115400
2023-12-15,50.310001373291016,50.77000045776367,49.91999816894531,50.099998474121094,44099200
2023-12-18,49.65999984741211,50.47999954223633,49.529998779296875,50.40999984741211,20531700
2023-12-19,50.09000015258789,50.31999969482422,49.310001373291016,49.66999816894531,20556400
2023-12-20,49.34000015258789,50.56999969482422,49.290000915527344,49.83000183105469,20481500
2023-12-21,49.45000076293945,49.83000183105469,49.130001068115234,49.619998931884766,11127700
2023-12-22,49.18000030517578,49.86000061035156,49.09000015258789,49.65999984741211,10450400
2023-12-26,49.63999938964844,49.66999816894531,49.029998779296875,49.15999984741211,8856600
2023-12-27,49.33000183105469,49.56999969482422,49.150001525878906,49.40999984741211,12536700
2023-12-28,49.47999954223633,49.650001525878906,49.09000015258789,49.13999938964844,9872600
2023-12-29,49.220001220703125,49.58000183105469,49.209999084472656,49.349998474121094,11733600
2024-01-02,49.33000183105469,49.7599983215332,48.81999969482422,49.04999923706055,14916000
2024-01-03,48.68000030517578,49.09000015258789,48.31999969482422,49.09000015258789,21653600
2024-01-04,49.279998779296875,49.86000061035156,48.77000045776367,48.81999969482422,15917500
2024-01-05,49.91999816894531,50.470001220703125,49.290000915527344,49.400001525878906,15074800
2024-01-08,49.91999816894531,49.9900016784668,49.150001525878906,49.380001068115234,15119700
2024-01-09,49.290000915527344,49.459999084472656,49.04999923706055,49.439998626708984,13625200
2024-01-10,49.08000183105469,49.119998931884766,48.61000061035156,49.0,11849800
2024-01-11,49.040000915527344,49.08000183105469,48.34000015258789,48.88999938964844,21049200
2024-01-12,47.400001525878906,48.779998779296875,47.0,47.95000076293945,30454100
2024-01-16,46.81999969482422,47.060001373291016,46.220001220703125,46.77000045776367,25209900
2024-01-17,46.66999816894531,47.060001373291016,46.209999084472656,46.2400016784668,17445600
2024-01-18,46.439998626708984,46.619998931884766,46.119998931884766,46.54999923706055,17901300
2024-01-19,48.119998931884766,48.18000030517578,46.380001068115234,46.630001068115234,25606900
2024-01-22,48.529998779296875,48.93000030517578,48.15999984741211,48.22999954223633,19372200
2024-01-23,49.119998931884766,49.220001220703125,48.400001525878906,48.650001525878906,16422100
2024-01-24,49.4900016784668,50.09000015258789,49.25,49.369998931884766,17776000
2024-01-25,49.880001068115234,49.939998626708984,49.5,49.68000030517578,17979600
2024-01-26,50.31999969482422,50.5,49.77000045776367,49.84000015258789,19211100
2024-01-29,50.349998474121094,50.66999816894531,49.9900016784668,50.15999984741211,16725200
2024-01-30,51.189998626708984,51.27000045776367,50.619998931884766,50.630001068115234,14736800
2024-01-31,50.18000030517578,51.439998626708984,50.15999984741211,51.0099983215332,20394400
2024-02-01,48.72999954223633,49.970001220703125,47.880001068115234,49.81999969482422,27566100
2024-02-02,49.15999984741211,49.56999969482422,48.060001373291016,48.5,19329000
2024-02-05,48.70000076293945,48.91999816894531,48.2400016784668,48.61000061035156,14202700
2024-02-06,48.290000915527344,49.119998931884766,48.0099983215332,48.52000045776367,13926600
2024-02-07,48.47999954223633,48.599998474121094,47.45000076293945,48.45000076293945,15839600
2024-02-08,48.349998474121094,48.5,48.060001373291016,48.18000030517578,10839200
2024-02-09,48.060001373291016,48.27000045776367,47.470001220703125,48.220001220703125,16594000
2024-02-12,48.91999816894531,49.290000915527344,47.880001068115234,48.0,14101900
2024-02-13,48.2400016784668,48.709999084472656,47.59000015258789,48.400001525878906,13660100
2024-02-14,48.529998779296875,48.720001220703125,47.959999084472656,48.599998474121094,12683400
2024-02-15,52.040000915527344,52.45000076293945,48.619998931884766,48.72999954223633,46473600
2024-02-16,51.90999984741211,52.31999969482422,51.31999969482422,51.939998626708984,24359700
2024-02-20,51.77000045776367,52.2400016784668,51.27000045776367,51.5,19839100
2024-02-21,52.65999984741211,52.68000030517578,51.130001068115234,51.63999938964844,18562500
2024-02-22,53.369998931884766,53.90999984741211,52.75,52.83000183105469,20467900
2024-02-23,53.86000061035156,54.02000045776367,53.41999816894531,53.529998779296875,20863500
2024-02-26,54.130001068115234,54.560001373291016,53.68000030517578,53.75,18099900
2024-02-27,54.810001373291016,54.88999938964844,54.2400016784668,54.279998779296875,19548200
2024-02-28,54.720001220703125,55.41999816894531,54.56999969482422,54.7400016784668,20045200
2024-02-29,55.59000015258789,55.70000076293945,54.939998626708984,55.040000915527344,28335600
2024-03-01,55.060001373291016,55.75,54.900001525878906,55.400001525878906,17761000
2024-03-04,55.810001373291016,56.560001373291016,54.72999954223633,54.869998931884766,19483500
2024-03-05,56.599998474121094,57.099998474121094,55.43000030517578,55.709999084472656,21786100
2024-03-06,57.11000061035156,57.38999938964844,56.27000045776367,56.81999969482422,25418600
2024-03-07,57.0,57.68000030517578,56.869998931884766,57.04999923706055,18116300
2024-03-08,57.06999969482422,57.540000915527344,56.880001068115234,57.209999084472656,17872500
2024-03-11,57.09000015258789,57.349998474121094,56.52000045776367,56.779998779296875,16622000
2024-03-12,57.61000061035156,58.11000061035156,57.099998474121094,57.25,23622800
2024-03-13,57.81999969482422,58.439998626708984,57.619998931884766,57.619998931884766,17444900
2024-03-14,57.369998931884766,58.130001068115234,57.119998931884766,57.869998931884766,24851100
2024-03-15,57.5099983215332,58.29999923706055,56.86000061035156,56.86000061035156,40782800
2024-03-18,57.77000045776367,57.83000183105469,57.11000061035156,57.599998474121094,16376500
2024-03-19,57.0099983215332,57.939998626708984,56.91999816894531,57.650001525878906,14504800
2024-03-20,57.29999923706055,57.5099983215332,56.279998779296875,56.619998931884766,22841600
2024-03-21,57.849998474121094,58.119998931884766,57.45000076293945,57.59000015258789,18141700
2024-03-22,57.130001068115234,58.02000045776367,57.119998931884766,57.810001373291016,13736600
2024-03-25,56.72999954223633,57.33000183105469,56.369998931884766,57.08000183105469,15028200
2024-03-26,56.68000030517578,57.150001525878906,56.59000015258789,57.13999938964844,11445900
2024-03-27,57.61000061035156,57.63999938964844,56.380001068115234,56.380001068115234,13762800
2024-03-28,57.959999084472656,58.08000183105469,57.560001373291016,57.65999984741211,14619000
2024-04-01,57.61000061035156,57.880001068115234,57.2599983215332,57.880001068115234,11039500
2024-04-02,57.349998474121094,58.0,57.189998626708984,57.36000061035156,14632900
2024-04-03,57.130001068115234,57.959999084472656,56.849998474121094,57.20000076293945,13226500
2024-04-04,56.68000030517578,58.0,56.540000915527344,57.72999954223633,12361900
2024-04-05,57.400001525878906,57.619998931884766,56.56999969482422,56.630001068115234,11081000
2024-04-08,57.790000915527344,57.97999954223633,57.310001373291016,57.380001068115234,15308800
2024-04-09,57.58000183105469,57.9900016784668,56.869998931884766,57.70000076293945,10643800
2024-04-10,56.939998626708984,57.29999923706055,56.41999816894531,56.790000915527344,16475200
2024-04-11,56.689998626708984,57.0,55.630001068115234,56.97999954223633,18995600
2024-04-12,56.470001220703125,57.0,55.34000015258789,55.970001220703125,27876700
2024-04-15,56.970001220703125,57.97999954223633,56.7400016784668,57.61000061035156,19407500
2024-04-16,56.40999984741211,56.959999084472656,55.65999984741211,56.900001525878906,25620000
2024-04-17,57.18000030517578,57.630001068115234,56.650001525878906,56.880001068115234,18867700
2024-04-18,58.7400016784668,59.130001068115234,57.220001220703125,57.630001068115234,24468500
2024-04-19,60.349998474121094,60.849998474121094,58.86000061035156,59.0,34334300
2024-04-22,61.099998474121094,61.4900016784668,60.34000015258789,60.400001525878906,21753400
2024-04-23,60.939998626708984,61.7599983215332,60.810001373291016,61.16999816894531,21731200
2024-04-24,60.599998474121094,60.95000076293945,60.04999923706055,60.599998474121094,19731600
2024-04-25,59.93000030517578,60.959999084472656,59.599998474121094,60.61000061035156,24002500
2024-04-26,59.90999984741211,60.43000030517578,59.380001068115234,59.779998779296875,18785900
2024-04-29,59.79999923706055,60.29999923706055,59.36000061035156,59.86000061035156,15338400
2024-04-30,59.31999969482422,59.9900016784668,59.29999923706055,59.599998474121094,18007700
2024-05-01,59.52000045776367,60.150001525878906,59.33000183105469,59.58000183105469,16365400
2024-05-02,59.83000183105469,60.150001525878906,59.31999969482422,60.119998931884766,15329500
2024-05-03,59.939998626708984,60.2599983215332,59.119998931884766,60.029998779296875,17298500
2024-05-06,60.189998626708984,60.880001068115234,59.84000015258789,60.470001220703125,16240100
2024-05-07,60.2599983215332,60.61000061035156,60.060001373291016,60.279998779296875,16268200
2024-05-08,61.22999954223633,61.43000030517578,60.099998474121094,60.150001525878906,18718400
2024-05-09,61.279998779296875,61.369998931884766,60.47999954223633,60.7400016784668,14224300
2024-05-10,61.88999938964844,61.970001220703125,61.459999084472656,61.459999084472656,14428200
2024-05-13,61.2599983215332,62.16999816894531,61.209999084472656,61.959999084472656,15203500
2024-05-14,61.88999938964844,61.9900016784668,61.02000045776367,61.560001373291016,14499600
2024-05-15,62.34000015258789,62.54999923706055,61.869998931884766,62.20000076293945,17489600
2024-05-16,61.060001373291016,62.47999954223633,60.970001220703125,62.45000076293945,21104100
2024-05-17,61.08000183105469,61.630001068115234,60.88999938964844,61.40999984741211,15795800
2024-05-20,60.70000076293945,61.790000915527344,60.59000015258789,60.97999954223633,15029000
2024-05-21,61.459999084472656,61.70000076293945,60.779998779296875,60.81999969482422,18422100
2024-05-22,60.93000030517578,61.45000076293945,60.5099983215332,61.29999923706055,10340500
2024-05-23,59.68000030517578,60.779998779296875,59.36000061035156,60.75,13056100
2024-05-24,60.209999084472656,60.38999938964844,59.869998931884766,60.040000915527344,9913000
2024-05-28,59.47999954223633,60.18000030517578,59.189998626708984,59.970001220703125,11276300
2024-05-29,58.75,58.939998626708984,58.41999816894531,58.869998931884766,12835000
2024-05-30,59.209999084472656,59.38999938964844,58.599998474121094,58.81999969482422,13580800
2024-05-31,59.91999816894531,59.9900016784668,58.970001220703125,59.27000045776367,25386600
2024-06-03,59.34000015258789,60.20000076293945,58.599998474121094,60.20000076293945,13206500
2024-06-04,58.70000076293945,59.47999954223633,58.34000015258789,58.81999969482422,12520700
2024-06-05,58.68000030517578,58.91999816894531,58.130001068115234,58.86000061035156,11199100
2024-06-06,57.72999954223633,59.0,57.5,58.779998779296875,18587400
2024-06-07,58.36000061035156,58.68000030517578,57.56999969482422,57.56999969482422,14466700
2024-06-10,57.93000030517578,58.130001068115234,57.369998931884766,57.900001525878906,12787500
2024-06-11,57.130001068115234,57.75,56.5099983215332,57.75,19197800
2024-06-12,57.29999923706055,58.45000076293945,57.15999984741211,58.279998779296875,16929800
2024-06-13,57.27000045776367,57.619998931884766,56.689998626708984,57.45000076293945,15963700
2024-06-14,57.400001525878906,57.61000061035156,56.619998931884766,56.9900016784668,15375400
2024-06-17,58.2400016784668,58.25,57.06999969482422,57.209999084472656,18361100
2024-06-18,59.04999923706055,59.04999923706055,57.900001525878906,58.209999084472656,15547400
2024-06-20,58.959999084472656,59.20000076293945,58.59000015258789,58.7400016784668,11985500
2024-06-21,58.099998474121094,58.459999084472656,57.31999969482422,58.29999923706055,62732600
2024-06-24,59.0099983215332,59.459999084472656,58.27000045776367,58.4900016784668,16198300
2024-06-25,57.20000076293945,59.0,57.18000030517578,58.77000045776367,26726900
2024-06-26,57.0099983215332,57.79999923706055,56.83000183105469,57.220001220703125,30425700
2024-06-27,57.41999816894531,57.470001220703125,56.33000183105469,56.40999984741211,13832200
2024-06-28,59.38999938964844,59.45000076293945,58.09000015258789,58.09000015258789,31074500
2024-07-01,60.59000015258789,60.61000061035156,59.56999969482422,59.61000061035156,14470200
2024-07-02,60.970001220703125,61.18000030517578,60.13999938964844,60.4900016784668,9543700
2024-07-03,60.65999984741211,61.13999938964844,60.15999984741211,61.0,6698800
2024-07-05,59.619998931884766,60.65999984741211,59.11000061035156,60.5,11436300
2024-07-08,59.0099983215332,60.40999984741211,58.65999984741211,59.970001220703125,12480000
2024-07-09,59.880001068115234,60.41999816894531,58.91999816894531,59.08000183105469,12233800
2024-07-10,59.720001220703125,59.9900016784668,59.380001068115234,59.540000915527344,12097200
2024-07-11,60.15999984741211,60.709999084472656,59.279998779296875,59.400001525878906,16852800
2024-07-12,56.540000915527344,56.91999816894531,55.599998474121094,56.20000076293945,53042800
2024-07-15,57.72999954223633,58.2400016784668,57.040000915527344,57.04999923706055,27277300
2024-07-16,60.2400016784668,60.619998931884766,57.529998779296875,58.040000915527344,25577300
2024-07-17,60.90999984741211,61.0,59.88999938964844,60.15999984741211,17371100
2024-07-18,59.2400016784668,60.81999969482422,58.9900016784668,60.619998931884766,17739000
2024-07-19,59.22999954223633,59.77000045776367,59.11000061035156,59.29999923706055,12362800
2024-07-22,59.13999938964844,59.38999938964844,58.540000915527344,59.2599983215332,13638600
2024-07-23,59.66999816894531,59.90999984741211,59.040000915527344,59.20000076293945,10927800
2024-07-24,59.439998626708984,60.209999084472656,59.369998931884766,59.77000045776367,10777100
2024-07-25,59.70000076293945,60.72999954223633,59.45000076293945,59.560001373291016,14119600
2024-07-26,60.38999938964844,60.45000076293945,59.56999969482422,59.849998474121094,12538900
2024-07-29,59.59000015258789,60.83000183105469,59.349998474121094,60.7400016784668,8986200
2024-07-30,60.0099983215332,60.72999954223633,59.88999938964844,60.459999084472656,11503900
2024-07-31,59.34000015258789,60.119998931884766,59.20000076293945,59.81999969482422,11535800
2024-08-01,56.880001068115234,59.34000015258789,56.52000045776367,59.2599983215332,17752700
2024-08-02,53.2599983215332,55.56999969482422,52.79999923706055,55.18000030517578,27642600
2024-08-05,52.119998931884766,52.400001525878906,50.150001525878906,51.29999923706055,28594000
2024-08-06,52.36000061035156,52.959999084472656,52.04999923706055,52.279998779296875,18723500
2024-08-07,52.290000915527344,53.4900016784668,52.150001525878906,53.150001525878906,18407500
2024-08-08,52.7599983215332,53.31999969482422,52.650001525878906,52.970001220703125,16176000
2024-08-09,52.7599983215332,52.83000183105469,52.06999969482422,52.29999923706055,11669000
2024-08-12,52.060001373291016,53.470001220703125,51.68000030517578,52.90999984741211,18090100
2024-08-13,52.869998931884766,52.959999084472656,51.810001373291016,52.36000061035156,12268600
2024-08-14,53.65999984741211,53.779998779296875,52.720001220703125,53.029998779296875,13217200
2024-08-15,54.56999969482422,55.16999816894531,54.43000030517578,54.5,16549400
2024-08-16,55.33000183105469,55.43000030517578,54.61000061035156,54.779998779296875,19173900
2024-08-19,56.45000076293945,56.459999084472656,55.2599983215332,55.349998474121094,12792900
2024-08-20,56.150001525878906,56.720001220703125,55.91999816894531,56.029998779296875,12533500
2024-08-21,55.459999084472656,56.45000076293945,55.20000076293945,56.439998626708984,13691700
2024-08-22,55.959999084472656,56.369998931884766,55.65999984741211,55.70000076293945,15683000
2024-08-23,56.70000076293945,57.400001525878906,56.31999969482422,56.41999816894531,17074400
2024-08-26,56.720001220703125,57.150001525878906,56.540000915527344,57.02000045776367,9478800
2024-08-27,56.2599983215332,56.91999816894531,56.15999984741211,56.709999084472656,7638500
2024-08-28,57.06999969482422,57.36000061035156,56.029998779296875,56.060001373291016,11905200
2024-08-29,57.349998474121094,57.77000045776367,56.5099983215332,57.310001373291016,9283300
2024-08-30,58.470001220703125,58.58000183105469,57.380001068115234,57.45000076293945,20377300
2024-09-03,58.369998931884766,58.95000076293945,57.900001525878906,58.619998931884766,15933600
2024-09-04,58.119998931884766,59.0,57.720001220703125,58.4900016784668,10985800
2024-09-05,56.86000061035156,58.68000030517578,56.540000915527344,58.619998931884766,18301000
2024-09-06,54.0,56.779998779296875,53.689998626708984,56.68000030517578,21853800
2024-09-09,54.59000015258789,55.08000183105469,54.43000030517578,54.72999954223633,17134800
2024-09-10,53.95000076293945,56.099998474121094,53.380001068115234,56.0,24650000
2024-09-11,53.72999954223633,53.86000061035156,52.43000030517578,53.720001220703125,17322000
2024-09-12,51.56999969482422,54.34000015258789,50.220001220703125,53.72999954223633,42594200
2024-09-13,52.779998779296875,53.040000915527344,51.75,51.86000061035156,24762000
2024-09-16,53.790000915527344,53.93000030517578,52.810001373291016,52.810001373291016,18066200
2024-09-17,54.5099983215332,55.06999969482422,53.970001220703125,53.970001220703125,15885200
2024-09-18,54.2599983215332,55.189998626708984,54.099998474121094,54.459999084472656,20109000
2024-09-19,55.79999923706055,56.0099983215332,54.650001525878906,55.0099983215332,21399000
2024-09-20,56.290000915527344,56.290000915527344,54.880001068115234,55.349998474121094,45276000
2024-09-23,55.11000061035156,56.52000045776367,54.900001525878906,56.2599983215332,14759300
2024-09-24,54.15999984741211,55.189998626708984,53.790000915527344,55.119998931884766,16365600
2024-09-25,53.61000061035156,54.33000183105469,53.40999984741211,54.279998779296875,10555700
2024-09-26,56.38999938964844,57.11000061035156,53.31999969482422,54.040000915527344,34463400
2024-09-27,55.900001525878906,56.619998931884766,55.79999923706055,56.619998931884766,13530400
2024-09-30,56.4900016784668,56.52000045776367,55.47999954223633,55.65999984741211,16284200
2024-10-01,55.38999938964844,56.029998779296875,55.20000076293945,56.0,11069400
2024-10-02,55.29999923706055,55.810001373291016,54.91999816894531,55.33000183105469,9007200
2024-10-03,54.97999954223633,55.209999084472656,54.40999984741211,55.08000183105469,8135300
2024-10-04,56.959999084472656,57.130001068115234,55.97999954223633,55.9900016784668,14582800
2024-10-07,57.15999984741211,57.630001068115234,56.79999923706055,57.22999954223633,11177800
2024-10-08,57.29999923706055,58.279998779296875,57.27000045776367,58.279998779296875,12073000
2024-10-09,57.540000915527344,57.72999954223633,57.06999969482422,57.31999969482422,12415300
2024-10-10,57.75,58.38999938964844,57.349998474121094,57.720001220703125,12744000
2024-10-11,60.9900016784668,61.720001220703125,59.91999816894531,59.959999084472656,37049200
2024-10-14,62.15999984741211,63.349998474121094,60.939998626708984,61.27000045776367,30758800
2024-10-15,63.029998779296875,63.81999969482422,62.22999954223633,62.90999984741211,24693400
2024-10-16,63.88999938964844,64.08000183105469,63.119998931884766,63.2400016784668,17412600
2024-10-17,64.37999725341797,64.72000122070312,63.5,64.48999786376953,15073500
2024-10-18,64.36000061035156,64.77999877929688,63.83000183105469,64.41000366210938,19234000
2024-10-21,64.0199966430664,64.69000244140625,63.91999816894531,64.4800033569336,15603400
2024-10-22,64.80999755859375,65.20999908447266,64.0,64.0199966430664,26164900
2024-10-23,64.55999755859375,65.05000305175781,63.86000061035156,64.7699966430664,18380900
2024-10-24,65.43000030517578,65.56999969482422,64.33000183105469,64.61000061035156,18393300
2024-10-25,64.52999877929688,65.94999694824219,64.25,65.8499984741211,14855500
2024-10-28,65.61000061035156,65.75,64.80999755859375,65.0,16158900
2024-10-29,65.30000305175781,66.0,65.23999786376953,65.48999786376953,13205500
2024-10-30,65.41000366210938,66.4000015258789,65.12999725341797,65.12999725341797,16021700
2024-10-31,64.91999816894531,65.75,64.62999725341797,65.0999984741211,12963200
2024-11-01,64.68000030517578,65.58000183105469,64.62000274658203,65.22000122070312,13313900
2024-11-04,63.70000076293945,64.6500015258789,63.04999923706055,64.55999755859375,12607400
2024-11-05,64.06999969482422,64.5,63.619998931884766,64.0,13447200
2024-11-06,72.47000122070312,74.2699966430664,69.94999694824219,73.30000305175781,63689100
2024-11-07,69.81999969482422,71.66999816894531,69.73999786376953,71.63999938964844,18681200
2024-11-08,70.04000091552734,70.12999725341797,69.36000061035156,70.01000213623047,14270900
2024-11-11,72.55999755859375,73.25,71.0199966430664,71.0199966430664,17117800
2024-11-12,72.5999984741211,73.37000274658203,72.11000061035156,72.77999877929688,17848200
2024-11-13,72.7699966430664,73.95999908447266,72.66000366210938,72.75,18823000
2024-11-14,72.80000305175781,73.47000122070312,72.51000213623047,72.8499984741211,13654800
2024-11-15,74.33999633789062,74.41000366210938,72.88999938964844,73.0,18837000
2024-11-18,74.08999633789062,74.69999694824219,73.72000122070312,74.5,18439600
2024-11-19,73.43000030517578,74.16000366210938,73.12999725341797,73.62000274658203,15412900
2024-11-20,73.58000183105469,73.77999877929688,72.43000030517578,73.66999816894531,14415400
2024-11-21,74.83000183105469,76.04000091552734,73.94000244140625,73.94000244140625,20068200
2024-11-22,75.95999908447266,76.08000183105469,74.55000305175781,74.56999969482422,14997400
2024-11-25,76.9000015258789,77.30999755859375,75.97000122070312,76.19999694824219,28636600
2024-11-26,77.3499984741211,78.12999725341797,76.36000061035156,77.5,19139100
2024-11-27,77.20999908447266,77.79000091552734,76.43000030517578,77.37000274658203,19793900
2024-11-29,76.16999816894531,78.04000091552734,76.13999938964844,77.69000244140625,9785000
2024-12-02,75.27999877929688,76.94999694824219,74.80000305175781,76.94999694824219,18274500
2024-12-03,74.13999938964844,75.8499984741211,74.0199966430664,75.80999755859375,15047900
2024-12-04,73.05999755859375,74.25,72.70999908447266,74.05000305175781,14301100
2024-12-05,73.66000366210938,74.61000061035156,73.0999984741211,73.4000015258789,17766700
2024-12-06,74.33000183105469,74.72000122070312,73.7300033569336,73.98999786376953,14798100
2024-12-09,72.62000274658203,74.55000305175781,72.41999816894531,74.30999755859375,15517500
2024-12-10,72.05000305175781,73.5,71.9000015258789,73.5,12277100
2024-12-11,71.5999984741211,72.91999816894531,71.44999694824219,72.58999633789062,11867400
2024-12-12,70.80000305175781,72.05999755859375,70.79000091552734,71.87999725341797,12446700
2024-12-13,70.44000244140625,71.05000305175781,70.0199966430664,70.8499984741211,16794500
2024-12-16,71.9800033569336,72.29000091552734,69.81999969482422,70.47000122070312,24602500
2024-12-17,70.80999755859375,71.54000091552734,70.37999725341797,71.05000305175781,15595900
2024-12-18,68.76000213623047,71.5,68.61000061035156,70.61000061035156,21201200
2024-12-19,68.8499984741211,70.69000244140625,68.66999816894531,69.4000015258789,16444600
2024-12-20,70.33999633789062,71.04000091552734,68.7699966430664,69.16999816894531,50113400
2024-12-23,70.54000091552734,70.69000244140625,69.62000274658203,69.72000122070312,11817000
2024-12-24,71.58999633789062,71.58999633789062,70.54000091552734,70.66999816894531,4442700
2024-12-26,71.76000213623047,71.83999633789062,71.11000061035156,71.43000030517578,6964300
2024-12-27,71.11000061035156,71.73999786376953,70.62999725341797,71.18000030517578,7219500
2024-12-30,70.41000366210938,70.80000305175781,69.7699966430664,70.41000366210938,8443800
2024-12-31,70.23999786376953,70.91999816894531,70.05999755859375,70.52999877929688,7031500
2025-01-02,70.19000244140625,71.20999908447266,69.76000213623047,70.4800033569336,8303300
2025-01-03,71.30999755859375,71.41999816894531,69.73999786376953,70.3499984741211,9152800
2025-01-06,72.02999877929688,73.25,71.52999877929688,71.93000030517578,15565600
2025-01-07,71.58999633789062,73.12999725341797,71.51000213623047,72.97000122070312,13522000
2025-01-08,71.56999969482422,72.08000183105469,71.05999755859375,71.51000213623047,16544700
2025-01-10,69.95999908447266,70.93000030517578,69.33999633789062,70.9000015258789,14466600
2025-01-13,70.52999877929688,70.61000061035156,69.55999755859375,69.9000015258789,10439800
2025-01-14,71.19000244140625,71.45999908447266,70.29000091552734,71.45999908447266,21909800
2025-01-15,75.94999694824219,76.81999969482422,73.6500015258789,75.36000061035156,33482900
2025-01-16,75.94999694824219,76.44000244140625,74.69000244140625,75.8499984741211,22897900
2025-01-17,77.08000183105469,77.25,75.5,75.9800033569336,20673700
2025-01-21,77.8499984741211,78.29000091552734,77.33000183105469,77.69000244140625,21057700
2025-01-22,77.54000091552734,77.80999755859375,76.86000061035156,77.56999969482422,11669500
2025-01-23,77.43000030517578,78.30000305175781,77.02999877929688,77.70999908447266,12981800
2025-01-24,77.31999969482422,77.6500015258789,77.0,77.0,10393200
2025-01-27,77.94000244140625,78.04000091552734,76.88999938964844,77.4000015258789,10637100
2025-01-28,77.87999725341797,78.1500015258789,77.16999816894531,77.87000274658203,11562000
2025-01-29,78.37000274658203,78.9800033569336,77.61000061035156,77.75,9175400
2025-01-30,78.81999969482422,79.23999786376953,78.08000183105469,79.1500015258789,11276000
2025-01-31,78.80000305175781,79.29000091552734,78.30999755859375,78.69000244140625,14980600
2025-02-03,78.13999938964844,78.51000213623047,77.0199966430664,77.2300033569336,12395200
2025-02-04,79.47000122070312,79.8499984741211,78.44000244140625,79.83999633789062,14665200
2025-02-05,80.05000305175781,80.3499984741211,79.18000030517578,79.66000366210938,17931000
2025-02-06,81.41999816894531,81.5,79.91000366210938,80.5,16988900
2025-02-07,80.66999816894531,81.30000305175781,79.08999633789062,81.2699966430664,17951400
2025-02-10,79.0999984741211,80.56999969482422,78.25,80.45999908447266,18357400
2025-02-11,79.63999938964844,79.97000122070312,77.80999755859375,78.7699966430664,16682800
2025-02-12,79.25,79.72000122070312,78.83000183105469,79.19999694824219,13440500
2025-02-13,78.8499984741211,79.66000366210938,78.61000061035156,79.43000030517578,10093400
2025-02-14,79.9800033569336,80.33999633789062,78.88999938964844,79.2300033569336,17521300
2025-02-18,80.77999877929688,80.94999694824219,79.48999786376953,79.98999786376953,15318300
2025-02-19,80.3499984741211,80.6500015258789,79.97000122070312,80.31999969482422,13917400
2025-02-20,78.62999725341797,80.27999877929688,78.0199966430664,80.11000061035156,14807100
2025-02-21,77.5,79.44999694824219,77.33000183105469,78.91000366210938,18205400
2025-02-24,77.22000122070312,78.5199966430664,76.41000366210938,77.97000122070312,12989700
2025-02-25,76.0,78.04000091552734,74.93000030517578,77.87000274658203,15683000
2025-02-26,76.44999694824219,77.7699966430664,76.2699966430664,76.3499984741211,13466800
2025-02-27,76.62000274658203,77.91999816894531,76.37999725341797,76.98999786376953,13744400
2025-02-28,78.31999969482422,78.41999816894531,76.58999633789062,77.04000091552734,24698800
2025-03-03,77.02999877929688,78.9800033569336,76.31999969482422,78.86000061035156,18013400
2025-03-04,73.30000305175781,75.6500015258789,71.33999633789062,75.47000122070312,28858200
2025-03-05,74.16000366210938,74.62999725341797,72.44000244140625,73.20999908447266,20422000
2025-03-06,72.6500015258789,73.88999938964844,71.62999725341797,73.79000091552734,19460400
2025-03-07,71.05000305175781,72.25,68.0999984741211,72.25,21256900
2025-03-10,66.77999877929688,69.55000305175781,65.5199966430664,69.55000305175781,27582900
2025-03-11,67.27999877929688,68.01000213623047,65.79000091552734,66.83000183105469,24310700
2025-03-12,68.93000030517578,69.48999786376953,67.69999694824219,68.80000305175781,18462300
2025-03-13,68.45999908447266,69.72000122070312,68.30999755859375,69.62999725341797,17471500
2025-03-14,70.8499984741211,71.06999969482422,69.25,69.45999908447266,15762300
2025-03-17,70.83999633789062,71.55999755859375,70.08000183105469,70.47000122070312,11185000
2025-03-18,71.11000061035156,71.4800033569336,70.38999938964844,71.01000213623047,11102100
2025-03-19,72.76000213623047,73.83000183105469,70.83000183105469,71.13999938964844,14453200
2025-03-20,72.5199966430664,73.37000274658203,71.77999877929688,71.83999633789062,12388300
2025-03-21,72.5199966430664,72.77999877929688,71.1500015258789,71.95999908447266,32647100
2025-03-24,74.27999877929688,74.52999877929688,73.33999633789062,73.63999938964844,10688900
2025-03-25,74.23999786376953,74.66000366210938,73.83000183105469,74.47000122070312,9499100
2025-03-26,73.47000122070312,75.37999725341797,73.12000274658203,74.38999938964844,10848100
2025-03-27,72.27999877929688,73.56999969482422,72.22000122070312,73.56999969482422,10457600
2025-03-28,70.69000244140625,72.55000305175781,69.94999694824219,72.2699966430664,13555200
2025-03-31,71.79000091552734,72.06999969482422,69.55999755859375,69.9000015258789,14855300
2025-04-01,71.30999755859375,71.62999725341797,70.11000061035156,70.83999633789062,10661000
2025-04-02,72.26000213623047,72.47000122070312,70.22000122070312,70.55999755859375,8854100
2025-04-03,65.66999816894531,68.72000122070312,65.41000366210938,67.77999877929688,25880300
2025-04-04,60.97999954223633,63.56999969482422,59.709999084472656,62.75,31050800
2025-04-07,62.16999816894531,64.33000183105469,58.41999816894531,60.689998626708984,41305800
2025-04-08,62.08000183105469,65.62999725341797,60.880001068115234,64.69000244140625,27374200
2025-04-09,66.33000183105469,67.19000244140625,59.43000030517578,60.63999938964844,42744800
2025-04-10,63.11000061035156,65.0,61.4900016784668,64.94999694824219,29026000
2025-04-11,62.5099983215332,63.619998931884766,59.650001525878906,61.540000915527344,33867000
2025-04-14,63.099998474121094,64.01000213623047,62.400001525878906,63.15999984741211,28057800
2025-04-15,64.54000091552734,65.41999816894531,63.29999923706055,63.439998626708984,20903300
2025-04-16,63.97999954223633,64.9800033569336,63.369998931884766,63.88999938964844,17351000
2025-04-17,64.70999908447266,65.70999908447266,64.06999969482422,64.37999725341797,18961800
2025-04-21,64.01000213623047,65.16000366210938,63.400001525878906,64.19999694824219,17859100
2025-04-22,66.2300033569336,66.41000366210938,64.70999908447266,64.70999908447266,17536600
2025-04-23,67.94000244140625,69.5,67.44000244140625,67.44000244140625,20678800
2025-04-24,69.55999755859375,69.8499984741211,67.5,67.69999694824219,18420900
2025-04-25,69.7300033569336,70.19000244140625,69.0,69.06999969482422,17775900
2025-04-28,69.43000030517578,70.55999755859375,68.66999816894531,69.80999755859375,16694100
2025-04-29,71.0999984741211,71.33999633789062,68.94999694824219,68.94999694824219,24563600
2025-04-30,71.01000213623047,71.41000366210938,69.33000183105469,69.66999816894531,23953000
2025-05-01,71.80999755859375,72.47000122070312,70.43000030517578,70.76000213623047,19672500
2025-05-02,73.80000305175781,74.16000366210938,72.87000274658203,73.0,18347400
2025-05-05,73.8499984741211,74.88999938964844,73.04000091552734,73.3499984741211,16070400
2025-05-06,73.4800033569336,74.19000244140625,72.55999755859375,73.13999938964844,18095100
2025-05-07,73.18000030517578,74.30000305175781,72.9800033569336,73.5999984741211,14310300
2025-05-08,73.30999755859375,73.98999786376953,72.62999725341797,73.69000244140625,19957500
2025-05-09,72.44999694824219,73.23999786376953,72.02999877929688,73.13999938964844,11136900
2025-05-12,74.87999725341797,75.25,74.06999969482422,74.98999786376953,20425500
2025-05-13,75.98999786376953,76.58000183105469,74.97000122070312,75.44000244140625,13635100
2025-05-14,76.27999877929688,76.48999786376953,75.83000183105469,76.23999786376953,14067100
2025-05-15,75.58999633789062,76.5199966430664,75.31999969482422,76.05999755859375,15303900
2025-05-16,76.18000030517578,76.3499984741211,75.37000274658203,75.55999755859375,13864600
2025-05-19,76.05999755859375,76.41000366210938,75.43000030517578,75.5999984741211,12720500
2025-05-20,75.5199966430664,75.87000274658203,75.06999969482422,75.4800033569336,10655600
2025-05-21,73.19000244140625,75.12999725341797,73.08999633789062,74.94000244140625,17711300
2025-05-22,73.38999938964844,73.88999938964844,72.4800033569336,73.13999938964844,9717000
2025-05-23,72.83000183105469,73.19000244140625,71.9000015258789,71.9000015258789,9260900
2025-05-27,73.98999786376953,74.08999633789062,73.05000305175781,73.61000061035156,11014100
2025-05-28,73.7300033569336,74.36000061035156,73.33000183105469,74.19999694824219,8711100
2025-05-29,74.51000213623047,75.08000183105469,73.33000183105469,74.41000366210938,14016600
2025-05-30,74.77999877929688,74.80000305175781,73.7300033569336,74.19999694824219,17042000
2025-06-02,74.72000122070312,74.75,73.2699966430664,74.26000213623047,11237500
2025-06-03,75.6500015258789,75.83000183105469,74.37000274658203,74.72000122070312,13193500
2025-06-04,75.37999725341797,78.80000305175781,75.37999725341797,77.69999694824219,29578000
2025-06-05,74.9000015258789,75.76000213623047,74.18000030517578,75.61000061035156,20138400
2025-06-06,76.33000183105469,76.76000213623047,75.83000183105469,76.1500015258789,10988000
2025-06-09,76.45999908447266,76.69999694824219,75.93000030517578,76.55000305175781,13453200
2025-06-10,75.44999694824219,76.3499984741211,75.12999725341797,76.16000366210938,14892900
2025-06-11,74.93000030517578,75.72000122070312,74.56999969482422,75.54000091552734,16442400
2025-06-12,74.01000213623047,74.5199966430664,73.16999816894531,74.33000183105469,14522500
2025-06-13,72.36000061035156,73.79000091552734,71.93000030517578,72.91999816894531,21168300
2025-06-16,73.1500015258789,73.72000122070312,72.93000030517578,73.4000015258789,16231500
2025-06-17,72.5,73.20999908447266,72.30000305175781,72.77999877929688,14156800
2025-06-18,74.73999786376953,75.13999938964844,72.56999969482422,72.6500015258789,23498300
2025-06-20,75.4000015258789,75.77999877929688,75.06999969482422,75.23999786376953,27677500
2025-06-23,77.01000213623047,77.02999877929688,74.81999969482422,75.12999725341797,17375700
2025-06-24,78.11000061035156,78.75,77.72000122070312,77.72000122070312,16342300
2025-06-25,79.06999969482422,79.30999755859375,77.98999786376953,78.27999877929688,13954500
2025-06-26,79.95999908447266,80.0999984741211,79.19000244140625,79.44000244140625,18214800
2025-06-27,79.5,80.1500015258789,78.95999908447266,80.0,21324200
2025-06-30,80.12000274658203,81.0999984741211,79.91000366210938,80.4800033569336,21685800
2025-07-01,81.48999786376953,81.51000213623047,79.91000366210938,80.05000305175781,20967100
2025-07-02,82.36000061035156,82.4000015258789,81.25,81.91999816894531,15195100
2025-07-03,83.5999984741211,83.94999694824219,82.5,82.63999938964844,11237300
2025-07-07,82.33999633789062,83.58999633789062,81.5,82.97000122070312,18156000
2025-07-08,81.58999633789062,82.41999816894531,81.02999877929688,82.30000305175781,18303400
2025-07-09,81.79000091552734,82.5199966430664,81.45999908447266,82.43000030517578,16135400
2025-07-10,82.36000061035156,82.73999786376953,81.61000061035156,81.61000061035156,14348100
2025-07-11,82.55000305175781,82.68000030517578,81.43000030517578,81.75,12583100
2025-07-14,83.43000030517578,83.5199966430664,82.12000274658203,82.19999694824219,20194200
2025-07-15,78.86000061035156,81.08000183105469,77.72000122070312,80.75,53938000
2025-07-16,79.91000366210938,80.08000183105469,78.20999908447266,78.88999938964844,30567500
2025-07-17,79.70999908447266,80.6500015258789,79.0999984741211,79.45999908447266,21837600
2025-07-18,80.63999938964844,80.7699966430664,78.87999725341797,79.8499984741211,21236000
2025-07-21,80.27999877929688,81.45999908447266,80.16999816894531,80.75,14506600
2025-07-22,82.37999725341797,82.58999633789062,80.27999877929688,80.27999877929688,22437000
2025-07-23,83.69999694824219,83.93000030517578,82.61000061035156,83.0,19379200
2025-07-24,83.87000274658203,84.83000183105469,83.12000274658203,83.83999633789062,19031200
2025-07-25,84.31999969482422,84.45999908447266,83.2300033569336,84.12000274658203,14072400
2025-07-28,83.06999969482422,84.5,82.70999908447266,84.31999969482422,10627100
2025-07-29,82.6500015258789,83.69999694824219,82.19999694824219,83.62999725341797,12478200
2025-07-30,81.77999877929688,83.08999633789062,81.30999755859375,82.98999786376953,15579100
2025-07-31,80.62999725341797,81.93000030517578,80.33000183105469,81.3499984741211,14813900
2025-08-01,77.77999877929688,79.3499984741211,77.4000015258789,79.19000244140625,16071300
2025-08-04,77.58000183105469,78.52999877929688,76.91000366210938,78.5199966430664,13892100
2025-08-05,77.95999908447266,78.3499984741211,76.16000366210938,78.33999633789062,15765100
2025-08-06,77.61000061035156,78.81999969482422,77.55999755859375,77.91000366210938,14157000
2025-08-07,77.05000305175781,78.30000305175781,76.77999877929688,78.27999877929688,13105600
2025-08-08,77.8499984741211,78.18000030517578,76.3499984741211,77.11000061035156,14123000
2025-08-11,77.58999633789062,78.08999633789062,77.2300033569336,78.01000213623047,14408100
2025-08-12,79.4800033569336,79.55999755859375,78.1500015258789,78.22000122070312,14365200
2025-08-13,77.88999938964844,79.72000122070312,77.0999984741211,79.68000030517578,14415100
2025-08-14,79.41000366210938,79.58000183105469,77.70999908447266,78.27999877929688,16051500
2025-08-15,77.0999984741211,79.6500015258789,77.01000213623047,79.54000091552734,15380400
2025-08-18,77.44000244140625,77.5999984741211,76.91000366210938,76.98999786376953,11660900
2025-08-19,77.52999877929688,77.7699966430664,77.02999877929688,77.16000366210938,10118500
2025-08-20,78.16000366210938,78.4800033569336,76.58999633789062,77.47000122070312,12101900
2025-08-21,77.83000183105469,78.06999969482422,77.08000183105469,77.87999725341797,9102700
2025-08-22,79.0999984741211,79.30999755859375,78.12999725341797,78.33999633789062,11282600
2025-08-25,80.19000244140625,80.5,78.87000274658203,78.87999725341797,12017000
2025-08-26,81.51000213623047,81.62999725341797,79.77999877929688,79.81999969482422,14936600
2025-08-27,82.5,83.20999908447266,81.23999786376953,81.26000213623047,15567700
2025-08-28,81.9800033569336,83.12999725341797,81.91999816894531,82.87999725341797,13963200
2025-08-29,82.18000030517578,82.80999755859375,81.80000305175781,81.97000122070312,12041200
2025-09-02,81.77999877929688,81.81999969482422,80.44000244140625,81.70999908447266,13326000
2025-09-03,80.51000213623047,82.01000213623047,80.0199966430664,81.7300033569336,11174000
2025-09-04,81.83000183105469,82.12999725341797,80.22000122070312,80.75,10822300
2025-09-05,78.95999908447266,82.0199966430664,78.69999694824219,81.63999938964844,20661400
2025-09-08,79.13999938964844,79.79000091552734,78.55999755859375,78.98999786376953,17107000
2025-09-09,80.76000213623047,81.45999908447266,79.0,79.30999755859375,17157300
2025-09-10,80.30000305175781,81.23999786376953,79.91000366210938,80.66000366210938,16460200
2025-09-11,81.25,81.38999938964844,79.77999877929688,80.19999694824219,17785800
2025-09-12,81.45999908447266,81.63999938964844,80.79000091552734,81.0999984741211,10498300
2025-09-15,81.41000366210938,81.81999969482422,81.12999725341797,81.61000061035156,9563200
2025-09-16,81.38999938964844,81.61000061035156,80.08000183105469,81.55999755859375,10705900
2025-09-17,82.4800033569336,82.72000122070312,80.54000091552734,81.22000122070312,14746100
2025-09-18,83.5,83.5199966430664,81.94000244140625,82.56999969482422,13021100
2025-09-19,84.63999938964844,84.93000030517578,82.93000030517578,83.83000183105469,36482400
2025-09-22,85.16000366210938,85.27999877929688,83.73999786376953,83.87999725341797,14545000
2025-09-23,84.37000274658203,86.66000366210938,83.66999816894531,85.1500015258789,14818500
2025-09-24,84.11000061035156,85.37000274658203,83.66000366210938,84.6500015258789,9478700
2025-09-25,84.31999969482422,84.66000366210938,83.55999755859375,83.69000244140625,8514900
2025-09-26,85.01000213623047,85.63999938964844,84.55999755859375,84.69000244140625,8502600
2025-09-29,84.6500015258789,85.19000244140625,84.04000091552734,84.69999694824219,9833700
2025-09-30,83.81999969482422,85.12000274658203,82.66000366210938,84.66000366210938,11429000
2025-10-01,80.87000274658203,83.5999984741211,80.7699966430664,83.0999984741211,16961900
2025-10-02,80.5,81.05000305175781,80.04000091552734,80.69999694824219,11420000
2025-10-03,80.66999816894531,81.69000244140625,80.44000244140625,81.0199966430664,10124900
2025-10-06,80.69000244140625,81.45999908447266,79.56999969482422,80.55999755859375,12837700
2025-10-07,81.13999938964844,81.36000061035156,80.54000091552734,80.87000274658203,10371300
2025-10-08,79.7300033569336,81.33000183105469,79.54000091552734,81.26000213623047,11277400
2025-10-09,79.88999938964844,80.75,79.41999816894531,79.91000366210938,8432200
2025-10-10,77.62000274658203,80.44000244140625,77.62000274658203,79.61000061035156,16004300
2025-10-13,78.91999816894531,79.2300033569336,78.27999877929688,78.73999786376953,14229300
2025-10-14,84.55999755859375,86.05999755859375,80.38999938964844,82.5199966430664,36260600
2025-10-15,86.45999908447266,87.47000122070312,85.16000366210938,85.16999816894531,22909400
2025-10-16,84.0,87.43000030517578,83.0,86.98999786376953,22715600
2025-10-17,83.27999877929688,84.52999877929688,82.30999755859375,84.44999694824219,18799000
2025-10-20,86.0199966430664,86.13999938964844,83.08999633789062,83.62000274658203,15777200
2025-10-21,84.76000213623047,87.30999755859375,84.66000366210938,86.12000274658203,20101100
2025-10-22,83.87999725341797,85.16000366210938,83.13999938964844,85.1500015258789,18955000
2025-10-23,84.45999908447266,85.4800033569336,83.75,84.30999755859375,14157800
2025-10-24,86.41000366210938,86.87999725341797,84.76000213623047,84.80000305175781,14011400
2025-10-27,87.01000213623047,87.33999633789062,86.30999755859375,86.9000015258789,11682000
2025-10-28,86.9000015258789,87.30000305175781,85.77999877929688,87.05999755859375,13201000
2025-10-29,86.0,87.23999786376953,85.66999816894531,86.81999969482422,16444400
2025-10-30,85.98999786376953,87.26000213623047,85.87999725341797,86.08000183105469,14830000
2025-10-31,86.97000122070312,87.3499984741211,85.01000213623047,85.4800033569336,14776700
2025-11-03,87.30000305175781,87.88999938964844,85.8499984741211,87.13999938964844,12769300
2025-11-04,87.12999725341797,88.5,85.87999725341797,87.0,16737700
2025-11-05,86.94999694824219,88.30000305175781,85.91000366210938,87.37999725341797,15609400
2025-11-06,86.04000091552734,87.33999633789062,85.5199966430664,86.9000015258789,16800200
2025-11-07,86.04000091552734,86.08999633789062,84.04000091552734,85.11000061035156,15612100
2025-11-10,86.0999984741211,87.0,85.44999694824219,86.29000091552734,13138200
2025-11-11,86.19000244140625,87.05999755859375,86.05000305175781,86.11000061035156,13851500
2025-11-12,86.26000213623047,88.63999938964844,85.94000244140625,86.30999755859375,16775200
2025-11-13,84.69999694824219,86.88999938964844,84.47000122070312,86.16000366210938,15708000
2025-11-14,85.05000305175781,85.3499984741211,82.95999908447266,84.44999694824219,15397300
2025-11-17,83.41999816894531,85.05000305175781,82.54000091552734,84.69000244140625,14457100
2025-11-18,83.86000061035156,84.76000213623047,82.93000030517578,83.41999816894531,14233900
2025-11-19,84.16000366210938,84.81999969482422,83.61000061035156,83.9800033569336,10959600
2025-11-20,82.4000015258789,86.04000091552734,82.31999969482422,85.05999755859375,12135800
2025-11-21,83.11000061035156,83.62999725341797,81.05000305175781,82.7699966430664,16169500
2025-11-24,84.66000366210938,85.08999633789062,82.41000366210938,83.08999633789062,27574500
2025-11-25,85.0999984741211,85.54000091552734,83.61000061035156,84.52999877929688,12966400
2025-11-26,85.55999755859375,86.38999938964844,85.12999725341797,85.41999816894531,9304300
2025-11-28,85.8499984741211,86.5199966430664,85.30999755859375,85.63999938964844,6545000
2025-12-01,85.4000015258789,86.55999755859375,85.16999816894531,85.83000183105469,9794000
2025-12-02,86.31999969482422,86.79000091552734,85.27999877929688,85.69000244140625,9484000
2025-12-03,89.3499984741211,89.38999938964844,86.26000213623047,86.26000213623047,14439300
2025-12-04,90.20999908447266,90.62999725341797,89.31999969482422,89.4000015258789,13433000
2025-12-05,89.83000183105469,91.11000061035156,89.55000305175781,89.98999786376953,11210900
2025-12-08,90.05999755859375,91.0199966430664,89.1500015258789,89.83000183105469,13267300
2025-12-09,88.88999938964844,90.25,88.77999877929688,90.23999786376953,17101700
2025-12-10,90.69000244140625,90.87000274658203,88.19000244140625,88.94000244140625,22729100
2025-12-11,92.58999633789062,93.41999816894531,90.22000122070312,90.54000091552734,15505100
2025-12-12,92.76000213623047,93.41999816894531,92.12000274658203,93.12000274658203,12532800
2025-12-15,92.9000015258789,94.26000213623047,92.48999786376953,93.58000183105469,13885200
2025-12-16,92.19000244140625,93.16999816894531,91.43000030517578,93.08000183105469,12981100
2025-12-17,92.58999633789062,93.33000183105469,92.47000122070312,92.76000213623047,14819000
2025-12-18,91.4800033569336,93.88999938964844,91.29000091552734,93.02999877929688,11844100
2025-12-19,93.01000213623047,93.12999725341797,91.5999984741211,91.61000061035156,37783900
2025-12-22,94.27999877929688,94.38999938964844,93.05000305175781,93.19999694824219,9512300
2025-12-23,94.47000122070312,94.68000030517578,94.02999877929688,94.23999786376953,8642100
2025-12-24,95.30000305175781,95.8499984741211,94.47000122070312,94.6500015258789,5506800
2025-12-26,95.26000213623047,95.47000122070312,94.72000122070312,95.36000061035156,5169400
2025-12-29,94.5199966430664,95.61000061035156,94.37000274658203,95.36000061035156,8624200
2025-12-30,94.30999755859375,94.87999725341797,93.98999786376953,94.7300033569336,6417800
2025-12-31,93.19999694824219,94.68000030517578,93.12000274658203,94.5,7919300
2026-01-02,95.19999694824219,95.3499984741211,92.80999755859375,93.30000305175781,9242600
2026-01-05,96.37999725341797,97.76000213623047,94.9800033569336,95.08999633789062,14384000
2026-01-06,96.38999938964844,96.55000305175781,95.06999969482422,95.4000015258789,12329200
2026-01-07,94.29000091552734,95.88999938964844,93.6500015258789,95.70999908447266,14589500
2026-01-08,95.5999984741211,96.16000366210938,94.19000244140625,94.26000213623047,12406000
2026-01-09,95.94999694824219,96.56999969482422,95.26000213623047,95.80999755859375,10261300
2026-01-12,94.95999908447266,95.54000091552734,93.88999938964844,94.83000183105469,15958100
2026-01-13,93.55999755859375,95.75,93.05999755859375,95.29000091552734,21998600
2026-01-14,89.25,90.80000305175781,88.05999755859375,90.75,33803900
2026-01-15,88.95999908447266,89.91000366210938,88.36000061035156,89.33999633789062,21738600
2026-01-16,88.37999725341797,89.69000244140625,88.08000183105469,88.95999908447266,26981600
2026-01-20,86.66000366210938,88.63999938964844,86.27999877929688,87.26000213623047,19353500
2026-01-21,86.12000274658203,87.55999755859375,86.02999877929688,86.5,17606700
2026-01-22,88.04000091552734,89.0,86.43000030517578,86.43000030517578,19668900
2026-01-23,86.95999908447266,87.70999908447266,86.02999877929688,87.5,15227500
2026-01-26,88.05000305175781,88.29000091552734,87.0999984741211,87.0999984741211,13047400
2026-01-27,88.70999908447266,89.06999969482422,87.4800033569336,88.1500015258789,15105000
2026-01-28,88.02999877929688,89.05999755859375,86.83999633789062,88.62000274658203,16395700
2026-01-29,90.63999938964844,90.63999938964844,88.54000091552734,88.69000244140625,21497000
2026-01-30,90.48999786376953,91.05000305175781,89.75,90.20999908447266,18306900
2026-02-02,92.2699966430664,92.80000305175781,89.9000015258789,90.16000366210938,13835200
2026-02-03,92.30999755859375,94.79000091552734,91.9000015258789,92.70999908447266,18099000
2026-02-04,93.13999938964844,93.91000366210938,92.52999877929688,92.6500015258789,12382800
2026-02-05,92.01000213623047,93.05999755859375,90.91000366210938,92.8499984741211,12641300
2026-02-06,93.97000122070312,94.6500015258789,92.55999755859375,92.75,13205700
2026-02-09,94.61000061035156,95.08999633789062,89.0,93.75,20544800
2026-02-10,91.91000366210938,95.01000213623047,89.75,94.30999755859375,20148400
2026-02-11,88.94999694824219,93.08000183105469,88.5,92.6500015258789,15461700
2026-02-12,86.29000091552734,89.97000122070312,85.83000183105469,89.30999755859375,16858200
2026-02-13,86.9800033569336,87.44999694824219,85.08999633789062,85.68000030517578,12425000
2026-02-17,87.4000015258789,88.83999633789062,87.30999755859375,87.83000183105469,12361900
2026-02-18,88.55999755859375,89.4000015258789,87.6500015258789,87.81999969482422,8250900
2026-02-19,87.56999969482422,88.16000366210938,86.5999984741211,87.83999633789062,10427300
2026-02-20,88.69999694824219,88.70999908447266,86.13999938964844,87.36000061035156,14255000
2026-02-23,85.1500015258789,88.5999984741211,83.77999877929688,88.16999816894531,20607000
2026-02-24,84.56999969482422,85.19000244140625,82.47000122070312,84.4000015258789,18817700
2026-02-25,86.76000213623047,86.91999816894531,84.97000122070312,85.19000244140625,16620700
2026-02-26,86.30000305175781,88.31999969482422,85.58000183105469,86.88999938964844,18768400
2026-02-27,81.44999694824219,84.81999969482422,80.44999694824219,84.66999816894531,29145000
2026-03-02,82.58000183105469,83.06999969482422,78.94000244140625,79.1500015258789,21834300
2026-03-03,82.52999877929688,83.48999786376953,79.8499984741211,81.0,19018600
2026-03-04,83.93000030517578,84.04000091552734,82.02999877929688,82.69000244140625,18061200
2026-03-05,82.11000061035156,83.80000305175781,81.19000244140625,83.6500015258789,20939200
2026-03-06,80.41999816894531,80.56999969482422,77.94000244140625,80.26000213623047,16798900
2026-03-09,78.83000183105469,79.79000091552734,76.86000061035156,79.43000030517578,24959500
2026-03-10,78.30000305175781,79.80000305175781,77.44999694824219,78.94999694824219,18481700
2026-03-11,76.87999725341797,78.2300033569336,76.5,78.05000305175781,17497300
2026-03-12,75.25,75.54000091552734,74.6500015258789,75.4800033569336,24794100
2026-03-13,74.0999984741211,76.20999908447266,74.02999877929688,75.6500015258789,15496900
2026-03-16,75.75,75.88999938964844,74.37000274658203,74.83000183105469,17836300
2026-03-17,76.2300033569336,77.16999816894531,75.81999969482422,76.5,18173400
2026-03-18,76.19000244140625,76.88999938964844,75.80999755859375,75.80999755859375,12951200
2026-03-19,76.38999938964844,76.80000305175781,74.68000030517578,75.68000030517578,18744400
2026-03-20,77.5999984741211,77.91999816894531,76.20999908447266,76.4000015258789,40461100
2026-03-23,78.27999877929688,79.80000305175781,78.12000274658203,79.48999786376953,15320800
2026-03-24,79.61000061035156,80.47000122070312,77.58000183105469,77.62999725341797,19134300
2026-03-25,80.26000213623047,80.79000091552734,79.33000183105469,79.51000213623047,17213400
2026-03-26,79.0199966430664,80.30000305175781,78.72000122070312,79.88999938964844,15430500
2026-03-27,77.19000244140625,78.62999725341797,76.86000061035156,78.62000274658203,13674900
2026-03-30,76.80000305175781,78.22000122070312,76.48999786376953,77.87999725341797,14311500
2026-03-31,79.61000061035156,79.73999786376953,77.44999694824219,77.83000183105469,19097600
2026-04-01,80.56999969482422,81.69999694824219,80.18000030517578,81.19000244140625,14979400
2026-04-02,80.5999984741211,80.83999633789062,78.69000244140625,79.41000366210938,10001800
